American-English-File-Starter-SB.pdf,document,BQACAgQAAxkBAAMIaqKvwn5qXg0TUKJmvxzKl3oGUL4AAgcmAALgXAABUVyfGEfHCB32PQQ,0,115.05,Starter,2026-09-10T17:30:32.653144
American-English-File-Starter-SB.zip,document,BQACAgQAAxkBAAMJaqKvwmEltXZ-0au8H38Ca-6vV-oAAggmAALgXAABUdLt4G0M3l-9PQQ,0,185.34,Starter,2026-09-10T17:30:32.650194
American-English-File-Starter-WB.pdf,document,BQACAgQAAxkBAAMKaqKvwqiFArg3Av1h5CrpXvk61xsAAgkmAALgXAABUeYzNTE4hkDTPQQ,0,25.68,Starter,2026-09-10T17:30:32.654856
American-English-File-Starter-WB.zip,document,BQACAgQAAxkBAAMLaqKvwt_nvXVw5nz4qxfOoYe4t7cAAgomAALgXAABUWGeFrXzSeUBPQQ,0,24.6,Starter,2026-09-10T17:30:32.651439
American-English-File-Starter-TG.pdf,document,BQACAgQAAxkBAAMMaqKvwpUOmOxhtVcRbpz6hrmyYCUAAgsmAALgXAABUazgXNAnCSOqPQQ,0,24.66,Starter,2026-09-10T17:30:32.656688
AEFs-3e-Practical-English-Videos.zip,document,BQACAgQAAxkBAAMNaqKvwi6Zlj4-7tR3A0iqX8sruKsAAgwmAALgXAABUXVU172NoutHPQQ,0,237.33,Starter,2026-09-10T17:30:32.657613
AEFs-3e-Review-and-Check-Videos.zip,document,BQACAgQAAxkBAAMOaqKvwpKuEd8BdeTeS9ha0SHsjesAAg0mAALgXAABUXlS7o9YvE-3PQQ,0,49.86,Starter,2026-09-10T17:30:32.654110
AEFs-3e-Video-Listening-All-Video.zip,document,BQACAgQAAxkBAAMPaqKvwvcKJI0PYuGTjqv3h0q21pQAAg4mAALgXAABUd1hbyUEGiZBPQQ,0,168.91,Starter,2026-09-10T17:30:32.655738
American-English-File-Book1-SB.pdf,document,BQACAgQAAxkBAAMdaqKxE8DTtx-wT01gn8fIqgqImCEAAg8mAALgXAABUapxJeTS0wt6PQQ,0,90.65,Book1,2026-09-10T17:30:58.899137
American-English-File-Book1-SB.zip,document,BQACAgQAAxkBAAMeaqKxEzrBcqdVLHmyDWJb_kZdNOsAAhAmAALgXAABUa8bF_MiAAGpkD0E,0,197.22,Book1,2026-09-10T17:30:58.901362
American-English-File-Book1-WB.pdf,document,BQACAgQAAxkBAAMfaqKxE5DNQy7qyoQWb-A0w7O0wPkAAhEmAALgXAABURN85mYzheMvPQQ,0,39.46,Book1,2026-09-10T17:30:58.905522
American-English-File-Book1-WB.zip,document,BQACAgQAAxkBAAMgaqKxE1oyU8yzrk2j9tmZsJnD42QAAhImAALgXAABURSuop1wl-kAAT0E,0,29.26,Book1,2026-09-10T17:30:58.903188
American-English-File-Book1-TG.pdf,document,BQACAgQAAxkBAAMhaqKxE9TYI81fSbUfeweUKwphgGkAAhMmAALgXAABUebTQy-o2-gLPQQ,0,18.33,Book1,2026-09-10T17:30:58.895943
AEF1-3e-Practical-English-Videos.zip,document,BQACAgQAAxkBAAMiaqKxE783a8e9tPjYKGr9ISJqMu4AAhQmAALgXAABUeTHEgJWVpWcPQQ,0,852,Book1,2026-09-10T17:30:58.910756
AEF1-3e-Review-and-Check-Videos.zip,document,BQACAgQAAxkBAAMjaqKxE6BebIm-CMxqMWBnrjIhNR4AAhUmAALgXAABUYfd-pU4Og4fPQQ,0,197.58,Book1,2026-09-10T17:30:58.912537
AEF1-3e-Video-Listening-All-Video.zip,document,BQACAgQAAxkBAAMkaqKxE0HoFRPQZS40rP9N-eb_iqcAAhcmAALgXAABUbKsB5kHzNu8PQQ,0,478.66,Book1,2026-09-10T17:30:58.913480
AEF3e-Level-1-Video-script.pdf,document,BQACAgQAAxkBAAMlaqKxE61xAdxMZRq2pPao-rdkEycAAhgmAALgXAABUaPW-coWWDRqPQQ,0,0.61,Book1,2026-09-10T17:30:58.908004
American-English-File-Book2-SB.pdf,document,BQACAgQAAxkBAAMpaqKxLI_zbSVhfos6yIW0LO6xgSwAAhkmAALgXAABUSqAbNp6CVtJPQQ,0,88.72,Book2,2026-09-10T17:31:24.279714
American-English-File-Book2-SB.zip,document,BQACAgQAAxkBAAMqaqKxLLefiIDZxZnJIngRejADb6MAAhsmAALgXAABUa07-tfBUS9GPQQ,0,566.46,Book2,2026-09-10T17:31:24.282605
American-English-File-Book2-WB.pdf,document,BQACAgQAAxkBAAMraqKxLF4r9qZ2LQ0QCUyt2JNbKV8AAhwmAALgXAABURYou6u_VRSqPQQ,0,21.48,Book2,2026-09-10T17:31:24.287301
American-English-File-Book2-WB.zip,document,BQACAgQAAxkBAAMsaqKxLCXwMOazsGdagyk10j2oQP4AAh0mAALgXAABUUOBvLmerDY4PQQ,0,27.73,Book2,2026-09-10T17:31:24.283356
American-English-File-Book2-TG.pdf,document,BQACAgQAAxkBAAMtaqKxLDvylVRq9bNk6t_DTMivAAFkAAIeJgAC4FwAAVEKy_gw_-5bgz0E,0,23.59,Book2,2026-09-10T17:31:24.284247
AEF2-3e-Practical-English-Videos.zip,document,BQACAgQAAxkBAAMuaqKxLJ-xmbO1uWm0vnF3D6QeyE8AAh8mAALgXAABUUN6ids8nBA9PQQ,0,750.14,Book2,2026-09-10T17:31:24.288386
AEF2-3e-Review-and-Check-Videos.zip,document,BQACAgQAAxkBAAMvaqKxLHDkYCRBO4kjb7jSENrwqb8AAiAmAALgXAABUXManc1-I7g3PQQ,0,211,Book2,2026-09-10T17:31:24.281486
AEF2-3e-Video-Listening-All-Video.zip,document,BQACAgQAAxkBAAMwaqKxLBKJclxC-prdt0wsaUsUBCYAAiEmAALgXAABUa06wkSP0D7dPQQ,0,750.76,Book2,2026-09-10T17:31:24.285269
AEF3e-Level-2-Video-script.pdf,document,BQACAgQAAxkBAAMxaqKxLFcfgpq3PMrXWDJzoLpeJ7MAAiImAALgXAABUTXFI4luqWS0PQQ,0,0.79,Book2,2026-09-10T17:31:24.286351
American-English-File-Book3-SB.pdf,document,BQACAgQAAxkBAAM1aqKxP_xphc595BFc3IPC0D2YjZ4AAiMmAALgXAABUZ6r3JW8ORKpPQQ,0,88.87,Book3,2026-09-10T17:31:42.891284
American-English-File-Book3-SB.zip,document,BQACAgQAAxkBAAM2aqKxP4zVQfUTE7q8YkmeZ080SigAAiQmAALgXAABUUc8K4b_gHgIPQQ,0,561.12,Book3,2026-09-10T17:31:42.878181
American-English-File-Book3-WB.pdf,document,BQACAgQAAxkBAAM3aqKxP7OCesD0S3SZ4YlaDCLI5HoAAiUmAALgXAABUSjHclgbRXXsPQQ,0,16.98,Book3,2026-09-10T17:31:42.889739
American-English-File-Book3-WB.zip,document,BQACAgQAAxkBAAM4aqKxP48lrHx3j6qmOa1-YtsML88AAiYmAALgXAABUYpbqrR88N41PQQ,0,17.76,Book3,2026-09-10T17:31:42.883887
American-English-File-Book3-TG.pdf,document,BQACAgQAAxkBAAM5aqKxP_CK1De9rBviSlb7tAL8JG0AAicmAALgXAABUSz9SerMJSesPQQ,0,17.95,Book3,2026-09-10T17:31:42.885879
AEF3-3e-Practical-English-Videos.zip,document,BQACAgQAAxkBAAM6aqKxPxhf5YItc9iSRBrykfIBCwQAAigmAALgXAABUcFg5U3Dm_eyPQQ,0,342.1,Book3,2026-09-10T17:31:42.888193
AEF3-3e-Review-and-Check-Videos.zip,document,BQACAgQAAxkBAAM7aqKxP6uYxAjQVv9cPRNmQLR5ZZgAAikmAALgXAABUfh8QKXe25-bPQQ,0,90.39,Book3,2026-09-10T17:31:42.893308
AEF3-3e-Video-Listening-All-Video.zip,document,BQACAgQAAxkBAAM8aqKxPx_JotVB_SqYaKChCDh8hzQAAiomAALgXAABUTC2OKNW2-bkPQQ,0,228.42,Book3,2026-09-10T17:31:42.881597
AEF3e-Level-3-Video-script.pdf,document,BQACAgQAAxkBAAM-aqKxTpE_SXyh2AoQTTFnQa479zUAAismAALgXAABUYkhN1ts_2XmPQQ,0,0.7,Book3,2026-09-10T17:31:57.793399
American-English-File-Book4-SB.pdf,document,BQACAgQAAxkBAANCaqKxa3ndeH2DrvgCV7qp558-UKgAAiwmAALgXAABUcrRaF_wJhV1PQQ,0,45.12,Book4,2026-09-10T17:32:27.411804
American-English-File-Book4-SB.zip,document,BQACAgQAAxkBAANDaqKxa4yZJbe4HzzTpBIVuQ0kiX0AAi8mAALgXAABUQyEuAeUgT_IPQQ,0,213.49,Book4,2026-09-10T17:32:27.406580
American-English-File-Book4-WB.zip,document,BQACAgQAAxkBAANFaqKxaw9yGx2J8HPeav2aYo02dbUAAjEmAALgXAABUfXW4E9EGaKZPQQ,0,19.74,Book4,2026-09-10T17:32:27.408386
American-English-File-Book4-WB.pdf,document,BQACAgQAAxkBAANEaqKxa-ila82rGgxGnU1xeJe_bjAAAjAmAALgXAABUU6ZR9suvrWSPQQ,0,21.09,Book4,2026-09-10T17:32:27.415437
American-English-File-Book4-TG.pdf,document,BQACAgQAAxkBAANGaqKxawtMd_23bZSW4WVN1m6cO_0AAjImAALgXAABUQtrETKGwxeHPQQ,0,7.87,Book4,2026-09-10T17:32:27.410244
AEF4-3e-Practical-English-Videos.zip,document,BQACAgQAAxkBAANHaqKxa4H_qg6la-bBOXIFZBPWxo8AAjMmAALgXAABUZCc929JiuYxPQQ,0,465.82,Book4,2026-09-10T17:32:27.413664
AEF4-3e-Review-and-Check-Videos.zip,document,BQACAgQAAxkBAANIaqKxa4caWlXCO-upplmF3JWMgX0AAjQmAALgXAABUWdMz0Puwac3PQQ,0,106.36,Book4,2026-09-10T17:32:27.416574
AEF4-3e-Video-Listening-All-Video.zip,document,BQACAgQAAxkBAANJaqKxa4cyEt5aVDqB6ah9jQAB9R0JAAI1JgAC4FwAAVEmLgxJRM9ixz0E,0,210.75,Book4,2026-09-10T17:32:27.401209
AEF3e_Level_4_Audio_script.zip,document,BQACAgQAAxkBAANKaqKxa7gAAXcZ-VXpwYYJ_oTlENNAAAI2JgAC4FwAAVHRh78DWNgDcj0E,0,0.87,Book4,2026-09-10T17:32:27.404402
American-English-File-Book5-SB.pdf,document,BQACAgQAAxkBAANOaqKxhk8cklY7hLcohvdkk5BrxhUAAjcmAALgXAABUe5T6u5Rzoh7PQQ,0,261.02,Book5,2026-09-10T17:32:54.226743
American-English-File-Book5-SB.zip,document,BQACAgQAAxkBAANPaqKxhmSLTeK3GH6PIWacx40QdJoAAjkmAALgXAABUeQ6tqfVEXQ3PQQ,0,297.51,Book5,2026-09-10T17:32:54.232600
American-English-File-Book5-WB.pdf,document,BQACAgQAAxkBAANQaqKxhvgcWk46UkmLGs8ZyiueUmAAAjsmAALgXAABUc67EPboCc_yPQQ,0,60.27,Book5,2026-09-10T17:32:54.227635
American-English-File-Book5-WB.zip,document,BQACAgQAAxkBAANRaqKxhi9nlhPjhQeLp6eZcIAK6qYAAjwmAALgXAABUXo6lV9D9J-OPQQ,0,72.08,Book5,2026-09-10T17:32:54.229358
American-English-File-Book5-TG.pdf,document,BQACAgQAAxkBAANSaqKxhj9HiHvsvtRCnIyrJ4f_f8QAAj0mAALgXAABURgoyoLr2fs0PQQ,0,11.03,Book5,2026-09-10T17:32:54.228466
AEF5-3e-Interview-Videos.zip,document,BQACAgQAAxkBAANTaqKxhtgdthFLLxskgUgbHek09MIAAlUfAAIiAxFRaqAfAyDMPKI9BA,0,427.58,Book5,2026-09-10T17:32:54.230140
AEF5-3e-Review-and-Check-Videos.zip,document,BQACAgQAAxkBAANUaqKxhqQENoDCbrR15-FZUY5nEK0AAlYfAAIiAxFRLCLTIAVIMQc9BA,0,130.35,Book5,2026-09-10T17:32:54.231733
AEF5-3e-On-the-Street-Videos.zip,document,BQACAgQAAxkBAANVaqKxhow_D-RlDrxZWMRx5bweF64AAmkfAAIiAxFRbs6NfDAXZH89BA,0,154.17,Book5,2026-09-10T17:32:54.230902
American English File 3e_5.mp4,video,BQACAgQAAxkBAANjaqKxv94nwdpdQXea8eq4lEoXoC8AAn4fAAIiAxFR_rPdLsCfN5k9BA,0,10.63,AEFs-3e-Practical-English-Videos,2026-09-10T17:33:51.742060
American English File 3e_25.mp4,video,BQACAgQAAxkBAANsaqKxv3oqenWe1t7Eid6A6ve4TDwAAo0fAAIiAxFRQhWSuOChEIM9BA,0,8.36,AEFs-3e-Practical-English-Videos,2026-09-10T17:33:51.745089
American English File 3e_3.mp4,video,BQACAgQAAxkBAANnaqKxv1p5Yp6_53YnYkfrVnRvlzQAAoQfAAIiAxFRo2OwMfm7Ths9BA,0,12.66,AEFs-3e-Practical-English-Videos,2026-09-10T17:33:51.747370
American English File 3e_16.mp4,video,BQACAgQAAxkBAANZaqKxv5RtWdjtXWEBpTtfZzN-s8AAAnAfAAIiAxFRxwkrSkFV28s9BA,0,5.76,AEFs-3e-Practical-English-Videos,2026-09-10T17:33:51.749118
American English File 3e_4.mp4,video,BQACAgQAAxkBAANlaqKxv5uULsYRUASjrXsGxj5fsCMAAoEfAAIiAxFRJENwThgegvw9BA,0,4.63,AEFs-3e-Practical-English-Videos,2026-09-10T17:33:51.750742
American English File 3e_14.mp4,video,BQACAgQAAxkBAANaaqKxv3CEriUj7aUQhzdD-In_0o8AAnUfAAIiAxFR0-Mn7jfPXNY9BA,0,9.68,AEFs-3e-Practical-English-Videos,2026-09-10T17:33:51.752213
American English File 3e_13.mp4,video,BQACAgQAAxkBAANbaqKxv79wZ7qeBZjy4axz1bVm30oAAnYfAAIiAxFRGmGIjNs06n09BA,0,9.61,AEFs-3e-Practical-English-Videos,2026-09-10T17:33:51.753390
American English File 3e_2.mp4,video,BQACAgQAAxkBAANpaqKxv269UpY_bdTpdlwcT_iTp2cAAogfAAIiAxFRNbe9GQvT7rw9BA,0,7.19,AEFs-3e-Practical-English-Videos,2026-09-10T17:33:51.754750
American English File 3e_10.mp4,video,BQACAgQAAxkBAANeaqKxv56zBXDoKnjXX_D940QAAV_cAAJ5HwACIgMRUZV377C0-BmIPQQ,0,12.8,AEFs-3e-Practical-English-Videos,2026-09-10T17:33:51.756210
American English File 3e_21.mp4,video,BQACAgQAAxkBAANraqKxvxiReqtt73c-G-ZJz6QcIZcAAosfAAIiAxFREFtvn6Lgllo9BA,0,10.04,AEFs-3e-Practical-English-Videos,2026-09-10T17:33:51.757209
American English File 3e_8.mp4,video,BQACAgQAAxkBAANgaqKxvyoQGRZ4NV7L1kZQeD8wF9gAAnsfAAIiAxFR_2cjcjGnO4Y9BA,0,8.97,AEFs-3e-Practical-English-Videos,2026-09-10T17:33:51.758177
American English File 3e_23.mp4,video,BQACAgQAAxkBAANkaqKxv2wPBowop_C_hf1SDKWE3CwAAn8fAAIiAxFRrKlOCa6AHXc9BA,0,4.64,AEFs-3e-Practical-English-Videos,2026-09-10T17:33:51.759255
American English File 3e_1.mp4,video,BQACAgQAAxkBAANqaqKxv3CaxZmepysqEUkOHcoxI8wAAoofAAIiAxFRNdaO4tTs-609BA,0,3.91,AEFs-3e-Practical-English-Videos,2026-09-10T17:33:51.760111
American English File 3e_11.mp4,video,BQACAgQAAxkBAANdaqKxv8Ea8Hd0K3XynNB2jmQNCLkAAngfAAIiAxFRWgI80PylhGg9BA,0,15.11,AEFs-3e-Practical-English-Videos,2026-09-10T17:33:51.761424
American English File 3e_9.mp4,video,BQACAgQAAxkBAANfaqKxv4Zqad7iglguu6S-o5aDlcEAAnofAAIiAxFROba4aT-Ot7E9BA,0,12.84,AEFs-3e-Practical-English-Videos,2026-09-10T17:33:51.762772
American English File 3e_7.mp4,video,BQACAgQAAxkBAANhaqKxv9TPv6G6SoKy5exW1RcAAexvAAJ8HwACIgMRUTiwg8focsKwPQQ,0,6.98,AEFs-3e-Practical-English-Videos,2026-09-10T17:33:51.764394
American English File 3e_12.mp4,video,BQACAgQAAxkBAANcaqKxv1aiSaIseYSk9hXq6bexej4AAncfAAIiAxFRICQYjUyhztU9BA,0,22.7,AEFs-3e-Practical-English-Videos,2026-09-10T17:33:51.765806
American English File 3e_6.mp4,video,BQACAgQAAxkBAANiaqKxv734OFve8mKeu21rL4gulj0AAn0fAAIiAxFRhoySpnRukSc9BA,0,8.58,AEFs-3e-Practical-English-Videos,2026-09-10T17:33:51.767165
American English File 3e_22.mp4,video,BQACAgQAAxkBAANmaqKxv8NWvf0NYO41zivUh8yzyi0AAoIfAAIiAxFRUsajnrX4lww9BA,0,5.02,AEFs-3e-Practical-English-Videos,2026-09-10T17:33:51.768824
American English File 3e_15.mp4,video,BQACAgQAAxkBAANoaqKxv5WenKlFlieC3feVU7XMQCcAAoUfAAIiAxFRtH-IjpxdwS89BA,0,5.86,AEFs-3e-Practical-English-Videos,2026-09-10T17:33:51.769738
American English File 3e_18.mp4,video,BQACAgQAAxkBAANwaqKxv4JmSuyLTa8cY58ko9wWf8oAApEfAAIiAxFR8GSBhyUzbgY9BA,0,12.18,AEFs-3e-Practical-English-Videos,2026-09-10T17:33:51.770645
American English File 3e_17.mp4,video,BQACAgQAAxkBAANxaqKxv20DjLmnSdIVhQdDU9Fp_yUAApIfAAIiAxFRKMlFmiQhab89BA,0,13.44,AEFs-3e-Practical-English-Videos,2026-09-10T17:33:51.771421
American English File 3e_24.mp4,video,BQACAgQAAxkBAANtaqKxv7M4yCQU-kGltNxR7PiKa10AAo4fAAIiAxFRaRlhx-KtZ2Y9BA,0,13.34,AEFs-3e-Practical-English-Videos,2026-09-10T17:33:51.772604
American English File 3e_19.mp4,video,BQACAgQAAxkBAANvaqKxvzK0o_0j38D-EK6BsMDMb8oAApAfAAIiAxFRS3ylVEsAAQEZPQQ,0,14.62,AEFs-3e-Practical-English-Videos,2026-09-10T17:33:51.773904
American English File 3e_20.mp4,video,BQACAgQAAxkBAANuaqKxv7o7qrfTPl5KTNOwPTRTnWQAAo8fAAIiAxFRiOdiexPaTnc9BA,0,16.1,AEFs-3e-Practical-English-Videos,2026-09-10T17:33:51.774988
AEF3e_SB0_Review_and_Check_5&6.mp4,video,BQACAgQAAxkBAAN4aqKx0Ta_X9VxWoRMSm5LUlK93DIAApgfAAIiAxFRslt6hrvWJa49BA,0,8.26,AEFs-3e-Review-and-Check-Videos,2026-09-10T17:34:09.274832
AEF3e_SB0_Review_and_Check_7&8.mp4,video,BQACAgQAAxkBAAN3aqKx0bO84BN09iEUuEII0zwwrGAAApcfAAIiAxFRhrfDPERHLzI9BA,0,10.16,AEFs-3e-Review-and-Check-Videos,2026-09-10T17:34:09.275701
AEF3e_SB0_Review_and_Check_9&10.mp4,video,BQACAgQAAxkBAAN2aqKx0ZxfBvdGPnHd2ifA978KuecAApYfAAIiAxFRu5yTbP1bHtQ9BA,0,8.62,AEFs-3e-Review-and-Check-Videos,2026-09-10T17:34:09.276836
AEF3e_SB0_Review_and_Check_3&4.mp4,video,BQACAgQAAxkBAAN5aqKx0WAS0c2STPR4nr9icYI-OlsAApkfAAIiAxFR7AtthrCx3WQ9BA,0,9.02,AEFs-3e-Review-and-Check-Videos,2026-09-10T17:34:09.278001
AEF3e_SB0_Review_and_Check_1&2.mp4,video,BQACAgQAAxkBAAN6aqKx0WUqQiSuRkEFUUiTaGOT7TYAApofAAIiAxFRXS8QfCyQ6Zo9BA,0,7.58,AEFs-3e-Review-and-Check-Videos,2026-09-10T17:34:09.280004
AEF3e_SB0_Review_and_Check_11&12.mp4,video,BQACAgQAAxkBAAN1aqKx0c7dV-vKGWHds45faAAB98RPAAKUHwACIgMRUeGAh2vNZh0nPQQ,0,10.69,AEFs-3e-Review-and-Check-Videos,2026-09-10T17:34:09.282115
AEF3e_SB0_Beaulieu_Motor_Museum.mp4,video,BQACAgQAAxkBAAOGaqKx3aAx-gx9_pMY4ZGyywsPXPEAAuUfAAIiAxFRfPyIcn6XRV49BA,0,23.9,AEFs-3e-Video-Listening-All-Video,2026-09-10T17:34:21.698892
AEF3e_SB0_NY_tour_guide_extracts.mp4,video,BQACAgQAAxkBAAOEaqKx3Zii9wABhdk8v-hkw8OsUi6PAALjHwACIgMRUSn85-ByqBsFPQQ,0,2.51,AEFs-3e-Video-Listening-All-Video,2026-09-10T17:34:21.701225
AEF3e_SB0_Singing_in_a_choir.mp4,video,BQACAgQAAxkBAAOHaqKx3VuKxSl0QFSbuH_INy3QiVIAAuYfAAIiAxFR5KDYgetYHyM9BA,0,37.52,AEFs-3e-Video-Listening-All-Video,2026-09-10T17:34:21.703415
AEF3e_SB0_Meet_the_students_extracts.mp4,video,BQACAgQAAxkBAAOCaqKx3eLXm_G5Z1oQRcogWjjrTqUAAuAfAAIiAxFRI4-CGI77lsA9BA,0,4.34,AEFs-3e-Video-Listening-All-Video,2026-09-10T17:34:21.705105
AEF3e_SB0_Strangers_on_a_train_5.mp4,video,BQACAgQAAxkBAAOFaqKx3Vy1O-FlaN6GzKUBdlqhhfYAAuQfAAIiAxFRmfGDBglflTw9BA,0,9.24,AEFs-3e-Video-Listening-All-Video,2026-09-10T17:34:21.706785
AEF3e_SB0_Strangers_on_a_train_4.mp4,video,BQACAgQAAxkBAAN_aqKx3a_whcfdU_WYMk8KU80nvi0AAt0fAAIiAxFRXX5Xn5j08H89BA,0,17.21,AEFs-3e-Video-Listening-All-Video,2026-09-10T17:34:21.708571
AEF3e_SB0_Strangers_on_a_train_3.mp4,video,BQACAgQAAxkBAAODaqKx3SHxxXgnJm0Nnn9oCAnB3EQAAuEfAAIiAxFR3XyrnOyR--M9BA,0,12.78,AEFs-3e-Video-Listening-All-Video,2026-09-10T17:34:21.710175
AEF3e_SB0_Meet_the_students.mp4,video,BQACAgQAAxkBAAN-aqKx3epdIvm4zF7cajwtXPg75ywAAtwfAAIiAxFRhqxwEVlB_xI9BA,0,16.54,AEFs-3e-Video-Listening-All-Video,2026-09-10T17:34:21.711613
AEF3e_SB0_NY_tour_guide.mp4,video,BQACAgQAAxkBAAOBaqKx3T9bL6V-22xTJTOrEHk6kosAAt8fAAIiAxFR_a8C1Zwetuc9BA,0,27.63,AEFs-3e-Video-Listening-All-Video,2026-09-10T17:34:21.713030
AEF3e_SB0_A_building_with_a_past.mp4,video,BQACAgQAAxkBAAOAaqKx3SbyFCAUvdvBzahz43WwI6oAAt4fAAIiAxFRYowYO2fzVvQ9BA,0,19.35,AEFs-3e-Video-Listening-All-Video,2026-09-10T17:34:21.715235
AEF3e_SB1_PE_Ep5_Ordering_a_meal.mp4,video,BQACAgQAAxkBAAOLaqKx7F3iPVNj8GtijJ5SQ9olbXoAAucfAAIiAxFRhj9E5p7SlhU9BA,0,18.54,AEF1-3e-Practical-English-Videos,2026-09-10T17:34:36.817398
AEF3e_SB1_PE_Ep5_An_invitation_to_dinner.mp4,video,BQACAgQAAxkBAAOMaqKx7DpnyNlcVxD5UxP9756uunIAAugfAAIiAxFRes8z-CkgoV49BA,0,28.58,AEF1-3e-Practical-English-Videos,2026-09-10T17:34:36.818598
AEF3e_SB1_PE_Ep3_Buying_clothes_listen_and_repeat.mp4,video,BQACAgQAAxkBAAOXaqKx7ElKHj4mLM-k5nKtdFYm0CoAAvYfAAIiAxFRJJqeDRYbTN09BA,0,30.43,AEF1-3e-Practical-English-Videos,2026-09-10T17:34:36.819574
AEF3e_SB1_PE_Ep4_Asking_for_directions.mp4,video,BQACAgQAAxkBAAOPaqKx7C1ScVC7siTZlqeABvCoYmoAAusfAAIiAxFRBc6kuqdBr9Y9BA,0,36.49,AEF1-3e-Practical-English-Videos,2026-09-10T17:34:36.820396
AEF3e_SB1_PE_Ep4_Asking_for_directions_listen_and_repeat.mp4,video,BQACAgQAAxkBAAOQaqKx7GM9bmP0NpsvvCTlzr0g7mcAAuwfAAIiAxFRQKJ8uCrDjpY9BA,0,48.11,AEF1-3e-Practical-English-Videos,2026-09-10T17:34:36.821184
AEF3e_SB1_PE_Ep4_A_free_morning.mp4,video,BQACAgQAAxkBAAORaqKx7B_UAzad13Q5ReJ0v7Do0UwAAu4fAAIiAxFRW7XLuZXYoas9BA,0,25.88,AEF1-3e-Practical-English-Videos,2026-09-10T17:34:36.821970
AEF3e_SB1_PE_Ep1_Jenny_talks_to_Rob.mp4,video,BQACAgQAAxkBAAOYaqKx7G7xmBSWav9jwDaeVq0adtwAAvcfAAIiAxFRSr9iznC5fFI9BA,0,26.29,AEF1-3e-Practical-English-Videos,2026-09-10T17:34:36.822819
AEF3e_SB1_PE_Ep6_Getting_to_the_airport.mp4,video,BQACAgQAAxkBAAOZaqKx7O-r1dj39j-40eTFq723X5wAAvgfAAIiAxFRp0_Sl5hLbg09BA,0,24.49,AEF1-3e-Practical-English-Videos,2026-09-10T17:34:36.823698
AEF3e_SB1_PE_Ep1_Introduction.mp4,video,BQACAgQAAxkBAAOaaqKx7P91VYwz4uu7OPx0_7fyyaUAAvofAAIiAxFRF-kdYj0ua3Q9BA,0,35.78,AEF1-3e-Practical-English-Videos,2026-09-10T17:34:36.824675
AEF3e_SB1_PE_Ep3_Buying_clothes.mp4,video,BQACAgQAAxkBAAOVaqKx7C_JTcmAjD-pV9rIxQ9kLl8AAvMfAAIiAxFRZxBu705Rt609BA,0,16.01,AEF1-3e-Practical-English-Videos,2026-09-10T17:34:36.825744
AEF3e_SB1_PE_Ep6_Getting_to_the_airport_listen_and_repeat.mp4,video,BQACAgQAAxkBAAObaqKx7LsCbHchQMbS3n8i4xCm2xEAAvsfAAIiAxFR2hTJVLNoCGs9BA,0,48.3,AEF1-3e-Practical-English-Videos,2026-09-10T17:34:36.827147
AEF3e_SB1_PE_Ep1_Checking_in.mp4,video,BQACAgQAAxkBAAOcaqKx7E65fps-1Z-UzICigVtJaWYAAvwfAAIiAxFRc2TEfCAl73Y9BA,0,23.03,AEF1-3e-Practical-English-Videos,2026-09-10T17:34:36.828050
AEF3e_SB1_PE_Ep1_Checking_in_listen_and_repeat.mp4,video,BQACAgQAAxkBAAOeaqKx7Gap85iPmnR3PM_z4_9JZ9AAAgEgAAIiAxFRk3ctx3LFN-E9BA,0,39.85,AEF1-3e-Practical-English-Videos,2026-09-10T17:34:36.829737
AEF3e_SB1_PE_Ep5_Social_English_phrases.mp4,video,BQACAgQAAxkBAAOfaqKx7CGR8IVhgzdj7BfPMXm4m-sAAgQgAAIiAxFR8r0JkGIB38M9BA,0,24.35,AEF1-3e-Practical-English-Videos,2026-09-10T17:34:36.830859
AEF3e_SB1_PE_Ep4_Social_English_phrases.mp4,video,BQACAgQAAxkBAAONaqKx7GDoueMKg4V2shBkhuZBK7MAAukfAAIiAxFRwB-ZaPhkjR09BA,0,26.19,AEF1-3e-Practical-English-Videos,2026-09-10T17:34:36.831822
AEF3e_SB1_PE_Ep2_Social_English_phrases.mp4,video,BQACAgQAAxkBAAOgaqKx7FGMtTw7pcQdGMYH05j2AAFyAAIVIAACIgMRUaVHO3YT_NO6PQQ,0,13.84,AEF1-3e-Practical-English-Videos,2026-09-10T17:34:36.832660
AEF3e_SB1_PE_Ep5_Ordering_a_meal_listen_and_repeat.mp4,video,BQACAgQAAxkBAAOhaqKx7C1Mr886LnYmR671aG0lgAgAAhggAAIiAxFRxm2lh82qbuk9BA,0,40.49,AEF1-3e-Practical-English-Videos,2026-09-10T17:34:36.833678
AEF3e_SB1_PE_Ep3_Jenny's_on_the_phone.mp4,video,BQACAgQAAxkBAAOUaqKx7ITCfJTA_Nd_jxJKoC5CibAAAvEfAAIiAxFRZRajNYE-LPg9BA,0,26.8,AEF1-3e-Practical-English-Videos,2026-09-10T17:34:36.834714
AEF3e_SB1_PE_Ep2_Rob_and_Jenny_Meet.mp4,video,BQACAgQAAxkBAAOiaqKx7D8jEGbA-HKoD6Nm-mib8kUAAhkgAAIiAxFRtR_k_4Md-vU9BA,0,20.73,AEF1-3e-Practical-English-Videos,2026-09-10T17:34:36.835960
AEF3e_SB1_PE_Ep6_Social_English_phrases.mp4,video,BQACAgQAAxkBAAOjaqKx7L8jtMg4MNInTWW6c58OnTMAAhogAAIiAxFRMjN9BxlBnoY9BA,0,16.11,AEF1-3e-Practical-English-Videos,2026-09-10T17:34:36.837145
AEF3e_SB1_PE_Ep1_Social_English_phrases.mp4,video,BQACAgQAAxkBAAOWaqKx7FTOsl-iu9PdBnnOYHcf1lgAAvUfAAIiAxFRO45gRuKGV549BA,0,18.57,AEF1-3e-Practical-English-Videos,2026-09-10T17:34:36.838046
AEF3e_SB1_PE_Ep2_First_day_in_the_office.mp4,video,BQACAgQAAxkBAAOkaqKx7P6yLRG_RT9ckuHJOa-S-uAAAhsgAAIiAxFRsseeA5Y4FgY9BA,0,28.67,AEF1-3e-Practical-English-Videos,2026-09-10T17:34:36.839116
AEF3e_SB1_PE_Ep6_Saying_goodbye.mp4,video,BQACAgQAAxkBAAOlaqKx7FbtOw1dvNytikTPfacGvfYAAhwgAAIiAxFRb_UKC8JomcE9BA,0,37.53,AEF1-3e-Practical-English-Videos,2026-09-10T17:34:36.840087
AEF3e_SB1_PE_Ep2_Buying_a_coffee.mp4,video,BQACAgQAAxkBAAOmaqKx7BMx9mjzarcS_BS7U1IwH6QAAh4gAAIiAxFRbznTtQUDUDQ9BA,0,19.27,AEF1-3e-Practical-English-Videos,2026-09-10T17:34:36.841107
AEF3e_SB1_PE_Ep6_Jenny's_last_morning.mp4,video,BQACAgQAAxkBAAOnaqKx7DT6bLaVUFekZ2Ov3ht7AAG6AAIfIAACIgMRUThjEicjGBAkPQQ,0,31.81,AEF1-3e-Practical-English-Videos,2026-09-10T17:34:36.842588
AEF3e_SB1_PE_Ep2_Buying_a_coffee_listen_and_repeat.mp4,video,BQACAgQAAxkBAAOoaqKx7FO4fxp3DeBis2hto3GNrXYAAiAgAAIiAxFRorSjBNctpAQ9BA,0,42.51,AEF1-3e-Practical-English-Videos,2026-09-10T17:34:36.843730
AEF3e_SB1_PE_Ep3_Meeting_on_the_street.mp4,video,BQACAgQAAxkBAAOTaqKx7IpXZ2l-USFOcFjPPv7mPT4AAvAfAAIiAxFR9gZvKm57Rdo9BA,0,20.99,AEF1-3e-Practical-English-Videos,2026-09-10T17:34:36.844720
AEF3e_SB1_PE_Ep5_The_end_of_the_meal.mp4,video,BQACAgQAAxkBAAOdaqKx7NGspSdu7c46b_14SV4kNPsAAv4fAAIiAxFRLtX_g2RZhxA9BA,0,37.89,AEF1-3e-Practical-English-Videos,2026-09-10T17:34:36.845607
AEF3e_SB1_PE_Ep4_Jenny_and_Rob_go_sightseeing.mp4,video,BQACAgQAAxkBAAOOaqKx7IFWS-8_j4zv3H6NFh0jD6AAAuofAAIiAxFR42KHuIBSLMo9BA,0,39.98,AEF1-3e-Practical-English-Videos,2026-09-10T17:34:36.846475
AEF3e_SB1_PE_Ep3_Social_English_phrases.mp4,video,BQACAgQAAxkBAAOSaqKx7Mzdm2weh6NKzVPl_TZFRwgAAu8fAAIiAxFRlw3kNLedNV09BA,0,18.9,AEF1-3e-Practical-English-Videos,2026-09-10T17:34:36.847664
AEF3e_SB1_Review_and_Check_3&4.mp4,video,BQACAgQAAxkBAAOsaqKx-9atDDpeBF4eVW3ROgRsojAAAi8gAAIiAxFR2hGZ6esxh_k9BA,0,26.72,AEF1-3e-Review-and-Check-Videos,2026-09-10T17:34:50.798287
AEF3e_SB1_Review_and_Check_1&2.mp4,video,BQACAgQAAxkBAAOtaqKx-zsi_kkG_iEQ4W0klqp5aREAAjAgAAIiAxFRa14lZ8N44N09BA,0,19.49,AEF1-3e-Review-and-Check-Videos,2026-09-10T17:34:50.800300
AEF3e_SB1_Review_and_Check_7&8.mp4,video,BQACAgQAAxkBAAOwaqKx-9DHhj7q2IIj5AXVqJDlMHcAAjkgAAIiAxFRUjLhDsQ4L2Y9BA,0,29.36,AEF1-3e-Review-and-Check-Videos,2026-09-10T17:34:50.802267
AEF3e_SB1_Review_and_Check_5&6.mp4,video,BQACAgQAAxkBAAOxaqKx-zuAAAG3OHgGaJU8zgYx76SQAAI6IAACIgMRUdt2MM_YPyJzPQQ,0,36.64,AEF1-3e-Review-and-Check-Videos,2026-09-10T17:34:50.804315
AEF3e_SB1_Review_and_Check_11&12.mp4,video,BQACAgQAAxkBAAOuaqKx-5aDDKNQ-nmmuQjPeRLZSr8AAjEgAAIiAxFR1exWZ9GzRaA9BA,0,45.85,AEF1-3e-Review-and-Check-Videos,2026-09-10T17:34:50.806635
AEF3e_SB1_Review_and_Check_9&10.mp4,video,BQACAgQAAxkBAAOvaqKx-3bq72Rr1syJujYtAT9rIjAAAjggAAIiAxFRp1e5LxmWtGo9BA,0,43.3,AEF1-3e-Review-and-Check-Videos,2026-09-10T17:34:50.809063
AEF3e_SB1_Have_a_safe_trip.mp4,video,BQACAgQAAxkBAAO2aqKyBiaT9fWsiM9Z0lYS55pHNg0AAkogAAIiAxFRZO8eLSVGjIg9BA,0,88.94,AEF1-3e-Video-Listening-All-Video,2026-09-10T17:35:02.410959
AEF3e_SB1_It's_written_in_the_cards_1_to_4.mp4,video,BQACAgQAAxkBAAO7aqKyBju23Mpn42LMyq3ZHYMtM6MAAlQgAAIiAxFRydvuOME85hM9BA,0,87.24,AEF1-3e-Video-Listening-All-Video,2026-09-10T17:35:02.411894
AEF3e_SB1_The_island_of_Okinawa.mp4,video,BQACAgQAAxkBAAO1aqKyBimmLS-rHEbA1wlUeCexpysAAkggAAIiAxFRV4GfiREl1jA9BA,0,60.56,AEF1-3e-Video-Listening-All-Video,2026-09-10T17:35:02.413345
AEF3e_SB1_A_haunted_castle.mp4,video,BQACAgQAAxkBAAO4aqKyBrQ0W6G6QyxwuevjAsHe3WIAAk4gAAIiAxFRguhQ7mwPQZQ9BA,0,79.84,AEF1-3e-Video-Listening-All-Video,2026-09-10T17:35:02.415115
AEF3e_SB1_It's_written_in_the_cards_5.mp4,video,BQACAgQAAxkBAAO6aqKyBjV2QdCQyWt1etwqIITsZbkAAlIgAAIiAxFR3887m5jr8Rs9BA,0,25.41,AEF1-3e-Video-Listening-All-Video,2026-09-10T17:35:02.416678
AEF3e_SB1_A_street_performer.mp4,video,BQACAgQAAxkBAAO3aqKyBrpXIHNoBzY9gBBP7UMizSQAAkwgAAIiAxFRonAHUSaoZYw9BA,0,67.64,AEF1-3e-Video-Listening-All-Video,2026-09-10T17:35:02.418952
AEF3e_SB1_Judi_Dench.mp4,video,BQACAgQAAxkBAAO5aqKyBtRKnBQfmLDytXLrqp9EBpoAAlAgAAIiAxFRERQ4GCV8ogg9BA,0,71.66,AEF1-3e-Video-Listening-All-Video,2026-09-10T17:35:02.420927
AEF3e_SB2_PE_Ep5_Asking_how_to_get_there.mp4,video,BQACAgQAAxkBAAPIaqKyGIoQ_7mqAALBVETCDpKLwZcAApYgAAIiAxFRrTp8E-AqJfs9BA,0,19.22,AEF2-3e-Practical-English-Videos,2026-09-10T17:35:20.885800
AEF3e_SB2_PE_Ep4_Social_English.mp4,video,BQACAgQAAxkBAAPJaqKyGEuG5knTZYJOSgQAAVF4HEUvAAKbIAACIgMRUUruiK81xBmGPQQ,0,13.44,AEF2-3e-Practical-English-Videos,2026-09-10T17:35:20.886786
AEF3e_SB2_PE_Ep4_Going_to_a_pharmacy.mp4,video,BQACAgQAAxkBAAPEaqKyGNO4EQwRBEW64-OY--pDzK4AAosgAAIiAxFR0BQyGhXq4XY9BA,0,15.26,AEF2-3e-Practical-English-Videos,2026-09-10T17:35:20.887566
AEF3e_SB2_PE_Ep3_Taking_something_back_to_a_store_listen_and_repeat.mp4,video,BQACAgQAAxkBAAPDaqKyGECf6iar8EZoIb8I3cI0ZcYAAoogAAIiAxFRd8qLH3eSKzE9BA,0,45.06,AEF2-3e-Practical-English-Videos,2026-09-10T17:35:20.888357
AEF3e_SB2_PE_Ep4_Dinner_at_Jenny's_apartment.mp4,video,BQACAgQAAxkBAAPFaqKyGCbuiRww5nWdCqJCLhNGMS8AApAgAAIiAxFR_S3sSFwzCro9BA,0,30.44,AEF2-3e-Practical-English-Videos,2026-09-10T17:35:20.889257
AEF3e_SB2_PE_Ep3_Rob_has_a_problem.mp4,video,BQACAgQAAxkBAAPBaqKyGA_w9my-H__HViYneNz9lpYAAocgAAIiAxFRJLFVeYRfogo9BA,0,26.73,AEF2-3e-Practical-English-Videos,2026-09-10T17:35:20.890009
AEF3e_SB2_PE_Ep4_Running_in_Central_Park.mp4,video,BQACAgQAAxkBAAPGaqKyGO4HtUDOzq5Dw-NV0lbM--cAApIgAAIiAxFRfdAOZynHkRU9BA,0,25.14,AEF2-3e-Practical-English-Videos,2026-09-10T17:35:20.890908
AEF3e_SB2_PE_Ep5_Holly_and_Rob_in_Brooklyn.mp4,video,BQACAgQAAxkBAAPLaqKyGGpSN1ZeFEHJTqivJk1_iuwAAqIgAAIiAxFREKT2s6TrE-09BA,0,24.91,AEF2-3e-Practical-English-Videos,2026-09-10T17:35:20.892295
AEF3e_SB2_PE_Ep1_Calling _reception.mp4,video,BQACAgQAAxkBAAPMaqKyGE0Uts_k_kLuScMK_fw3uYgAAqMgAAIiAxFR1HV2lAbeiiY9BA,0,14.51,AEF2-3e-Practical-English-Videos,2026-09-10T17:35:20.893377
AEF3e_SB2_PE_Ep5_Asking_how_to_get_there_listen_and_repeat.mp4,video,BQACAgQAAxkBAAPNaqKyGPm6wRlDo-IZliLrQfVUD_kAAqUgAAIiAxFROPGOzKnZtQABPQQ,0,28.42,AEF2-3e-Practical-English-Videos,2026-09-10T17:35:20.894449
AEF3e_SB2_PE_Ep1_Calling_reception_listen_and_repeat.mp4,video,BQACAgQAAxkBAAPKaqKyGFR78DVUAUO6Qv5DuOHia_0AAp0gAAIiAxFRUYclTIr1FtE9BA,0,25.71,AEF2-3e-Practical-English-Videos,2026-09-10T17:35:20.895431
AEF3e_SB2_PE_Ep2_Social_English.mp4,video,BQACAgQAAxkBAAO_aqKyGPANnCbu42VYVVylP4i0ulgAAm8gAAIiAxFReFX8hK7NZec9BA,0,14.88,AEF2-3e-Practical-English-Videos,2026-09-10T17:35:20.896606
AEF3e_SB2_PE_Ep6_In_Central_Park_again.mp4,video,BQACAgQAAxkBAAPTaqKyGIXxbmdlkCLB3-K0PwUV1BQAAqwgAAIiAxFRXJDdaZ2DlIw9BA,0,32.98,AEF2-3e-Practical-English-Videos,2026-09-10T17:35:20.898171
AEF3e_SB2_PE_Ep1_Social_English.mp4,video,BQACAgQAAxkBAAPUaqKyGMyHoXkLmEqvq_yz7JamNpsAAq0gAAIiAxFRuJmVHrgR_Y89BA,0,13.06,AEF2-3e-Practical-English-Videos,2026-09-10T17:35:20.899237
AEF3e_SB2_PE_Ep6_On_the_phone.mp4,video,BQACAgQAAxkBAAPVaqKyGNzUMe5EZlnO33riiuiF-B4AAq4gAAIiAxFRvliH7Wrcqfs9BA,0,27.29,AEF2-3e-Practical-English-Videos,2026-09-10T17:35:20.900269
AEF3e_SB2_PE_Ep2_At_the_restaurant_listen_and_repeat.mp4,video,BQACAgQAAxkBAAPWaqKyGCmQHw7VoM86nV-LcHhc2DcAAq8gAAIiAxFRIFR8ws7hk0E9BA,0,41.4,AEF2-3e-Practical-English-Videos,2026-09-10T17:35:20.901370
AEF3e_SB2_PE_Ep3_Social_English.mp4,video,BQACAgQAAxkBAAPAaqKyGJNKgP3KOrH553MM8FuKougAAn8gAAIiAxFRjMoPORBhv9M9BA,0,11.79,AEF2-3e-Practical-English-Videos,2026-09-10T17:35:20.902337
AEF3e_SB2_PE_Ep6_Rob_and_Jenny_talk_about_the_future.mp4,video,BQACAgQAAxkBAAPXaqKyGNZBPQhRD4aA-385h9dzQnsAArAgAAIiAxFR1b_Jse-1A-U9BA,0,38.58,AEF2-3e-Practical-English-Videos,2026-09-10T17:35:20.903118
AEF3e_SB2_PE_Ep1_Jenny_and_Rob_meet_again.mp4,video,BQACAgQAAxkBAAPOaqKyGJip2DKz4J9ROPITrYpbUrgAAqYgAAIiAxFRta72VLsTf6A9BA,0,24.3,AEF2-3e-Practical-English-Videos,2026-09-10T17:35:20.904191
AEF3e_SB2_PE_Ep2_In_the_New_York_office.mp4,video,BQACAgQAAxkBAAPYaqKyGN5UoGcJ6X57Sg34N-utJw4AArEgAAIiAxFR7aEI5YmTu1A9BA,0,24.01,AEF2-3e-Practical-English-Videos,2026-09-10T17:35:20.905397
AEF3e_SB2_PE_Ep1_Introduction.mp4,video,BQACAgQAAxkBAAPQaqKyGAmdWGYPtr9eJbMteoDAsVsAAqkgAAIiAxFRAAH_nvsGKnXqPQQ,0,32.51,AEF2-3e-Practical-English-Videos,2026-09-10T17:35:20.906906
AEF3e_SB2_PE_Ep2_At_the_restaurant.mp4,video,BQACAgQAAxkBAAPSaqKyGAAB5bWtzRtwIWHK_p797qSsAAKrIAACIgMRUQ0b8DrC-AylPQQ,0,22.18,AEF2-3e-Practical-English-Videos,2026-09-10T17:35:20.907963
AEF3e_SB2_PE_Ep6_On_the_phone_listen_and_repeat.mp4,video,BQACAgQAAxkBAAPZaqKyGCjsei3SbLsqsQ8SyRJJ2hkAArIgAAIiAxFRGW5Jw9qKbdw9BA,0,47.73,AEF2-3e-Practical-English-Videos,2026-09-10T17:35:20.908984
AEF3e_SB2_PE_Ep2_Holly_and_Rob_make_friends.mp4,video,BQACAgQAAxkBAAPaaqKyGK63ELiH1j8bqbIMaHmXMEQAArMgAAIiAxFRQUc4E4fqQ_E9BA,0,28.45,AEF2-3e-Practical-English-Videos,2026-09-10T17:35:20.909971
AEF3e_SB2_PE_Ep6_Social_English.mp4,video,BQACAgQAAxkBAAPbaqKyGJAgjKEBSEhTZCZWii0Bwt0AArQgAAIiAxFRGvOVCA7HNtE9BA,0,13.12,AEF2-3e-Practical-English-Videos,2026-09-10T17:35:20.910829
AEF3e_SB2_PE_Ep3_Rob_decides_to_exercise.mp4,video,BQACAgQAAxkBAAPcaqKyGKsP50fGG35UofdeJUzIF_wAArUgAAIiAxFRtg2aAweY4As9BA,0,23.49,AEF2-3e-Practical-English-Videos,2026-09-10T17:35:20.911613
AEF3e_SB2_PE_Ep4_Going_to_a_pharmacy_listen_and_repeat.mp4,video,BQACAgQAAxkBAAPHaqKyGFu8YhrRrOBuJ1WPJZzRRVYAApQgAAIiAxFRvE6W4cPo9ck9BA,0,28.89,AEF2-3e-Practical-English-Videos,2026-09-10T17:35:20.912387
AEF3e_SB2_PE_Ep5_Social_English.mp4,video,BQACAgQAAxkBAAPPaqKyGI4qn8g5NApa4OSVvd-pGPkAAqggAAIiAxFRZhi90PqQzgw9BA,0,11.27,AEF2-3e-Practical-English-Videos,2026-09-10T17:35:20.913360
AEF3e_SB2_PE_Ep5_Rob_is_late_again.mp4,video,BQACAgQAAxkBAAPRaqKyGNcehOEd32cy8CZ7P-dfQKIAAqogAAIiAxFRtC5WQ-Q-C089BA,0,28.01,AEF2-3e-Practical-English-Videos,2026-09-10T17:35:20.914645
AEF3e_SB2_PE_Ep3_Taking_something_back_to_a_store.mp4,video,BQACAgQAAxkBAAPCaqKyGFj59SyKa2LDKuSkWsotUnAAAoggAAIiAxFRrENSBNtUZAI9BA,0,29.61,AEF2-3e-Practical-English-Videos,2026-09-10T17:35:20.915754
AEF3e_SB2_Review_and_Check_9&10.mp4,video,BQACAgQAAxkBAAPlaqKyJLf-8mCnUcZKD8cs0llrnD8AAs4gAAIiAxFR975GMEScUyw9BA,0,38.03,AEF2-3e-Review-and-Check-Videos,2026-09-10T17:35:32.109850
AEF3e_SB2_Review_and_Check_5&6.mp4,video,BQACAgQAAxkBAAPiaqKyJIxhvVvEhTtIb30CRgv3wFEAAssgAAIiAxFRO38KwnKLD-c9BA,0,35.96,AEF2-3e-Review-and-Check-Videos,2026-09-10T17:35:32.111866
AEF3e_SB2_Review_and_Check_11&12.mp4,video,BQACAgQAAxkBAAPkaqKyJO1Z37jG-zJixFHiVxqQ-MUAAs0gAAIiAxFRvG7AQRBcSyU9BA,0,48.1,AEF2-3e-Review-and-Check-Videos,2026-09-10T17:35:32.113898
AEF3e_SB2_Review_and_Check_7&8.mp4,video,BQACAgQAAxkBAAPhaqKyJGcK64VHjExmY5k4obujeegAAsogAAIiAxFRQAM9QCfB3Ac9BA,0,31.9,AEF2-3e-Review-and-Check-Videos,2026-09-10T17:35:32.116118
AEF3e_SB2_Review_and_Check_3&4.mp4,video,BQACAgQAAxkBAAPjaqKyJC3VgaQVjiXB0r6a8sZx0LcAAswgAAIiAxFR5FlwTgM0TG49BA,0,27.35,AEF2-3e-Review-and-Check-Videos,2026-09-10T17:35:32.117838
AEF3e_SB2_Review_and_Check_1&2.mp4,video,BQACAgQAAxkBAAPgaqKyJLks9uWwZmI1flNTU4kT6gYAAskgAAIiAxFRbmwQFPsVmto9BA,0,32.81,AEF2-3e-Review-and-Check-Videos,2026-09-10T17:35:32.120016
AEF3e_SB2_12C_Trivia_night.mp4,video,BQACAgQAAxkBAAPwaqKyMWYULdBt6XPD2qLHslMasRQAAtYgAAIiAxFRodBDNPyGusQ9BA,0,211.13,AEF2-3e-Video-Listening-All-Video,2026-09-10T17:35:45.430632
AEF3e_SB2_8C_Girl_Parts_1_&_2.mp4,video,BQACAgQAAxkBAAPpaqKyMa-3I_VplyTzAcPVQNJw26sAAs8gAAIiAxFR-SoP6WPPuIc9BA,0,59.1,AEF2-3e-Video-Listening-All-Video,2026-09-10T17:35:45.432954
AEF3e_SB2_8C_Girl_Part_3.mp4,video,BQACAgQAAxkBAAPraqKyMakvpWADZqH2XI-8F4g3wAgAAtEgAAIiAxFR-BDiegjZ4Ho9BA,0,19.96,AEF2-3e-Video-Listening-All-Video,2026-09-10T17:35:45.434807
AEF3e_SB2_2C_Happy_ending.mp4,video,BQACAgQAAxkBAAPqaqKyMbn1JCVnnaI_2MWcxw8s8VUAAtAgAAIiAxFROtt6DRxNqq89BA,0,27.99,AEF2-3e-Video-Listening-All-Video,2026-09-10T17:35:45.436450
AEF3e_SB2_10C_Invented_by_women.mp4,video,BQACAgQAAxkBAAPsaqKyMXsnd_ai1Gaf73Sg1dAOstEAAtIgAAIiAxFRdeXzGP-ZLl09BA,0,114.28,AEF2-3e-Video-Listening-All-Video,2026-09-10T17:35:45.438175
AEF3e_SB2_6C_Dreams.mp4,video,BQACAgQAAxkBAAPuaqKyMUFys8MDJf_o21dPIGVzCbAAAtQgAAIiAxFR9HaZn469_0Q9BA,0,153.73,AEF2-3e-Video-Listening-All-Video,2026-09-10T17:35:45.440300
AEF3e_SB2_2C_Sad_ending.mp4,video,BQACAgQAAxkBAAPvaqKyMZ2A1GXaedABASeQBVOlwewAAtUgAAIiAxFRi0sY6KsSCWk9BA,0,66.62,AEF2-3e-Video-Listening-All-Video,2026-09-10T17:35:45.442116
AEF3e_SB2_4C_The_American_weekend.mp4,video,BQACAgQAAxkBAAPtaqKyMaKr5bUn97pagX1D43ZESl8AAtMgAAIiAxFR2x6b7_CpfvE9BA,0,81.76,AEF2-3e-Video-Listening-All-Video,2026-09-10T17:35:45.444042
AEF3e_SB2_8C_Girl_Part_4.mp4,video,BQACAgQAAxkBAAPxaqKyMR2wd6gRI72DWJtEE_AQYAUAAtcgAAIiAxFRRS_H2qIZAqA9BA,0,19.6,AEF2-3e-Video-Listening-All-Video,2026-09-10T17:35:45.445706
AEF3e_Level_3_PE_Ep3_Permissions_and_requests_listen_and_repeat.mp4,video,BQACAgQAAxkBAAP1aqKyP6h39ByrmJCzOAe1j2Wk8d8AAtggAAIiAxFRrF5b4Cxtr789BA,0,8.27,AEF3-3e-Practical-English-Videos,2026-09-10T17:35:59.810981
AEF3e_Level_3_PE_Ep3_Permissions_and_requests_listen_and_check.mp4,video,BQACAgQAAxkBAAP2aqKyP7nr5NnnorpKYgnXVKO0FNYAAtkgAAIiAxFRSpamLyMin_k9BA,0,6.07,AEF3-3e-Practical-English-Videos,2026-09-10T17:35:59.812334
AEF3e_Level_3_PE_Ep2_A_surprise_for_Kerri.mp4,video,BQACAgQAAxkBAAP-aqKyPx92E92WoppG8PYyTgiqubMAAuEgAAIiAxFRLH7kHWAGnOw9BA,0,10.91,AEF3-3e-Practical-English-Videos,2026-09-10T17:35:59.813387
AEF3e_Level_3_PE_Ep5_Indirect_questions.mp4,video,BQACAgQAAxkBAAIBAAFqorI_n1_pvZJS7A3vtpm_hC1GEgAC4yAAAiIDEVFn_y3gl6kcsz0E,0,15.35,AEF3-3e-Practical-English-Videos,2026-09-10T17:35:59.814331
AEF3e_Level_3_PE_Ep1_Reacting_to_what_people_say.mp4,video,BQACAgQAAxkBAAIBAWqisj8QAmb1gUUbM5jArAAB1ILTkAAC5CAAAiIDEVHUg1uKqddRsT0E,0,15.44,AEF3-3e-Practical-English-Videos,2026-09-10T17:35:59.815087
AEF3e_Level_3_PE_Ep5_Indirect_questions_listen_and_check.mp4,video,BQACAgQAAxkBAAIBAmqisj8EzqIjpbG4NlxBLyW6lss5AALlIAACIgMRUZ15jGIwr0XLPQQ,0,6.98,AEF3-3e-Practical-English-Videos,2026-09-10T17:35:59.815760
AEF3e_Level_3_PE_Ep1_Reacting_to_what_people_say_listen_and_repeat.mp4,video,BQACAgQAAxkBAAIBA2qisj8cU0RsEC60v_YNIRZujJhsAALmIAACIgMRUWlNLzI1bjyoPQQ,0,10.23,AEF3-3e-Practical-English-Videos,2026-09-10T17:35:59.816481
AEF3e_Level_3_PE_Ep4_The_morning_after_the_night_before.mp4,video,BQACAgQAAxkBAAIBBGqisj8n05Vw_smr4-HPGqivgljMAALnIAACIgMRUSq7i4fqRElYPQQ,0,14.32,AEF3-3e-Practical-English-Videos,2026-09-10T17:35:59.817259
AEF3e_Level_3_PE_Ep1_Reacting_to_what_people_say_listen_and_check.mp4,video,BQACAgQAAxkBAAIBBWqisj_RUl_PAmiBWICGb0m27XSMAALoIAACIgMRUXEpYqXRn4xlPQQ,0,7.45,AEF3-3e-Practical-English-Videos,2026-09-10T17:35:59.818120
AEF3e_Level_3_PE_Ep3_Paul_arrives.mp4,video,BQACAgQAAxkBAAP3aqKyP0A2WvLCbboMZXfmxJXHxDsAAtogAAIiAxFR-fmTTGTF9Dg9BA,0,10.46,AEF3-3e-Practical-English-Videos,2026-09-10T17:35:59.819088
AEF3e_Level_3_PE_Ep4_Social_English_phrases.mp4,video,BQACAgQAAxkBAAIBBmqisj9yUWWujqEbD3VaVvGLUvCkAALpIAACIgMRUdvbN0nPOM_2PQQ,0,7.65,AEF3-3e-Practical-English-Videos,2026-09-10T17:35:59.820125
AEF3e_Level_3_PE_Ep1_Introduction.mp4,video,BQACAgQAAxkBAAIBB2qisj9lknz-1G8TE2gvupGWSDQZAALqIAACIgMRUTkS6LUQPiO7PQQ,0,18.36,AEF3-3e-Practical-English-Videos,2026-09-10T17:35:59.821137
AEF3e_Level_3_PE_Ep4_Rob_and_Paul_catch_up.mp4,video,BQACAgQAAxkBAAIBCGqisj_DEDsFN7Gp6r-m0-elyzq2AALrIAACIgMRUfoazHf07taCPQQ,0,18.41,AEF3-3e-Practical-English-Videos,2026-09-10T17:35:59.822488
AEF3e_Level_3_PE_Ep2_Giving_opinions.mp4,video,BQACAgQAAxkBAAP7aqKyP_sChaxfsMppBaJspN282qEAAt4gAAIiAxFRKAHGEjmwjU09BA,0,19.17,AEF3-3e-Practical-English-Videos,2026-09-10T17:35:59.823791
AEF3e_Level_3_PE_Ep1_Harry_finds_out_more_about_Rob.mp4,video,BQACAgQAAxkBAAIBCWqisj8M47l7xI91YGXk5gzR5TQPAALsIAACIgMRUaSB9PMsa4R2PQQ,0,12.51,AEF3-3e-Practical-English-Videos,2026-09-10T17:35:59.824711
AEF3e_Level_3_PE_Ep4_Making_suggestions.mp4,video,BQACAgQAAxkBAAIBCmqisj9c24At7-Zrk9KyVqb5PQvgAALtIAACIgMRUa2KtOWZW-0OPQQ,0,23.6,AEF3-3e-Practical-English-Videos,2026-09-10T17:35:59.825676
AEF3e_Level_3_PE_Ep5_Social_English_phrases.mp4,video,BQACAgQAAxkBAAIBC2qisj8a0OpEWLoIhzfXDEroxUL-AALuIAACIgMRUSLmzqcOJiBnPQQ,0,7.5,AEF3-3e-Practical-English-Videos,2026-09-10T17:35:59.826568
AEF3e_Level_3_PE_Ep4_Making_suggestions_listen_and_repeat.mp4,video,BQACAgQAAxkBAAIBDGqisj9_AaV0TTmWOuRYHRTzDbvuAALvIAACIgMRUXC4dEZKSRs6PQQ,0,11.4,AEF3-3e-Practical-English-Videos,2026-09-10T17:35:59.827480
AEF3e_Level_3_PE_Ep2_Social_English_phrases.mp4,video,BQACAgQAAxkBAAP5aqKyPzGKbS8EKjR-u33WFme14TMAAtwgAAIiAxFRnLpJpbew2Kk9BA,0,6.39,AEF3-3e-Practical-English-Videos,2026-09-10T17:35:59.828352
AEF3e_Level_3_PE_Ep5_Rob_gets_serious.mp4,video,BQACAgQAAxkBAAIBDWqisj8DhsxxVqTaetP8PxYPS21TAALwIAACIgMRUdr7s7u6yzVgPQQ,0,13.15,AEF3-3e-Practical-English-Videos,2026-09-10T17:35:59.830068
AEF3e_Level_3_PE_Ep3_Jenny_has_coffee_with_a_friend.mp4,video,BQACAgQAAxkBAAP4aqKyPz2wqdB8s7Mm9hDHfPDvsyYAAtsgAAIiAxFR0LYLiuYvUos9BA,0,13.54,AEF3-3e-Practical-English-Videos,2026-09-10T17:35:59.831676
AEF3e_Level_3_PE_Ep2_Rob's_interview.mp4,video,BQACAgQAAxkBAAP6aqKyPwSgzqJGeso52T-0dA7rkl4AAt0gAAIiAxFR0kWZodQFA0c9BA,0,19.07,AEF3-3e-Practical-English-Videos,2026-09-10T17:35:59.832921
AEF3e_Level_3_PE_Ep2_Giving_opinions_listen_and_repeat.mp4,video,BQACAgQAAxkBAAP8aqKyP4HTiMqIyzw9WgOAQHLTq54AAt8gAAIiAxFRnHdPQ957cgc9BA,0,8.53,AEF3-3e-Practical-English-Videos,2026-09-10T17:35:59.834058
AEF3e_Level_3_PE_Ep4_Making_suggestions_listen_and_check.mp4,video,BQACAgQAAxkBAAIBDmqisj-BoxQIKgYNabWHS6X5Zcp_AALxIAACIgMRUfGc7Fw6vtBXPQQ,0,9.37,AEF3-3e-Practical-English-Videos,2026-09-10T17:35:59.835177
AEF3e_Level_3_PE_Ep5_Jenny_gets_a_surprise.mp4,video,BQACAgQAAxkBAAIBD2qisj--szD8oxJst3ZWZ0m3BMHCAALyIAACIgMRUd09YMJqe0AvPQQ,0,17.97,AEF3-3e-Practical-English-Videos,2026-09-10T17:35:59.836092
AEF3e_Level_3_PE_Ep1_Social_English_phrases.mp4,video,BQACAgQAAxkBAAP_aqKyP_AnMV-YWmejR78NYZRMpIQAAuIgAAIiAxFRUaenGdL5sps9BA,0,10.12,AEF3-3e-Practical-English-Videos,2026-09-10T17:35:59.836892
AEF3e_Level_3_PE_Ep5_Indirect_questions_listen_and_repeat.mp4,video,BQACAgQAAxkBAAIBEWqisj_eZuzdgEsEHOPLVzzChzycAAL0IAACIgMRUdx4huaBos5zPQQ,0,5.47,AEF3-3e-Practical-English-Videos,2026-09-10T17:35:59.837988
AEF3e_Level_3_PE_Ep3_Permissions_and_requests.mp4,video,BQACAgQAAxkBAAIBEmqisj89YemWVnQ8sAw4YB-yw4kaAAL1IAACIgMRURRlFV335GxZPQQ,0,15.7,AEF3-3e-Practical-English-Videos,2026-09-10T17:35:59.839666
AEF3e_Level_3_PE_Ep3_Social_English_phrases.mp4,video,BQACAgQAAxkBAAIBEGqisj-w92Dh67-du-a5KDtRY0VIAALzIAACIgMRUZQYjz6z-_tMPQQ,0,6.75,AEF3-3e-Practical-English-Videos,2026-09-10T17:35:59.840846
AEF3e_Level_3_PE_Ep2_Giving_opinions_listen_and_check.mp4,video,BQACAgQAAxkBAAP9aqKyP4GEo6cKGwX3C5vb5jFL1bgAAuAgAAIiAxFRFiiXmq9Rt8Q9BA,0,7.85,AEF3-3e-Practical-English-Videos,2026-09-10T17:35:59.842080
AEF3e_Level_3_Review_and_Check_1&2.mp4,video,BQACAgQAAxkBAAIBGmqisku-dh1keKKaDzavux-A4qeoAAL7IAACIgMRUXVIaFiQt06sPQQ,0,17.46,AEF3-3e-Review-and-Check-Videos,2026-09-10T17:36:11.360763
AEF3e_Level_3_Review_and_Check_5&6.mp4,video,BQACAgQAAxkBAAIBGGqisksfNNEn0RcdA3zw6HnscRA3AAL5IAACIgMRUShWWl7ATKYZPQQ,0,16.89,AEF3-3e-Review-and-Check-Videos,2026-09-10T17:36:11.361737
AEF3e_Level_3_Review_and_Check_7&8.mp4,video,BQACAgQAAxkBAAIBF2qisku5tCIuWxu1XJmoXeJJ9AJbAAL4IAACIgMRUSGOAkCDJaWEPQQ,0,18.25,AEF3-3e-Review-and-Check-Videos,2026-09-10T17:36:11.362641
AEF3e_Level_3_Review_and_Check_3&4.mp4,video,BQACAgQAAxkBAAIBGWqisktj_F5IaRrpk7VdrYYVL4LKAAL6IAACIgMRUaXU53waOpSOPQQ,0,17.84,AEF3-3e-Review-and-Check-Videos,2026-09-10T17:36:11.363400
AEF3e_Level_3_Review_and_Check_9&10.mp4,video,BQACAgQAAxkBAAIBFmqiskvVFNF2X6Zy7UQjBsA9oQJeAAL3IAACIgMRUWzSC49tVEHIPQQ,0,22.67,AEF3-3e-Review-and-Check-Videos,2026-09-10T17:36:11.364308
AEF3e_Level_3_8B_How_To_Complain_Part_1.mp4,video,BQACAgQAAxkBAAIBIGqismbZlU1GJGCs7y2IH3J1Z6ZiAAL-IAACIgMRUcPx_bizLUP8PQQ,0,10.18,AEF3-3e-Video-Listening-All-Video,2026-09-10T17:36:50.528613
AEF3e_Level_3_6B_Personal_Stylist_Part_1.mp4,video,BQACAgQAAxkBAAIBHmqismam6aevnRwmg1oIfqq7vBCFAAL8IAACIgMRUS1dBEwrBicgPQQ,0,32.11,AEF3-3e-Video-Listening-All-Video,2026-09-10T17:36:50.536184
AEF3e_Alex_Rawlings_Interview_part_2_V8_V2.mp4,video,BQACAgQAAxkBAAIBJGqismaeknBw6Ap1VAebUzAlGySRAAICIQACIgMRUa5XqwABiJvlkj0E,0,26.18,AEF3-3e-Video-Listening-All-Video,2026-09-10T17:36:50.538342
AEF3e_Level_3_6B_Personal_Stylist_Part_2.mp4,video,BQACAgQAAxkBAAIBI2qismYhtk_fGbvj_h09lGI2EMvfAAIBIQACIgMRUfDOTQq2a_xZPQQ,0,9.74,AEF3-3e-Video-Listening-All-Video,2026-09-10T17:36:50.544268
AEF3e_Level_3_10B_Queens_of_Crime.mp4,video,BQACAgQAAxkBAAIBImqismbtS1o8wW_tEMoXqk8T7jfbAAMhAAIiAxFRCXUMgCe8L3M9BA,0,32.25,AEF3-3e-Video-Listening-All-Video,2026-09-10T17:36:50.561380
AEF3e_Alex_Rawlings_Interview_part_3_V8_V2.mp4,video,BQACAgQAAxkBAAIBJWqismZN-qlk1abRX97CYEZUKW3LAAIDIQACIgMRUexqAS7aMs7dPQQ,0,15.87,AEF3-3e-Video-Listening-All-Video,2026-09-10T17:36:50.563373
AEF3e_Alex_Rawlings_Interview_part_1_V8_V2.mp4,video,BQACAgQAAxkBAAIBH2qismYs2GEe5MU2uEyFaXRlBls2AAL9IAACIgMRUX8iqGZhaQXKPQQ,0,11.59,AEF3-3e-Video-Listening-All-Video,2026-09-10T17:36:50.577743
AEF3e_Level_3_2B_The_Great_OUP_Bake_Sale.mp4,video,BQACAgQAAxkBAAIBIWqismZaMtmTnnyY3uvO7Ta2CjDDAAL_IAACIgMRUYWSTtdCOw1kPQQ,0,60.15,AEF3-3e-Video-Listening-All-Video,2026-09-10T17:36:50.580170
AEF3e_Level_3_8B_How_To_Complain_Part_2.mp4,video,BQACAgQAAxkBAAIBJmqismYX7DZIBXrV42lDdRbZVqepAAIEIQACIgMRUcUpO1mHY3QXPQQ,0,32.91,AEF3-3e-Video-Listening-All-Video,2026-09-10T17:36:50.586486
AEF3e_SB4_CE8&9_The_Conversation_d.mp4,video,BQACAgQAAxkBAAIBKmqisoRxoVDXILMyomIiGKF1JOe6AAIFIQACIgMRUYL-yaVzI2kGPQQ,0,8.77,AEF4-3e-Practical-English-Videos,2026-09-10T17:37:08.412116
AEF3e_SB4_CE2&3_The_Conversation.mp4,video,BQACAgQAAxkBAAIBK2qisoQtnxN-EzlDU3KDUB0wlMBqAAIGIQACIgMRURh2etm3DjU6PQQ,0,23.16,AEF4-3e-Practical-English-Videos,2026-09-10T17:37:08.413315
AEF3e_SB4_CE1_Interview_Part_1.mp4,video,BQACAgQAAxkBAAIBNmqisoRaKSmAAh7GPDDs11DvTIhXAAISIQACIgMRUYUAAd6ifpn5vT0E,0,18.83,AEF4-3e-Practical-English-Videos,2026-09-10T17:37:08.414323
AEF3e_SB4_CE6&7_Interview_Part_2.mp4,video,BQACAgQAAxkBAAIBN2qisoS4xCqy6VXqV1kPQrPs0VeNAAITIQACIgMRUXtC1BTbcQvFPQQ,0,18.66,AEF4-3e-Practical-English-Videos,2026-09-10T17:37:08.415169
AEF3e_SB4_CE2&3_Looking_at_language.mp4,video,BQACAgQAAxkBAAIBLWqisoRAH2Pj2L_0U5uWEb8kfx8SAAIIIQACIgMRUfKIfJL4_BQrPQQ,0,8.76,AEF4-3e-Practical-English-Videos,2026-09-10T17:37:08.415941
AEF3e_SB4_CE1_Looking_at_language.mp4,video,BQACAgQAAxkBAAIBOGqisoS2bjOtQuxPVSsCRntHMFZHAAIUIQACIgMRUR5C46iNEct1PQQ,0,8.07,AEF4-3e-Practical-English-Videos,2026-09-10T17:37:08.416657
AEF3e_SB4_CE6&7_The_Conversation.mp4,video,BQACAgQAAxkBAAIBOWqisoRU3OJ9av4NzMhhtGxGZmx4AAIVIQACIgMRUbZ16RDtVwy9PQQ,0,24.82,AEF4-3e-Practical-English-Videos,2026-09-10T17:37:08.417679
AEF3e_SB4_CE1_Interview_Part_3.mp4,video,BQACAgQAAxkBAAIBOmqisoQ8FAqqjeDtLX1tNtg8fMh-AAIWIQACIgMRUT0yb7cxXaggPQQ,0,18.03,AEF4-3e-Practical-English-Videos,2026-09-10T17:37:08.418435
AEF3e_SB4_CE4&5_Interview_Part_3.mp4,video,BQACAgQAAxkBAAIBMWqisoRAio2zcHw5in4XhJekygg_AAIMIQACIgMRUWELgA48iZH8PQQ,0,16.05,AEF4-3e-Practical-English-Videos,2026-09-10T17:37:08.419293
AEF3e_SB4_CE4&5_The_Conversation.mp4,video,BQACAgQAAxkBAAIBM2qisoQQYNNtqFQ_SVW_cfjyQ1WNAAIOIQACIgMRUcJMrolIDXX2PQQ,0,24.7,AEF4-3e-Practical-English-Videos,2026-09-10T17:37:08.420187
AEF3e_SB4_CE4&5_The_Conversation_d.mp4,video,BQACAgQAAxkBAAIBNGqisoRjYgNPewGWq4SIQ_2CC_C_AAIQIQACIgMRUS4NR_xPdRC5PQQ,0,5.16,AEF4-3e-Practical-English-Videos,2026-09-10T17:37:08.421377
AEF3e_SB4_CE6&7_The_Conversation_d.mp4,video,BQACAgQAAxkBAAIBO2qisoRpT2NXCjC3BAe36gZYarsqAAIXIQACIgMRUeClgIn3WmzIPQQ,0,7.41,AEF4-3e-Practical-English-Videos,2026-09-10T17:37:08.422887
AEF3e_SB4_CE1_Interview_Part_2.mp4,video,BQACAgQAAxkBAAIBPGqisoTY4tSUvGfoylmdz0yQkFYdAAIYIQACIgMRUfFs9Cy6FOUqPQQ,0,13.97,AEF4-3e-Practical-English-Videos,2026-09-10T17:37:08.423955
AEF3e_SB4_CE6&7_Looking_at_language.mp4,video,BQACAgQAAxkBAAIBPWqisoQvqr8qAVa1GD5GUxvqlppMAAIZIQACIgMRUe73AoxpuaKYPQQ,0,11,AEF4-3e-Practical-English-Videos,2026-09-10T17:37:08.424798
AEF3e_SB4_CE2&3_The_Conversation_d.mp4,video,BQACAgQAAxkBAAIBLGqisoSwaUVs0fzUxe3NSruUCFfNAAIHIQACIgMRUcSmRgmMxGApPQQ,0,4.47,AEF4-3e-Practical-English-Videos,2026-09-10T17:37:08.425553
AEF3e_SB4_CE4&5_Interview_Part_1.mp4,video,BQACAgQAAxkBAAIBL2qisoS_lSsv_JogmMYGEgthBKbiAAIKIQACIgMRUSlTeVvMt6qNPQQ,0,19.09,AEF4-3e-Practical-English-Videos,2026-09-10T17:37:08.426597
AEF3e_SB4_CE4&5_Looking_at_language.mp4,video,BQACAgQAAxkBAAIBMGqisoQVtgfKz0Xpd2R_z3nNiU6AAAILIQACIgMRUbg2CAm8XcFPPQQ,0,11.93,AEF4-3e-Practical-English-Videos,2026-09-10T17:37:08.427777
AEF3e_SB4_CE1_The_Conversation.mp4,video,BQACAgQAAxkBAAIBPmqisoTVrfcJD94t_FZP2l0INkQdAAIaIQACIgMRUaii3Q4yhkEHPQQ,0,22.39,AEF4-3e-Practical-English-Videos,2026-09-10T17:37:08.428548
AEF3e_SB4_CE6&7_Interview_Part_1.mp4,video,BQACAgQAAxkBAAIBMmqisoRpZ6l4sD-H-uKB4GNtA6yrAAINIQACIgMRUUdL6NKSgVnbPQQ,0,24.85,AEF4-3e-Practical-English-Videos,2026-09-10T17:37:08.429267
AEF3e_SB4_CE8&9_Interview_Part_2.mp4,video,BQACAgQAAxkBAAIBP2qisoR_m3e3TZjccxVRQQUJVoMqAAIbIQACIgMRUT85bagK2WL7PQQ,0,18.23,AEF4-3e-Practical-English-Videos,2026-09-10T17:37:08.430154
AEF3e_SB4_CE1_The_Conversation_e.mp4,video,BQACAgQAAxkBAAIBQGqisoQmh-h8PkLz-aRpqr_DziD9AAIcIQACIgMRUULW8EMiSbqNPQQ,0,4.01,AEF4-3e-Practical-English-Videos,2026-09-10T17:37:08.431677
AEF3e_SB4_CE8&9_Interview_Part_1.mp4,video,BQACAgQAAxkBAAIBQWqisoQfsmlj5CuxtXmLKz1JKRZ7AAIdIQACIgMRUe5C_u9ifE0uPQQ,0,19.27,AEF4-3e-Practical-English-Videos,2026-09-10T17:37:08.432681
AEF3e_SB4_CE1_The_Conversation_d.mp4,video,BQACAgQAAxkBAAIBQmqisoSeG19H_MdRbxVA3cnVpIxYAAIeIQACIgMRUSG13gg2GmMFPQQ,0,4.7,AEF4-3e-Practical-English-Videos,2026-09-10T17:37:08.433856
AEF3e_SB4_CE8&9_Looking_at_language.mp4,video,BQACAgQAAxkBAAIBQ2qisoQHwmhPtCP1gJep_Hz6tP3JAAIfIQACIgMRUSeh3ahFHAgSPQQ,0,8.78,AEF4-3e-Practical-English-Videos,2026-09-10T17:37:08.434967
AEF3e_SB4_CE2&3_Interview_Part_3.mp4,video,BQACAgQAAxkBAAIBRGqisoSlGqfNGDFG15qWGqWZ_cKhAAIgIQACIgMRUcVGSF8HfwABVz0E,0,15.34,AEF4-3e-Practical-English-Videos,2026-09-10T17:37:08.435692
AEF3e_SB4_CE8&9_Interview_Part_3.mp4,video,BQACAgQAAxkBAAIBRWqisoTOBVOhnmnJfaErkIDCK9pjAAIhIQACIgMRUW4UyoGXL7tqPQQ,0,22.96,AEF4-3e-Practical-English-Videos,2026-09-10T17:37:08.436459
AEF3e_SB4_CE2&3_Interview_Part_2.mp4,video,BQACAgQAAxkBAAIBRmqisoQEw-VRdghkJsleAUiZxz3hAAIiIQACIgMRUW1hB6u9R4bpPQQ,0,15.52,AEF4-3e-Practical-English-Videos,2026-09-10T17:37:08.437198
AEF3e_SB4_CE6&7_Interview_Part_3.mp4,video,BQACAgQAAxkBAAIBNWqisoQ7Ki7qqkSg9eyK02WqerMKAAIRIQACIgMRUXBJmuNVpP5NPQQ,0,18.05,AEF4-3e-Practical-English-Videos,2026-09-10T17:37:08.437978
AEF3e_SB4_CE8&9_The_Conversation.mp4,video,BQACAgQAAxkBAAIBR2qisoRBQ2SGFJpHox1LQYicLrW1AAIjIQACIgMRUWBi5U5-R2ssPQQ,0,21.07,AEF4-3e-Practical-English-Videos,2026-09-10T17:37:08.438913
AEF3e_SB4_CE2&3_Interview_Part_1.mp4,video,BQACAgQAAxkBAAIBSGqisoRgOGUPgBC1uaHUw449EzlaAAIkIQACIgMRUfnQ9G-EGPYePQQ,0,14.03,AEF4-3e-Practical-English-Videos,2026-09-10T17:37:08.440209
AEF3e_SB4_CE4&5_Interview_Part_2.mp4,video,BQACAgQAAxkBAAIBLmqisoQssjDCjXiQyTquuwGuVVLFAAIJIQACIgMRUYLbEroimxu8PQQ,0,20.52,AEF4-3e-Practical-English-Videos,2026-09-10T17:37:08.441373
AEF3e_SB4_Review_and_Check_1&2.mp4,video,BQACAgQAAxkBAAIBTGqispH67aPCummUx1btE1kpXCy1AAIlIQACIgMRUZWL3jvm7-pgPQQ,0,21.06,AEF4-3e-Review-and-Check-Videos,2026-09-10T17:37:21.310156
AEF3e_SB4_Review_and_Check_5&6.mp4,video,BQACAgQAAxkBAAIBTWqispGl2ge3jHiUd9KzIB5ssfb4AAImIQACIgMRUee2mp79kp4iPQQ,0,17.53,AEF4-3e-Review-and-Check-Videos,2026-09-10T17:37:21.311987
AEF3e_SB4_Review_and_Check_3&4.mp4,video,BQACAgQAAxkBAAIBTmqispGJhtt8jIT3s2D0zrHa1gm7AAInIQACIgMRUXCKhauI7j52PQQ,0,19.82,AEF4-3e-Review-and-Check-Videos,2026-09-10T17:37:21.313599
AEF3e_SB4_Review_and_Check_9&10.mp4,video,BQACAgQAAxkBAAIBT2qispHBOu3nCapKY4DtOpBfTC1OAAIoIQACIgMRUWe31f1GtKRiPQQ,0,29.09,AEF4-3e-Review-and-Check-Videos,2026-09-10T17:37:21.315298
AEF3e_SB4_Review_and_Check_7&8.mp4,video,BQACAgQAAxkBAAIBUGqispGHryzd-liH3e12auOtIasvAAIpIQACIgMRUQ-D9nQnhxN3PQQ,0,20.8,AEF4-3e-Review-and-Check-Videos,2026-09-10T17:37:21.316778
AEF3e_SB4_Some_very_special_jeans_1.mp4,video,BQACAgQAAxkBAAIBWGqisqpB1x0AAduBmcLsR603GkXpmAACMSEAAiIDEVEIhY7V9emPAj0E,0,52.34,AEF4-3e-Video-Listening-All-Video,2026-09-10T17:37:46.072549
AEF3e_SB4_Music_in_the_family_3.mp4,video,BQACAgQAAxkBAAIBVWqisqqrH6AQ9CHY_GroswxlYJZdAAIuIQACIgMRUdP6cjL1tlplPQQ,0,45.52,AEF4-3e-Video-Listening-All-Video,2026-09-10T17:37:46.074542
AEF3e_SB4_Riding_the_waves_2.mp4,video,BQACAgQAAxkBAAIBV2qisqp1O3yL0ivnRiTdmt1Vt8JfAAIwIQACIgMRUSV5_RTwes9gPQQ,0,43.22,AEF4-3e-Video-Listening-All-Video,2026-09-10T17:37:46.076173
AEF3e_SB4_The_speed_of_news_4.mp4,video,BQACAgQAAxkBAAIBVGqisqo_1iie_NDvg4tNtjZgDvZNAAItIQACIgMRUUPvyR7emlDuPQQ,0,31.78,AEF4-3e-Video-Listening-All-Video,2026-09-10T17:37:46.077981
AEF3e_SB4_Powerful_speeches_5.mp4,video,BQACAgQAAxkBAAIBVmqisqrNx4GcnwiddLnubB3NQj4LAAIvIQACIgMRUV2lU6lk8QbkPQQ,0,38.72,AEF4-3e-Video-Listening-All-Video,2026-09-10T17:37:46.080062
AEF3e_SB5_PE2&3_Looking_at_language.mp4,video,BQACAgQAAxkBAAIBXGqisrlkF5I16Hktun6qSYxaVBs9AAIyIQACIgMRUR2OpOtHBR8rPQQ,0,10.31,AEF5-3e-Interview-Videos,2026-09-10T17:38:01.100213
AEF3e_SB5_PE1_Interview_Part_1.mp4,video,BQACAgQAAxkBAAIBaWqisrnuAaEXnjz7zibpxsGgZcwaAAI_IQACIgMRUZVtUu8O5g1KPQQ,0,29.46,AEF5-3e-Interview-Videos,2026-09-10T17:38:01.102218
AEF3e_SB5_PE2&3_Interview_Part_1.mp4,video,BQACAgQAAxkBAAIBZ2qisrl1nyZ1N9XnnI-2kugsG1lSAAI9IQACIgMRUR-o-biJIvvrPQQ,0,23.27,AEF5-3e-Interview-Videos,2026-09-10T17:38:01.103754
AEF3e_SB5_PE6&7_Interview_Part_1.mp4,video,BQACAgQAAxkBAAIBbWqisrlkLb7wr-sk_jhgOL8Tia08AAJDIQACIgMRUd2TE6V_4yJNPQQ,0,17.6,AEF5-3e-Interview-Videos,2026-09-10T17:38:01.105071
AEF3e_SB5_PE4&5_Interview_Part_3.mp4,video,BQACAgQAAxkBAAIBbmqisrmzEd2bUp8OJ9amfIzywZiAAAJEIQACIgMRUYuXH2TgfGAbPQQ,0,30.04,AEF5-3e-Interview-Videos,2026-09-10T17:38:01.106208
AEF3e_SB5_PE8&9_Interview_Part_2.mp4,video,BQACAgQAAxkBAAIBYWqisrme39t6YaSfHh-2fZFw4T4eAAI3IQACIgMRUUTU4NHQURTSPQQ,0,23.66,AEF5-3e-Interview-Videos,2026-09-10T17:38:01.107333
AEF3e_SB5_PE4&5_Interview_Part_2.mp4,video,BQACAgQAAxkBAAIBb2qisrkxDstOMdExzSWv-ITerPrOAAJFIQACIgMRUTj5k2X6JJ2QPQQ,0,30.48,AEF5-3e-Interview-Videos,2026-09-10T17:38:01.108732
AEF3e_SB5_PE8&9_Interview_Part_1.mp4,video,BQACAgQAAxkBAAIBa2qisrmvPO_UasRre_rFhT4NwX7yAAJBIQACIgMRUdf4flzB6AtZPQQ,0,25.3,AEF5-3e-Interview-Videos,2026-09-10T17:38:01.110141
AEF3e_SB5_PE1_Looking_at_language.mp4,video,BQACAgQAAxkBAAIBXmqisrl7K5DyjXVV1EKys5jvSTOOAAI0IQACIgMRUXOx6N8r9XXWPQQ,0,11.87,AEF5-3e-Interview-Videos,2026-09-10T17:38:01.111263
AEF3e_SB5_PE6&7_Interview_Part_3.mp4,video,BQACAgQAAxkBAAIBbGqisrkh92UP-ClE9fYS_cWIeMalAAJCIQACIgMRUfAZBvze7NB9PQQ,0,28.12,AEF5-3e-Interview-Videos,2026-09-10T17:38:01.112672
AEF3e_SB5_PE2&3_Interview_Part_2.mp4,video,BQACAgQAAxkBAAIBXWqisrkKvgb59EzgyVRs8g49jGjoAAIzIQACIgMRUcuIAdnCmIiZPQQ,0,24.59,AEF5-3e-Interview-Videos,2026-09-10T17:38:01.114035
AEF3e_SB5_PE6&7_Interview_Part_2.mp4,video,BQACAgQAAxkBAAIBY2qisrlmCRNbtFYkoCBKX319EKvhAAI5IQACIgMRUSIdSKlFUOvhPQQ,0,25.06,AEF5-3e-Interview-Videos,2026-09-10T17:38:01.114911
AEF3e_SB5_PE4&5_Looking_at_language.mp4,video,BQACAgQAAxkBAAIBZGqisrnZXmP47MzkJzVDRuMMX0UIAAI6IQACIgMRUc-lHsiw3PVFPQQ,0,11.12,AEF5-3e-Interview-Videos,2026-09-10T17:38:01.115887
AEF3e_SB5_PE4&5_Interview_Part_1.mp4,video,BQACAgQAAxkBAAIBZWqisrmdJ6EfD_d4UVQtYRZV2pLcAAI7IQACIgMRUS-bO_rV4w0gPQQ,0,24.43,AEF5-3e-Interview-Videos,2026-09-10T17:38:01.116736
AEF3e_SB5_PE2&3_Interview_Part_3.mp4,video,BQACAgQAAxkBAAIBZmqisrlULyeUgTz2ch5CsOdaZKugAAI8IQACIgMRUavKl9j2pA99PQQ,0,26.23,AEF5-3e-Interview-Videos,2026-09-10T17:38:01.117826
AEF3e_SB5_PE1_Interview_Part_3.mp4,video,BQACAgQAAxkBAAIBaGqisrlsUE_x8FcuhLAo3KpJV7oKAAI-IQACIgMRUYUgrOWaY1DdPQQ,0,23.55,AEF5-3e-Interview-Videos,2026-09-10T17:38:01.119418
AEF3e_SB5_PE8&9_Looking_at_language.mp4,video,BQACAgQAAxkBAAIBYGqisrn7cQIEWKuodDXTgRO7EEUxAAI2IQACIgMRUc9wEo2xVmA1PQQ,0,9.51,AEF5-3e-Interview-Videos,2026-09-10T17:38:01.120363
AEF3e_SB5_PE6&7_Looking_at_language.mp4,video,BQACAgQAAxkBAAIBYmqisrn01f4we3WyNiIMPuYDSXubAAI4IQACIgMRUVf89x1Pwr3QPQQ,0,8.59,AEF5-3e-Interview-Videos,2026-09-10T17:38:01.121201
AEF3e_SB5_PE8&9_Interview_Part_3.mp4,video,BQACAgQAAxkBAAIBamqisrkNCiTYuDNfvh1ftxKtkIXUAAJAIQACIgMRUePYUSfbm3NzPQQ,0,27.27,AEF5-3e-Interview-Videos,2026-09-10T17:38:01.122322
AEF3e_SB5_PE1_Interview_Part_2.mp4,video,BQACAgQAAxkBAAIBX2qisrl-0l-ojuJmlupu0WC3JDgHAAI1IQACIgMRUYM_CSrKCh9MPQQ,0,22.9,AEF5-3e-Interview-Videos,2026-09-10T17:38:01.123453
AEF3e_SB5_The_comic_book_writer_2.mp4,video,BQACAgQAAxkBAAIBdWqissMadz2uI7aFVOOU7SSgxty2AAJIIQACIgMRURNZJDVNpm2aPQQ,0,25.2,AEF5-3e-Review-and-Check-Videos,2026-09-10T17:38:11.042859
AEF3e_SB5_Ellis_Island_5.mp4,video,BQACAgQAAxkBAAIBd2qissP8IUw_bWEjIFrKzS7l_3l0AAJKIQACIgMRUTCVQOIEAAGnID0E,0,26.53,AEF5-3e-Review-and-Check-Videos,2026-09-10T17:38:11.044065
AEF3e_SB5_The_history_of_English_1.mp4,video,BQACAgQAAxkBAAIBdGqissPylWZz9cD5BoyPhTaJqwcLAAJHIQACIgMRUS7CYahSufzEPQQ,0,28.02,AEF5-3e-Review-and-Check-Videos,2026-09-10T17:38:11.045439
AEF3e_SB5_The_history_of_penicillin_4.mp4,video,BQACAgQAAxkBAAIBc2qissOCgQk7VUFRdTICqSFbqhY3AAJGIQACIgMRUdFsPiAIB_l-PQQ,0,26.22,AEF5-3e-Review-and-Check-Videos,2026-09-10T17:38:11.047971
AEF3e_SB5_Giving_presentations_3.mp4,video,BQACAgQAAxkBAAIBdmqissPlrndT-tKpTd_NXjv0MzQWAAJJIQACIgMRUe6tMnD4XiP_PQQ,0,25.65,AEF5-3e-Review-and-Check-Videos,2026-09-10T17:38:11.049707
AEF3e_SB5_PE4&5_On_the_street.mp4,video,BQACAgQAAxkBAAIBg2qistM4yn9DILi1_210iM3IN-YWAAJTIQACIgMRUZGxlR7PoKq6PQQ,0,32.2,AEF5-3e-On-the-Street-Videos,2026-09-10T17:38:27.664259
AEF3e_SB5_PE4&5_On_the_street_extracts.mp4,video,BQACAgQAAxkBAAIBfWqistPko5WFiXh0YZXX6JynGPiCAAJNIQACIgMRUU5Ti5sqvaqsPQQ,0,4.77,AEF5-3e-On-the-Street-Videos,2026-09-10T17:38:27.665362
AEF3e_SB5_PE6&7_On_the_street.mp4,video,BQACAgQAAxkBAAIBe2qistOKvDEl2Bdgmbs-yoUUuRW-AAJLIQACIgMRUSWac7o2NqANPQQ,0,20.69,AEF5-3e-On-the-Street-Videos,2026-09-10T17:38:27.666243
AEF3e_SB5_PE2&3_On_the_street_extracts.mp4,video,BQACAgQAAxkBAAIBfGqistOxDTWUrGBSuV9EWJgClUhWAAJMIQACIgMRUSH5apnlZIRrPQQ,0,4.29,AEF5-3e-On-the-Street-Videos,2026-09-10T17:38:27.667026
AEF3e_SB5_PE1_On_the_street.mp4,video,BQACAgQAAxkBAAIBgGqistNHX--H_QZFxTYFe9GNXXyLAAJQIQACIgMRUXalZhRNvWmsPQQ,0,29.82,AEF5-3e-On-the-Street-Videos,2026-09-10T17:38:27.668137
AEF3e_SB5_PE6&7_On_the_street_extracts.mp4,video,BQACAgQAAxkBAAIBf2qistPhVay_ynvi3x9j9kTS8a2EAAJPIQACIgMRUVjwQpQy-sQcPQQ,0,5.13,AEF5-3e-On-the-Street-Videos,2026-09-10T17:38:27.669579
AEF3e_SB5_PE8&9_On_the_street_extracts.mp4,video,BQACAgQAAxkBAAIBgWqistP_UoqbXF7gywABOjzAfe7-pwACUSEAAiIDEVFv1Jv5uLiDoj0E,0,4.45,AEF5-3e-On-the-Street-Videos,2026-09-10T17:38:27.671155
AEF3e_SB5_PE8&9_On_the_street.mp4,video,BQACAgQAAxkBAAIBfmqistNjMKu59TKbgAUCheKdMhTpAAJOIQACIgMRUWGY5MfBwX4pPQQ,0,32.09,AEF5-3e-On-the-Street-Videos,2026-09-10T17:38:27.672693
AEF3e_SB5_PE2&3_On_the_street.mp4,video,BQACAgQAAxkBAAIBgmqistNc7TvAB0SuQgyBQD7QgkmCAAJSIQACIgMRUZANAQlcP1HIPQQ,0,20.66,AEF5-3e-On-the-Street-Videos,2026-09-10T17:38:27.674371
AEF3e_SB5_PE1_On_the_street_extracts.mp4,video,BQACAgQAAxkBAAIBhGqistPRCxsD7R75F9yHUK56frJgAAJUIQACIgMRUfj9c2leMmjRPQQ,0,4.79,AEF5-3e-On-the-Street-Videos,2026-09-10T17:38:27.675942
AEF3e_Starter_SB_1.21.mp3,audio,CQACAgQAAxkBAAIBiGqisxG1ji0yqhp9GHI2jnlx7GKYAAJRHgACmGnxUPLdxNzrhMyzPQQ,42,0.65,Starter-SB-Tracks,2026-09-10T17:39:31.518231
AEF3e_Starter_SB_1.04.mp3,audio,CQACAgQAAxkBAAIBiWqisxGg9L2oTFiShuXSIizudVXzAAJSHgACmGnxUNQJdXOYQKRjPQQ,35,0.54,Starter-SB-Tracks,2026-09-10T17:39:31.520186
AEF3e_Starter_SB_1.16.mp3,audio,CQACAgQAAxkBAAIBlGqisxHU4xon--KttwEZO3jhRwOBAAJdHgACmGnxUHX-qjCj-6CxPQQ,72,1.1,Starter-SB-Tracks,2026-09-10T17:39:31.520971
AEF3e_Starter_SB_1.41.mp3,audio,CQACAgQAAxkBAAIBimqisxEJbSmsKU6k-6ghl6FpPL-jAAJTHgACmGnxUEU2YJLwT_RoPQQ,30,0.46,Starter-SB-Tracks,2026-09-10T17:39:31.521583
AEF3e_Starter_SB_1.36.mp3,audio,CQACAgQAAxkBAAIBlWqisxHwvHKZ_wTp8po8YpCawOYmAAJeHgACmGnxUFa-slSSBM9tPQQ,44,0.67,Starter-SB-Tracks,2026-09-10T17:39:31.522189
AEF3e_Starter_SB_1.19.mp3,audio,CQACAgQAAxkBAAIBlmqisxFkGQNsz2KjyxCMh89r80y2AAJfHgACmGnxUG4_YRznp5f1PQQ,17,0.27,Starter-SB-Tracks,2026-09-10T17:39:31.522856
AEF3e_Starter_SB_1.27.mp3,audio,CQACAgQAAxkBAAIBjmqisxEcT-0kJ6TZJrLBZ3L7EAGDAAJXHgACmGnxUI3inUu3CsqxPQQ,55,0.84,Starter-SB-Tracks,2026-09-10T17:39:31.523587
AEF3e_Starter_SB_1.02.mp3,audio,CQACAgQAAxkBAAIBl2qisxGyKg5k2wxf51m6afqGwNJ0AAJgHgACmGnxUMHMMqCoeLDYPQQ,80,1.23,Starter-SB-Tracks,2026-09-10T17:39:31.524351
AEF3e_Starter_SB_1.47.mp3,audio,CQACAgQAAxkBAAIBkGqisxHlxw-La_oQTfE7uxCCwgfKAAJZHgACmGnxUK2i9nDCWk6pPQQ,32,0.49,Starter-SB-Tracks,2026-09-10T17:39:31.524957
AEF3e_Starter_SB_1.39.mp3,audio,CQACAgQAAxkBAAIBmGqisxEjD_kOYW8pAr3iY3HBIEJwAAJhHgACmGnxUAr2gghalqnvPQQ,72,1.1,Starter-SB-Tracks,2026-09-10T17:39:31.525796
AEF3e_Starter_SB_1.13.mp3,audio,CQACAgQAAxkBAAIBkmqisxGhqpdQOQUwuGUHATS4PGBYAAJbHgACmGnxUFwXv0_OGg3GPQQ,26,0.41,Starter-SB-Tracks,2026-09-10T17:39:31.526648
AEF3e_Starter_SB_1.22.mp3,audio,CQACAgQAAxkBAAIBmWqisxE1va46LaawVc3MGaOpneo9AAJiHgACmGnxUBiakBeEXgW_PQQ,37,0.58,Starter-SB-Tracks,2026-09-10T17:39:31.527594
AEF3e_Starter_SB_1.33.mp3,audio,CQACAgQAAxkBAAIBk2qisxGeE_4PmuL6ctZjuKNpadrJAAJcHgACmGnxUDZB7xagmlAUPQQ,71,1.08,Starter-SB-Tracks,2026-09-10T17:39:31.529112
AEF3e_Starter_SB_1.05.mp3,audio,CQACAgQAAxkBAAIBmmqisxGP9eicxQaHY3Zegi7L9WE8AAJjHgACmGnxUBBCeu83YAmKPQQ,20,0.32,Starter-SB-Tracks,2026-09-10T17:39:31.530261
AEF3e_Starter_SB_1.42.mp3,audio,CQACAgQAAxkBAAIBm2qisxG59QU6c3dPyxPg9nmSeOaAAAJkHgACmGnxUOV1G6u9cwSlPQQ,21,0.32,Starter-SB-Tracks,2026-09-10T17:39:31.551860
AEF3e_Starter_SB_1.24.mp3,audio,CQACAgQAAxkBAAIBi2qisxFPWJaUOKUmej-FaAhmSGO4AAJUHgACmGnxUC5vGb2OJBIMPQQ,39,0.61,Starter-SB-Tracks,2026-09-10T17:39:31.553072
AEF3e_Starter_SB_1.07.mp3,audio,CQACAgQAAxkBAAIBjGqisxHgIz9K9hhqcSGZHChFvYJsAAJVHgACmGnxUA-Ep7qP20OgPQQ,20,0.32,Starter-SB-Tracks,2026-09-10T17:39:31.554757
AEF3e_Starter_SB_1.25.mp3,audio,CQACAgQAAxkBAAIBnGqisxEdWWhLWYq-00PoZhRBKPlbAAJlHgACmGnxUF8AAZQ6K3XAPT0E,51,0.79,Starter-SB-Tracks,2026-09-10T17:39:31.556550
AEF3e_Starter_SB_1.44.mp3,audio,CQACAgQAAxkBAAIBjWqisxHbDViRMiezgS7ojsuxs2GGAAJWHgACmGnxUISa3og0hyUIPQQ,67,1.02,Starter-SB-Tracks,2026-09-10T17:39:31.557345
AEF3e_Starter_SB_1.08.mp3,audio,CQACAgQAAxkBAAIBnWqisxFrA5oPVqbJ-cMoF0K0sEzTAAJmHgACmGnxUOecj4Qgr0V1PQQ,38,0.59,Starter-SB-Tracks,2026-09-10T17:39:31.558303
AEF3e_Starter_SB_1.45.mp3,audio,CQACAgQAAxkBAAIBnmqisxHnkvf-J9oFwpImYeibKA6sAAJnHgACmGnxUEpYrBbzILUlPQQ,20,0.32,Starter-SB-Tracks,2026-09-10T17:39:31.559094
AEF3e_Starter_SB_1.30.mp3,audio,CQACAgQAAxkBAAIBkWqisxGjvRWYe1OUIyMljCOdEfXgAAJaHgACmGnxUFfSPGoWtLg3PQQ,67,1.03,Starter-SB-Tracks,2026-09-10T17:39:31.559893
AEF3e_Starter_SB_1.28.mp3,audio,CQACAgQAAxkBAAIBn2qisxHJzJosuRkcQJwXEZiuriDJAAJoHgACmGnxUNHb7Yf1TRfTPQQ,29,0.45,Starter-SB-Tracks,2026-09-10T17:39:31.560762
AEF3e_Starter_SB_1.11.mp3,audio,CQACAgQAAxkBAAIBoGqisxHUS1C8y3LPCHoVLi8c7gQ-AAJpHgACmGnxUP5TY7IalX92PQQ,49,0.76,Starter-SB-Tracks,2026-09-10T17:39:31.561671
AEF3e_Starter_SB_1.31.mp3,audio,CQACAgQAAxkBAAIBoWqisxFhDHwWq3dDoU7S5MxkQSmyAAJqHgACmGnxUEMbLMTSOfGyPQQ,33,0.51,Starter-SB-Tracks,2026-09-10T17:39:31.562700
AEF3e_Starter_SB_1.14.mp3,audio,CQACAgQAAxkBAAIBomqisxGcVlk_gSi-E7XYmLAVj6_SAAJrHgACmGnxUIhaEpbmSuumPQQ,14,0.22,Starter-SB-Tracks,2026-09-10T17:39:31.563749
AEF3e_Starter_SB_1.34.mp3,audio,CQACAgQAAxkBAAIBo2qisxETMJgDjxnpbiC1f1FmzpMZAAJsHgACmGnxUEkwAZ-ZkT39PQQ,76,1.16,Starter-SB-Tracks,2026-09-10T17:39:31.565323
AEF3e_Starter_SB_1.17.mp3,audio,CQACAgQAAxkBAAIBpGqisxGNg_yWfxgBylNHEVJRlsUVAAJtHgACmGnxUCe8b5xN1UZFPQQ,79,1.21,Starter-SB-Tracks,2026-09-10T17:39:31.566167
AEF3e_Starter_SB_1.37.mp3,audio,CQACAgQAAxkBAAIBpWqisxFMWWMmNwfeTGkxL9xhwTNyAAJuHgACmGnxUE74rGcp8QJlPQQ,15,0.24,Starter-SB-Tracks,2026-09-10T17:39:31.567020
AEF3e_Starter_SB_1.20.mp3,audio,CQACAgQAAxkBAAIBpmqisxHF7EBZS5duR477PVKHh7-1AAJvHgACmGnxUAljRK38RYDdPQQ,26,0.4,Starter-SB-Tracks,2026-09-10T17:39:31.568033
AEF3e_Starter_SB_1.03.mp3,audio,CQACAgQAAxkBAAIBp2qisxGlSZLqlNgxuP3qlbg08VenAAJwHgACmGnxUPuS9LzzXWqvPQQ,113,1.72,Starter-SB-Tracks,2026-09-10T17:39:31.568883
AEF3e_Starter_SB_1.40.mp3,audio,CQACAgQAAxkBAAIBqGqisxEGhcgpjoTpY9IvUr1s_a4DAAJxHgACmGnxULkiZaqf0s7KPQQ,54,0.83,Starter-SB-Tracks,2026-09-10T17:39:31.569739
AEF3e_Starter_SB_1.23.mp3,audio,CQACAgQAAxkBAAIBqWqisxHrreMg0KZ-nhYQ3hkiHAwnAAJyHgACmGnxUNoqsDW1D6L7PQQ,42,0.64,Starter-SB-Tracks,2026-09-10T17:39:31.570795
AEF3e_Starter_SB_1.06.mp3,audio,CQACAgQAAxkBAAIBqmqisxEc5QpW9srzYW4AAX3j7ilh5wACcx4AAphp8VCaBHA2pf6Mjz0E,36,0.56,Starter-SB-Tracks,2026-09-10T17:39:31.571962
AEF3e_Starter_SB_1.43.mp3,audio,CQACAgQAAxkBAAIBq2qisxGb-mXXROM1fQ0QsyphcfbiAAJ0HgACmGnxUMX5C9M9bImdPQQ,36,0.55,Starter-SB-Tracks,2026-09-10T17:39:31.573332
AEF3e_Starter_SB_1.26.mp3,audio,CQACAgQAAxkBAAIBrGqisxH5RQyP00cflx9xnF0ywpAcAAJ1HgACmGnxUJYQHcy5zyBYPQQ,19,0.3,Starter-SB-Tracks,2026-09-10T17:39:31.574281
AEF3e_Starter_SB_1.09.mp3,audio,CQACAgQAAxkBAAIBrWqisxE4WkBYELFkHWNbpWnmf8N7AAJ2HgACmGnxUGnrN5qEsR3HPQQ,34,0.53,Starter-SB-Tracks,2026-09-10T17:39:31.575007
AEF3e_Starter_SB_1.46.mp3,audio,CQACAgQAAxkBAAIBrmqisxGJBXrGK1YXRWvOnpbaMOIkAAJ3HgACmGnxUOz6VRiLkbJGPQQ,56,0.86,Starter-SB-Tracks,2026-09-10T17:39:31.575723
AEF3e_Starter_SB_1.29.mp3,audio,CQACAgQAAxkBAAIBr2qisxGgaPUY-rLo9CgUgbX32cMMAAJ4HgACmGnxUNYq5G9LkOO7PQQ,36,0.56,Starter-SB-Tracks,2026-09-10T17:39:31.576500
AEF3e_Starter_SB_1.12.mp3,audio,CQACAgQAAxkBAAIBsGqisxG3jWTRl0HVOk1NLPdO53WdAAJ5HgACmGnxUIU6wF4s469SPQQ,15,0.23,Starter-SB-Tracks,2026-09-10T17:39:31.577369
AEF3e_Starter_SB_1.32.mp3,audio,CQACAgQAAxkBAAIBsWqisxHlpdJXKvl9fM-KuI-Dg8KYAAJ6HgACmGnxUBJjUdx5SFk8PQQ,78,1.2,Starter-SB-Tracks,2026-09-10T17:39:31.578448
AEF3e_Starter_SB_1.15.mp3,audio,CQACAgQAAxkBAAIBsmqisxFDP3ePnekrpPmsWhMD6H_6AAJ7HgACmGnxUEjgVyarL0FIPQQ,55,0.84,Starter-SB-Tracks,2026-09-10T17:39:31.579686
AEF3e_Starter_SB_1.35.mp3,audio,CQACAgQAAxkBAAIBs2qisxHI9-i2yjEY5FLm3JfwSqSXAAJ8HgACmGnxUIjcL7T6KJXDPQQ,58,0.89,Starter-SB-Tracks,2026-09-10T17:39:31.580600
AEF3e_Starter_SB_1.18.mp3,audio,CQACAgQAAxkBAAIBtGqisxGRFyXRHCE_K8UT_NOq8uhtAAJ9HgACmGnxUK5MY4CtxVa0PQQ,81,1.23,Starter-SB-Tracks,2026-09-10T17:39:31.582017
AEF3e_Starter_SB_1.38.mp3,audio,CQACAgQAAxkBAAIBtWqisxHYshS0QkxYFEfNvy5WKhU7AAJ-HgACmGnxUEVBTeYLvEDIPQQ,56,0.86,Starter-SB-Tracks,2026-09-10T17:39:31.583008
AEF3e_Starter_SB_2.11.mp3,audio,CQACAgQAAxkBAAIBtmqisxF0-Qf4da9ISvRRHw9fhz2tAAJ_HgACmGnxUKwk1XPAeONAPQQ,37,0.57,Starter-SB-Tracks,2026-09-10T17:39:31.583873
AEF3e_Starter_SB_2.12.mp3,audio,CQACAgQAAxkBAAIBt2qisxED4lOkBG6xGqgb_XtR_sjXAAKAHgACmGnxUHfOjLqdjx69PQQ,40,0.61,Starter-SB-Tracks,2026-09-10T17:39:31.584732
AEF3e_Starter_SB_2.13.mp3,audio,CQACAgQAAxkBAAIBuGqisxE_oBd_JWcwuLFQvzhjfc95AAKBHgACmGnxUDNnEvyXfu2qPQQ,22,0.34,Starter-SB-Tracks,2026-09-10T17:39:31.585591
AEF3e_Starter_SB_2.14.mp3,audio,CQACAgQAAxkBAAIBuWqisxGlSzmt5h4VY3raG06ZO5-NAAKCHgACmGnxUC76rIiqHiF3PQQ,65,1,Starter-SB-Tracks,2026-09-10T17:39:31.586646
AEF3e_Starter_SB_2.15.mp3,audio,CQACAgQAAxkBAAIBumqisxHrp1soWqKR1oTf0lrOdRuHAAKDHgACmGnxUE1t5mz7m8ZbPQQ,97,1.48,Starter-SB-Tracks,2026-09-10T17:39:31.587809
AEF3e_Starter_SB_2.16.mp3,audio,CQACAgQAAxkBAAIBu2qisxEN7FvX3xZAQaq0E9SUhi6zAAKEHgACmGnxULJZ4eUymWB1PQQ,15,0.23,Starter-SB-Tracks,2026-09-10T17:39:31.589091
AEF3e_Starter_SB_1.10.mp3,audio,CQACAgQAAxkBAAIBj2qisxFkkw6PVE08uKHP-Hlqou7mAAJYHgACmGnxUKvTCL-V8i8QPQQ,60,0.92,Starter-SB-Tracks,2026-09-10T17:39:31.590218
AEF3e_Starter_SB_2.17.mp3,audio,CQACAgQAAxkBAAIBvGqisxHEZI4hN-OTkQWkvCIdbzd4AAKFHgACmGnxUM2P2GOPHw67PQQ,55,0.85,Starter-SB-Tracks,2026-09-10T17:39:31.591032
AEF3e_Starter_SB_2.18.mp3,audio,CQACAgQAAxkBAAIBvWqisxHYEuUuWPT5aWGfMxEjxr8zAAKGHgACmGnxUGTfzeAxxDqlPQQ,36,0.56,Starter-SB-Tracks,2026-09-10T17:39:31.591823
AEF3e_Starter_SB_2.19.mp3,audio,CQACAgQAAxkBAAIBvmqisxGa2k9xyoovf4wO8BvZxMERAAKHHgACmGnxUJnhm03Ol8hFPQQ,11,0.17,Starter-SB-Tracks,2026-09-10T17:39:31.592574
AEF3e_Starter_SB_2.20.mp3,audio,CQACAgQAAxkBAAIBv2qisxEQ6qH-omeZSbDTpvDzWAtrAAKIHgACmGnxUDsrNMoFy1IuPQQ,32,0.49,Starter-SB-Tracks,2026-09-10T17:39:31.593485
AEF3e_Starter_SB_2.21.mp3,audio,CQACAgQAAxkBAAIBwGqisxEsf0ZOPkH7LsW1nTLVy3WSAAKJHgACmGnxUCDi0HkuOjw0PQQ,39,0.6,Starter-SB-Tracks,2026-09-10T17:39:31.594446
AEF3e_Starter_SB_2.01.mp3,audio,CQACAgQAAxkBAAIBwWqisxFneyqpUzlzrQuRQuWMuBffAAKKHgACmGnxUMy7mjoSQTCePQQ,87,1.33,Starter-SB-Tracks,2026-09-10T17:39:31.595638
AEF3e_Starter_SB_2.22.mp3,audio,CQACAgQAAxkBAAIBwmqisxG7BQy9K_c6BJytWzTyh2tQAAKLHgACmGnxULrsn80uUjcJPQQ,60,0.92,Starter-SB-Tracks,2026-09-10T17:39:31.596598
AEF3e_Starter_SB_2.02.mp3,audio,CQACAgQAAxkBAAIBw2qisxF8eLJGBk8DwFU3UQKnlvVRAAKMHgACmGnxUNfeMtPHe2CrPQQ,32,0.49,Starter-SB-Tracks,2026-09-10T17:39:31.597999
AEF3e_Starter_SB_2.23.mp3,audio,CQACAgQAAxkBAAIBxGqisxExN6bRRc-EqXxsY1Sx28rlAAKNHgACmGnxUGvnK16Jb2fdPQQ,96,1.46,Starter-SB-Tracks,2026-09-10T17:39:31.599055
AEF3e_Starter_SB_2.03.mp3,audio,CQACAgQAAxkBAAIBxWqisxEi7_hNl7i3VRdIKHFGHvgKAAKOHgACmGnxUGFJirKo9D1aPQQ,26,0.4,Starter-SB-Tracks,2026-09-10T17:39:31.599956
AEF3e_Starter_SB_2.24.mp3,audio,CQACAgQAAxkBAAIBxmqisxE5Eg8mAtCnevU4MtiBng__AAKPHgACmGnxUBDxSY4cs46mPQQ,77,1.18,Starter-SB-Tracks,2026-09-10T17:39:31.600798
AEF3e_Starter_SB_2.04.mp3,audio,CQACAgQAAxkBAAIBx2qisxG-i3IRWnXpXqZlR4LDNELKAAKQHgACmGnxUMe5uhOvlEoFPQQ,159,2.42,Starter-SB-Tracks,2026-09-10T17:39:31.601701
AEF3e_Starter_SB_2.25.mp3,audio,CQACAgQAAxkBAAIByGqisxEgfBCiir8drLVfpyTt2bkpAAKRHgACmGnxUCGTOCmZGWo1PQQ,37,0.57,Starter-SB-Tracks,2026-09-10T17:39:31.602503
AEF3e_Starter_SB_2.05.mp3,audio,CQACAgQAAxkBAAIByWqisxEJmAABOOi5JpVq-0KoPwLjQQACkh4AAphp8VDb1TLnNoELVz0E,35,0.54,Starter-SB-Tracks,2026-09-10T17:39:31.603430
AEF3e_Starter_SB_2.26.mp3,audio,CQACAgQAAxkBAAIBymqisxFZZT9fQVYW_OO0vp98puT8AAKTHgACmGnxUOTtNQaTSQQIPQQ,62,0.95,Starter-SB-Tracks,2026-09-10T17:39:31.604510
AEF3e_Starter_SB_2.06.mp3,audio,CQACAgQAAxkBAAIBy2qisxFcfIrtIWhBjdQp1Q-wvKIJAAKUHgACmGnxUL8rRdujA7w5PQQ,22,0.34,Starter-SB-Tracks,2026-09-10T17:39:31.605797
AEF3e_Starter_SB_2.27.mp3,audio,CQACAgQAAxkBAAIBzGqisxHGot1uiR4apMHcLpNXtAiZAAKVHgACmGnxUAVJmmMPh_hJPQQ,60,0.92,Starter-SB-Tracks,2026-09-10T17:39:31.607086
AEF3e_Starter_SB_2.07.mp3,audio,CQACAgQAAxkBAAIBzWqisxEDTHXT3EclQ8cFzqN1ZlIDAAKWHgACmGnxUPxqTg4vYctaPQQ,24,0.37,Starter-SB-Tracks,2026-09-10T17:39:31.607872
AEF3e_Starter_SB_2.28.mp3,audio,CQACAgQAAxkBAAIBzmqisxEwY4hu_gpCHFKmDcxeZJHBAAKXHgACmGnxUEXv1y73E-4ZPQQ,65,1,Starter-SB-Tracks,2026-09-10T17:39:31.608881
AEF3e_Starter_SB_2.08.mp3,audio,CQACAgQAAxkBAAIBz2qisxEaf_Eo0jej1dUJvQ0x3ChFAAKYHgACmGnxUKOW6d4dnFF3PQQ,26,0.41,Starter-SB-Tracks,2026-09-10T17:39:31.609933
AEF3e_Starter_SB_2.09.mp3,audio,CQACAgQAAxkBAAIB0GqisxH1XLqtTk0BWLTXKmK_2DkVAAKZHgACmGnxUBLgPoX782jTPQQ,72,1.11,Starter-SB-Tracks,2026-09-10T17:39:31.610909
AEF3e_Starter_SB_2.10.mp3,audio,CQACAgQAAxkBAAIB0WqisxFqxi5iF9DMsk2RoOsjOSpjAAKaHgACmGnxUKRR3Y3UsdLePQQ,60,0.92,Starter-SB-Tracks,2026-09-10T17:39:31.612149
AEF3e_Starter_SB_3.11.mp3,audio,CQACAgQAAxkBAAIB0mqisxF1Pipa2vRBNRjsxJYIEQPzAAKbHgACmGnxUGUU--JSZn9RPQQ,38,0.58,Starter-SB-Tracks,2026-09-10T17:39:31.613233
AEF3e_Starter_SB_3.12.mp3,audio,CQACAgQAAxkBAAIB02qisxHCAzZs8MhHmNYR0beq_fOpAAKcHgACmGnxUDooLDoZ96Q-PQQ,62,0.95,Starter-SB-Tracks,2026-09-10T17:39:31.614182
AEF3e_Starter_SB_3.13.mp3,audio,CQACAgQAAxkBAAIB1GqisxHsIaYPV7JZTr0rjkYcwXVyAAKdHgACmGnxUPoWrXdHMinRPQQ,42,0.64,Starter-SB-Tracks,2026-09-10T17:39:31.615176
AEF3e_Starter_SB_3.14.mp3,audio,CQACAgQAAxkBAAIB1WqisxFeo_ekZjNJEQY0iblQOGYHAAKeHgACmGnxUEUF2J-qs-L4PQQ,22,0.34,Starter-SB-Tracks,2026-09-10T17:39:31.616068
AEF3e_Starter_SB_3.15.mp3,audio,CQACAgQAAxkBAAIB1mqisxESo1eFK_ttdbfWrBks-ZkgAAKfHgACmGnxUGmpSVSLAhqaPQQ,21,0.32,Starter-SB-Tracks,2026-09-10T17:39:31.616950
AEF3e_Starter_SB_3.16.mp3,audio,CQACAgQAAxkBAAIB12qisxE7zOHL50Jxaatuh3Lgd757AAKgHgACmGnxUOrqQOrOAis3PQQ,42,0.64,Starter-SB-Tracks,2026-09-10T17:39:31.617892
AEF3e_Starter_SB_3.17.mp3,audio,CQACAgQAAxkBAAIB2GqisxFH88V0ouTCC-Zu7tXk-NuMAAKhHgACmGnxUGZh4rMINpQzPQQ,39,0.6,Starter-SB-Tracks,2026-09-10T17:39:31.618913
AEF3e_Starter_SB_3.18.mp3,audio,CQACAgQAAxkBAAIB2WqisxHjoo_V2mPbDeATFi0ZV1KnAAKiHgACmGnxUGj-ur0K7PYCPQQ,24,0.37,Starter-SB-Tracks,2026-09-10T17:39:31.620131
AEF3e_Starter_SB_3.19.mp3,audio,CQACAgQAAxkBAAIB2mqisxFyjGoEehb4Spv63EmBKBTgAAKjHgACmGnxUJzKVh3d8xUdPQQ,65,1,Starter-SB-Tracks,2026-09-10T17:39:31.621414
AEF3e_Starter_SB_3.20.mp3,audio,CQACAgQAAxkBAAIB22qisxEZU48YKUAZ3UUM419nzgKMAAKkHgACmGnxUKHfShT8tnCxPQQ,55,0.85,Starter-SB-Tracks,2026-09-10T17:39:31.623062
AEF3e_Starter_SB_3.21.mp3,audio,CQACAgQAAxkBAAIB3GqisxE7QODtFAO1BnyPrjowIR2OAAKlHgACmGnxUAv8urAvdamhPQQ,44,0.68,Starter-SB-Tracks,2026-09-10T17:39:31.624695
AEF3e_Starter_SB_3.01.mp3,audio,CQACAgQAAxkBAAIB3WqisxGmLB_d57T5XnIYMjz7UY3tAAKmHgACmGnxUH7u9FWezwrJPQQ,84,1.23,Starter-SB-Tracks,2026-09-10T17:39:31.625747
AEF3e_Starter_SB_3.22.mp3,audio,CQACAgQAAxkBAAIB3mqisxFVX5UJJZQX_xP8KgIcV4ZoAAKnHgACmGnxUEFUU13EcAKAPQQ,99,1.51,Starter-SB-Tracks,2026-09-10T17:39:31.626551
AEF3e_Starter_SB_3.02.mp3,audio,CQACAgQAAxkBAAIB32qisxHV-qBvRNJlNOKAZXYHjbf7AAKoHgACmGnxUOEbkeMSoir-PQQ,56,0.86,Starter-SB-Tracks,2026-09-10T17:39:31.627382
AEF3e_Starter_SB_3.23.mp3,audio,CQACAgQAAxkBAAIB4GqisxHI9dJ_axbdM8Zti81JAeoYAAKpHgACmGnxUEFbZkyJldJlPQQ,29,0.45,Starter-SB-Tracks,2026-09-10T17:39:31.628857
AEF3e_Starter_SB_3.07.mp3,audio,CQACAgQAAxkBAAIB6GqisxHRnSqaPsHGtgOTtloPZ1H1AAKzHgACmGnxUI4Wlkl_k-p6PQQ,100,1.53,Starter-SB-Tracks,2026-09-10T17:39:31.728435
AEF3e_Starter_SB_3.09.mp3,audio,CQACAgQAAxkBAAIB6mqisxFJL88CwB2flEJ_mDEmdm58AAK1HgACmGnxUNQIe273GAQ1PQQ,37,0.58,Starter-SB-Tracks,2026-09-10T17:39:31.730726
AEF3e_Starter_SB_3.03.mp3,audio,CQACAgQAAxkBAAIB4WqisxHrVFA46q09Vst4cLANxW67AAKrHgACmGnxUFTkEjnPoUyjPQQ,18,0.28,Starter-SB-Tracks,2026-09-10T17:39:31.732525
AEF3e_Starter_SB_3.24.mp3,audio,CQACAgQAAxkBAAIB4mqisxGzRnxzI6x3LZhfYFlImZBlAAKsHgACmGnxUBy8xtUjsqCXPQQ,44,0.68,Starter-SB-Tracks,2026-09-10T17:39:31.734686
AEF3e_Starter_SB_3.04.mp3,audio,CQACAgQAAxkBAAIB42qisxHi4E3_hz_ZYTxpW0eZ703EAAKtHgACmGnxUDaMPn-77-zwPQQ,42,0.65,Starter-SB-Tracks,2026-09-10T17:39:31.736573
AEF3e_Starter_SB_3.25.mp3,audio,CQACAgQAAxkBAAIB5GqisxGlFggaJisjWnEDbgABGI5NeQACrh4AAphp8VC16ixaOMz64D0E,56,0.86,Starter-SB-Tracks,2026-09-10T17:39:31.738358
AEF3e_Starter_SB_3.06.mp3,audio,CQACAgQAAxkBAAIB52qisxGn29_ctYclsFS_nzuuHWOEAAKxHgACmGnxULe97qCKbG35PQQ,47,0.73,Starter-SB-Tracks,2026-09-10T17:39:31.739657
AEF3e_Starter_SB_3.10.mp3,audio,CQACAgQAAxkBAAIB62qisxFJRl5C0cBZu3XZzeJXX994AAK2HgACmGnxUElpEURmWTa2PQQ,42,0.65,Starter-SB-Tracks,2026-09-10T17:39:31.740899
AEF3e_Starter_SB_3.05.mp3,audio,CQACAgQAAxkBAAIB5WqisxHvAAEt3iNb5AO7C0CSWK2O1QACrx4AAphp8VA0rm9oVzA0MT0E,18,0.28,Starter-SB-Tracks,2026-09-10T17:39:31.742461
AEF3e_Starter_SB_3.26.mp3,audio,CQACAgQAAxkBAAIB5mqisxFGjmm1b5WNw_bBaQWU9S6HAAKwHgACmGnxUEky4_9OvGpIPQQ,43,0.67,Starter-SB-Tracks,2026-09-10T17:39:31.744016
AEF3e_Starter_SB_3.08.mp3,audio,CQACAgQAAxkBAAIB6WqisxHxtf_v6C1NP4GP7a99ExbZAAK0HgACmGnxUNbqmu61EwPyPQQ,66,1.02,Starter-SB-Tracks,2026-09-10T17:39:31.745586
AEF3e_Starter_SB_7.10.mp3,audio,CQACAgQAAxkBAAIB7Wqisxg-odtpJU_5VzoDjpaAu-ujAAIpHwACmGnxUNcZXNjGVIfKPQQ,85,1.3,Starter-SB-Tracks,2026-09-10T17:39:38.357961
AEF3e_Starter_SB_8.03.mp3,audio,CQACAgQAAxkBAAIB7mqisxg0e5B16wGkuzqbGjp0lO6HAAIqHwACmGnxUGsoO5PipBxjPQQ,46,0.72,Starter-SB-Tracks,2026-09-10T17:39:38.360894
AEF3e_Starter_SB_8.06.mp3,audio,CQACAgQAAxkBAAIB-WqisxjCr3sTsEumleqMNKEFwakoAAI1HwACmGnxUOaAx5W5Xe8fPQQ,64,0.98,Starter-SB-Tracks,2026-09-10T17:39:38.361680
AEF3e_Starter_SB_8.05.mp3,audio,CQACAgQAAxkBAAIB72qisxgAAbwQIc2lMei1nN2s6KSQawACKx8AAphp8VByw9sCtqQRFD0E,59,0.91,Starter-SB-Tracks,2026-09-10T17:39:38.362306
AEF3e_Starter_SB_8.08.mp3,audio,CQACAgQAAxkBAAIB-mqisxgG2k6679Elm5zEZJYAAar0FAACNh8AAphp8VAAAW653DBUoaE9BA,32,0.5,Starter-SB-Tracks,2026-09-10T17:39:38.362956
AEF3e_Starter_SB_8.11.mp3,audio,CQACAgQAAxkBAAIB8mqisxiRj3uCd6SIXHowzhYPNbN_AAIuHwACmGnxUInhWj8j9MNZPQQ,61,0.93,Starter-SB-Tracks,2026-09-10T17:39:38.363564
AEF3e_Starter_SB_8.13.mp3,audio,CQACAgQAAxkBAAIB82qisxjOF8eTvvivUPJL_0fyy1UKAAIvHwACmGnxUA7NKiOv4DYMPQQ,91,1.39,Starter-SB-Tracks,2026-09-10T17:39:38.364209
AEF3e_Starter_SB_8.15.mp3,audio,CQACAgQAAxkBAAIB9Gqisxg8gr8bzvNXJQG1gaZTfPW0AAIwHwACmGnxUMUphwULpl6jPQQ,47,0.72,Starter-SB-Tracks,2026-09-10T17:39:38.364859
AEF3e_Starter_SB_8.10.mp3,audio,CQACAgQAAxkBAAIB-2qisxh_q3NXqO1nKel0DdAhaguoAAI3HwACmGnxUHahdwUuZ-zePQQ,79,1.21,Starter-SB-Tracks,2026-09-10T17:39:38.365699
AEF3e_Starter_SB_8.12.mp3,audio,CQACAgQAAxkBAAIB_GqisxgZon6oPH2lltsEtD24n78xAAI4HwACmGnxUIfosooen2hLPQQ,52,0.79,Starter-SB-Tracks,2026-09-10T17:39:38.366669
AEF3e_Starter_SB_8.19.mp3,audio,CQACAgQAAxkBAAIB9mqisxgxmyNFUzo1BwLW8nLOAiVjAAIyHwACmGnxUGRLaw1WxGiCPQQ,86,1.32,Starter-SB-Tracks,2026-09-10T17:39:38.367668
AEF3e_Starter_SB_8.14.mp3,audio,CQACAgQAAxkBAAIB_Wqisxjge8F45JNXMIT2_35TEHm9AAI5HwACmGnxUCn5_FYil8jlPQQ,21,0.33,Starter-SB-Tracks,2026-09-10T17:39:38.368767
AEF3e_Starter_SB_8.04.mp3,audio,CQACAgQAAxkBAAIB-Gqisxh1_kFx1mFdQsPxP-ILOqAPAAI0HwACmGnxUB3fJHeWp_cTPQQ,51,0.78,Starter-SB-Tracks,2026-09-10T17:39:38.369535
AEF3e_Starter_SB_8.16.mp3,audio,CQACAgQAAxkBAAIB_mqisxgZ1-D2XV17HnxfO51Asa3sAAI6HwACmGnxUBKrGiZ2wUIfPQQ,44,0.68,Starter-SB-Tracks,2026-09-10T17:39:38.370333
AEF3e_Starter_SB_8.18.mp3,audio,CQACAgQAAxkBAAIB_2qisxgr7972THkc3HaH4MLkBFKGAAI7HwACmGnxUEWiVIaIVeeWPQQ,25,0.39,Starter-SB-Tracks,2026-09-10T17:39:38.371064
AEF3e_Starter_SB_8.01.mp3,audio,CQACAgQAAxkBAAICAAFqorMYSEjS-xk6KUhCv1SDheCwyQACPB8AAphp8VCMv0qz4xD27T0E,74,1.13,Starter-SB-Tracks,2026-09-10T17:39:38.371821
AEF3e_Starter_SB_9.11.mp3,audio,CQACAgQAAxkBAAICAWqisxgjIQ67ZIkxN-fbPaCBPDnqAAI9HwACmGnxUJq9boSo41UwPQQ,101,1.55,Starter-SB-Tracks,2026-09-10T17:39:38.372573
AEF3e_Starter_SB_8.07.mp3,audio,CQACAgQAAxkBAAIB8GqisxgOtDsyapCOUXMwX2lxXEc2AAIsHwACmGnxUOB4nNIbpY-TPQQ,21,0.33,Starter-SB-Tracks,2026-09-10T17:39:38.373380
AEF3e_Starter_SB_9.12.mp3,audio,CQACAgQAAxkBAAICAmqisxij2Gd7gT1Lo-Qd5MKa_nU0AAI-HwACmGnxUE71vwFq89ruPQQ,18,0.28,Starter-SB-Tracks,2026-09-10T17:39:38.374514
AEF3e_Starter_SB_9.13.mp3,audio,CQACAgQAAxkBAAICA2qisxihLBXqtCN8CbI2nLKdJnxbAAI_HwACmGnxUBKyjhAlYnu6PQQ,19,0.3,Starter-SB-Tracks,2026-09-10T17:39:38.376021
AEF3e_Starter_SB_8.17.mp3,audio,CQACAgQAAxkBAAIB9WqisxhG5tFL2K7x4XgeCm2fEv-LAAIxHwACmGnxUO-H0w3ZiPnJPQQ,109,1.67,Starter-SB-Tracks,2026-09-10T17:39:38.376849
AEF3e_Starter_SB_9.14.mp3,audio,CQACAgQAAxkBAAICBGqisxgyggG27PZR1v-vVDkX33WUAAJAHwACmGnxUHX1U5AVWIWVPQQ,77,1.19,Starter-SB-Tracks,2026-09-10T17:39:38.377517
AEF3e_Starter_SB_9.15.mp3,audio,CQACAgQAAxkBAAICBWqisxioDwcwuNl9CS-O_458zDNLAAJBHwACmGnxUBCAEy-NIxlbPQQ,21,0.32,Starter-SB-Tracks,2026-09-10T17:39:38.378381
AEF3e_Starter_SB_9.16.mp3,audio,CQACAgQAAxkBAAICBmqisxjHeagp28g7a5nHtu2fLqVLAAJCHwACmGnxUJKwQm-HXQZ9PQQ,47,0.72,Starter-SB-Tracks,2026-09-10T17:39:38.379306
AEF3e_Starter_SB_9.17.mp3,audio,CQACAgQAAxkBAAICB2qisxhMpSIUirYn9OOJay_SLAGiAAJDHwACmGnxUP_hTfm9yG_UPQQ,88,1.35,Starter-SB-Tracks,2026-09-10T17:39:38.380255
AEF3e_Starter_SB_9.18.mp3,audio,CQACAgQAAxkBAAICCGqisxjNAqgiaxPlBppCaI2DCw_zAAJEHwACmGnxUMS657X9dPcRPQQ,48,0.74,Starter-SB-Tracks,2026-09-10T17:39:38.381357
AEF3e_Starter_SB_8.02.mp3,audio,CQACAgQAAxkBAAIB92qisxh9SrF3VDQzigibH-lvDurlAAIzHwACmGnxUAoJeDPMizJ5PQQ,41,0.63,Starter-SB-Tracks,2026-09-10T17:39:38.382203
AEF3e_Starter_SB_9.19.mp3,audio,CQACAgQAAxkBAAICCWqisxhovTJJwy59NXPBX6xYWoBaAAJFHwACmGnxUAFzdeb0i7SwPQQ,99,1.52,Starter-SB-Tracks,2026-09-10T17:39:38.383062
AEF3e_Starter_SB_9.20.mp3,audio,CQACAgQAAxkBAAICCmqisxgxiuMJwYCpSqyEZYgp_WeoAAJGHwACmGnxUPVTy0FUA2RDPQQ,26,0.4,Starter-SB-Tracks,2026-09-10T17:39:38.383888
AEF3e_Starter_SB_9.21.mp3,audio,CQACAgQAAxkBAAICC2qisxikt162gHXpOsM5llyvz3PiAAJHHwACmGnxUOC2LPZb7QoSPQQ,107,1.64,Starter-SB-Tracks,2026-09-10T17:39:38.384607
AEF3e_Starter_SB_9.01.mp3,audio,CQACAgQAAxkBAAICDGqisxiqgJPcTlensqO0C-gPYEUqAAJIHwACmGnxUAF8oSe2cX9ePQQ,72,1.11,Starter-SB-Tracks,2026-09-10T17:39:38.385365
AEF3e_Starter_SB_9.22.mp3,audio,CQACAgQAAxkBAAICDWqisxhdUpD463gjqkpmApzpGTX1AAJJHwACmGnxUHXS3wjnkrK3PQQ,42,0.65,Starter-SB-Tracks,2026-09-10T17:39:38.386101
AEF3e_Starter_SB_8.09.mp3,audio,CQACAgQAAxkBAAIB8WqisxgBEoy7DLjjZehO82sEee3CAAItHwACmGnxUNfs_uppYAIDPQQ,23,0.36,Starter-SB-Tracks,2026-09-10T17:39:38.386933
AEF3e_Starter_SB_9.02.mp3,audio,CQACAgQAAxkBAAICDmqisxhZDEh9eTEp_GCsFhUSy5D5AAJKHwACmGnxUPB5-bHArg1gPQQ,83,1.27,Starter-SB-Tracks,2026-09-10T17:39:38.387975
AEF3e_Starter_SB_9.23.mp3,audio,CQACAgQAAxkBAAICD2qisxjVTZyJKLpvys7utAABNe7kHQACSx8AAphp8VAFegAB2n1opuc9BA,49,0.76,Starter-SB-Tracks,2026-09-10T17:39:38.389299
AEF3e_Starter_SB_9.03.mp3,audio,CQACAgQAAxkBAAICEGqisxgdv8MQXIZUpZ_YNiFZHjIQAAJMHwACmGnxUOdyq0P4V_cmPQQ,87,1.33,Starter-SB-Tracks,2026-09-10T17:39:38.390080
AEF3e_Starter_SB_9.04.mp3,audio,CQACAgQAAxkBAAICEWqisxh2tUtLPEO8aaAZHofAbhveAAJNHwACmGnxUDMAAcXUHrQT0D0E,31,0.49,Starter-SB-Tracks,2026-09-10T17:39:38.390799
AEF3e_Starter_SB_9.05.mp3,audio,CQACAgQAAxkBAAICEmqisxgbT7xi1wABtwrFpvph3x5w-wACTh8AAphp8VAYPbUCLd5Inj0E,73,1.11,Starter-SB-Tracks,2026-09-10T17:39:38.391739
AEF3e_Starter_SB_9.06.mp3,audio,CQACAgQAAxkBAAICE2qisxgHYIzvNzr1KOVyOZE0dhNOAAJPHwACmGnxUInGJvn1kkrdPQQ,133,2.03,Starter-SB-Tracks,2026-09-10T17:39:38.392540
AEF3e_Starter_SB_9.07.mp3,audio,CQACAgQAAxkBAAICFGqisxiLtC_KGZNQyfg2XM04AwKzAAJQHwACmGnxUAi9N_KAAdB6PQQ,69,1.05,Starter-SB-Tracks,2026-09-10T17:39:38.393252
AEF3e_Starter_SB_9.08.mp3,audio,CQACAgQAAxkBAAICFWqisxgdOCG3znhR_QABW6gS3I4yyAACUR8AAphp8VClKzuWgQ5RFz0E,29,0.45,Starter-SB-Tracks,2026-09-10T17:39:38.394074
AEF3e_Starter_SB_9.09.mp3,audio,CQACAgQAAxkBAAICFmqisxjpbfb0yS4SD8M1hsYWvPSiAAJSHwACmGnxUP5nLzuCtws8PQQ,46,0.71,Starter-SB-Tracks,2026-09-10T17:39:38.395088
AEF3e_Starter_SB_9.10.mp3,audio,CQACAgQAAxkBAAICF2qisxhFTUhOFP2z_1L_ktaY01k3AAJTHwACmGnxUNC6g9jMoWPPPQQ,30,0.47,Starter-SB-Tracks,2026-09-10T17:39:38.396104
AEF3e_Starter_SB_10.03.mp3,audio,CQACAgQAAxkBAAICGGqisxgCoAzJ3Aw-YPgZqf9xTGV5AAJUHwACmGnxUJNrstRuuNgyPQQ,58,0.89,Starter-SB-Tracks,2026-09-10T17:39:38.397538
AEF3e_Starter_SB_10.05.mp3,audio,CQACAgQAAxkBAAICGWqisxi74RZG_9Mvf044iQbQzYScAAJVHwACmGnxUDmkPZkNxio6PQQ,69,1.05,Starter-SB-Tracks,2026-09-10T17:39:38.398407
AEF3e_Starter_SB_10.07.mp3,audio,CQACAgQAAxkBAAICGmqisxjNS6vOTbmEHKCDPb9x6KQZAAJWHwACmGnxUD0CdHgMZIcCPQQ,20,0.31,Starter-SB-Tracks,2026-09-10T17:39:38.399042
AEF3e_Starter_SB_10.09.mp3,audio,CQACAgQAAxkBAAICG2qisxgsiyIyNPqmkwod1531XejFAAJXHwACmGnxUExYl92AIjL4PQQ,38,0.58,Starter-SB-Tracks,2026-09-10T17:39:38.399788
AEF3e_Starter_SB_10.11.mp3,audio,CQACAgQAAxkBAAICHGqisxh0dqT9QvYRv2LfwRV4PhAJAAJYHwACmGnxUGwvNEtQWCQ3PQQ,30,0.47,Starter-SB-Tracks,2026-09-10T17:39:38.400518
AEF3e_Starter_SB_10.13.mp3,audio,CQACAgQAAxkBAAICHWqisxhjwwSO0ce-L_7IP_E4pb64AAJZHwACmGnxUEXy3_djTk5zPQQ,80,1.23,Starter-SB-Tracks,2026-09-10T17:39:38.401175
AEF3e_Starter_SB_10.15.mp3,audio,CQACAgQAAxkBAAICHmqisxiiapHdXvmkAiBht7D3QvcDAAJaHwACmGnxUP8dB0nPq5xaPQQ,78,1.2,Starter-SB-Tracks,2026-09-10T17:39:38.401953
AEF3e_Starter_SB_10.17.mp3,audio,CQACAgQAAxkBAAICH2qisxhH4uz46miMTphKXeWDP5zZAAJbHwACmGnxUBIjwyGPll6APQQ,46,0.7,Starter-SB-Tracks,2026-09-10T17:39:38.402842
AEF3e_Starter_SB_10.19.mp3,audio,CQACAgQAAxkBAAICIGqisxhDR1or5asOtI7pL90AAUfoyAACXB8AAphp8VCU3ttEvIEiTT0E,65,0.99,Starter-SB-Tracks,2026-09-10T17:39:38.403679
AEF3e_Starter_SB_10.02.mp3,audio,CQACAgQAAxkBAAICIWqisxi2qvPOHf25vgsFD6rDSjCRAAJdHwACmGnxUJENmAXWxghwPQQ,69,1.06,Starter-SB-Tracks,2026-09-10T17:39:38.404666
AEF3e_Starter_SB_10.04.mp3,audio,CQACAgQAAxkBAAICImqisxjNPB2p5cN5AAGTkM365leyDQACXh8AAphp8VCMl9PsBx_t8z0E,104,1.59,Starter-SB-Tracks,2026-09-10T17:39:38.405935
AEF3e_Starter_SB_10.06.mp3,audio,CQACAgQAAxkBAAICI2qisxgubUmb5vQZoIkk2HJF-LinAAJfHwACmGnxUERZH3XnZJoFPQQ,54,0.82,Starter-SB-Tracks,2026-09-10T17:39:38.406743
AEF3e_Starter_SB_10.08.mp3,audio,CQACAgQAAxkBAAICJGqisxjYCeG_AAG49V6abvEWxUnd7wACYB8AAphp8VA-UsGPhBShvz0E,31,0.48,Starter-SB-Tracks,2026-09-10T17:39:38.407701
AEF3e_Starter_SB_10.10.mp3,audio,CQACAgQAAxkBAAICJWqisxi1VDw74KMOfe8uMTd_vEmQAAJhHwACmGnxUOnWm7bxW3ZFPQQ,47,0.73,Starter-SB-Tracks,2026-09-10T17:39:38.408452
AEF3e_Starter_SB_10.12.mp3,audio,CQACAgQAAxkBAAICJmqisxj2oMk73NmS-FVd2LqOL6MIAAJiHwACmGnxUEGpeVQe1b5-PQQ,76,1.17,Starter-SB-Tracks,2026-09-10T17:39:38.409373
AEF3e_Starter_SB_10.14.mp3,audio,CQACAgQAAxkBAAICJ2qisxjdX8J-2-TJkooJ60rW3zCQAAJjHwACmGnxUIx0GeCZp5COPQQ,87,1.33,Starter-SB-Tracks,2026-09-10T17:39:38.409988
AEF3e_Starter_SB_10.16.mp3,audio,CQACAgQAAxkBAAICKGqisxg3J-cUcqf1-GWnFS0VZHoJAAJkHwACmGnxUJ6rzHw7i8R5PQQ,105,1.61,Starter-SB-Tracks,2026-09-10T17:39:38.410527
AEF3e_Starter_SB_10.18.mp3,audio,CQACAgQAAxkBAAICKWqisxjlI3MVzXCk9lzk25g_M_cwAAJlHwACmGnxUPMk_rf5qArtPQQ,53,0.82,Starter-SB-Tracks,2026-09-10T17:39:38.411282
AEF3e_Starter_SB_10.01.mp3,audio,CQACAgQAAxkBAAICKmqisxii7VFzvwzVDSU_915TLW0pAAJmHwACmGnxUEA23rPAFRmHPQQ,76,1.16,Starter-SB-Tracks,2026-09-10T17:39:38.412246
AEF3e_Starter_SB_11.11.mp3,audio,CQACAgQAAxkBAAICK2qisxii4Wj-A21ZHM-Y__-gMMruAAJnHwACmGnxUDPF0BqLcMTFPQQ,28,0.44,Starter-SB-Tracks,2026-09-10T17:39:38.413233
AEF3e_Starter_SB_11.12.mp3,audio,CQACAgQAAxkBAAICLGqisxiBoUxUXDpkyT8o52VITBX5AAJoHwACmGnxUKuTI2SBX2w1PQQ,20,0.31,Starter-SB-Tracks,2026-09-10T17:39:38.414560
AEF3e_Starter_SB_11.13.mp3,audio,CQACAgQAAxkBAAICLWqisxjXaKpDvIohXIngJBb4h0AmAAJpHwACmGnxUAx-na92w2chPQQ,88,1.35,Starter-SB-Tracks,2026-09-10T17:39:38.415347
AEF3e_Starter_SB_11.14.mp3,audio,CQACAgQAAxkBAAICLmqisxi_bm6PsirD9qTTCdjf7N6HAAJqHwACmGnxUMV8La3DYw1-PQQ,38,0.58,Starter-SB-Tracks,2026-09-10T17:39:38.416159
AEF3e_Starter_SB_11.15.mp3,audio,CQACAgQAAxkBAAICL2qisxhrZmWiTK0uX2P4Yh5wFW0dAAJrHwACmGnxUOpGKgXF_3rMPQQ,134,2.05,Starter-SB-Tracks,2026-09-10T17:39:38.416958
AEF3e_Starter_SB_11.16.mp3,audio,CQACAgQAAxkBAAICMGqisxi3g1PebVyBNQI7BJhLfoKZAAJsHwACmGnxUJEaVqYerz2HPQQ,63,0.97,Starter-SB-Tracks,2026-09-10T17:39:38.417615
AEF3e_Starter_SB_11.17.mp3,audio,CQACAgQAAxkBAAICMWqisxhd-0oOvlOCT8ZTC3nrlMJdAAJtHwACmGnxUIHAhyew8Vg8PQQ,33,0.51,Starter-SB-Tracks,2026-09-10T17:39:38.418190
AEF3e_Starter_SB_11.18.mp3,audio,CQACAgQAAxkBAAICMmqisxhgeu5q-C_9nn2gQOv1kpusAAJuHwACmGnxUHR9sAFhhv2rPQQ,70,1.07,Starter-SB-Tracks,2026-09-10T17:39:38.418876
AEF3e_Starter_SB_11.19.mp3,audio,CQACAgQAAxkBAAICM2qisxgcouY4XyVBErM1L_LO_VoUAAJvHwACmGnxUM30reG4J5N6PQQ,32,0.49,Starter-SB-Tracks,2026-09-10T17:39:38.419741
AEF3e_Starter_SB_11.20.mp3,audio,CQACAgQAAxkBAAICNGqisxhJeMcEZBCUZcc1S4w1gJCNAAJwHwACmGnxUBtvGKciZvCWPQQ,20,0.32,Starter-SB-Tracks,2026-09-10T17:39:38.420607
AEF3e_Starter_SB_11.21.mp3,audio,CQACAgQAAxkBAAICNWqisxgEXmq1JiRxTp1vXhw-AAF-IQACcR8AAphp8VDQ_xXhVSqwET0E,27,0.42,Starter-SB-Tracks,2026-09-10T17:39:38.421705
AEF3e_Starter_SB_11.01.mp3,audio,CQACAgQAAxkBAAICNmqisxhyyMJwX9Kng1x08AMPSMcUAAJyHwACmGnxUAQGsugnD3R5PQQ,43,0.66,Starter-SB-Tracks,2026-09-10T17:39:38.422722
AEF3e_Starter_SB_11.22.mp3,audio,CQACAgQAAxkBAAICN2qisxg6g-7v7JcayDSsSadDeUMwAAJzHwACmGnxUCO0wvXK13GsPQQ,36,0.56,Starter-SB-Tracks,2026-09-10T17:39:38.423367
AEF3e_Starter_SB_11.02.mp3,audio,CQACAgQAAxkBAAICOGqisxhtVt4CxIIeCMo7a2ZkertuAAJ0HwACmGnxUM4FZLUxuoZDPQQ,46,0.71,Starter-SB-Tracks,2026-09-10T17:39:38.424010
AEF3e_Starter_SB_11.23.mp3,audio,CQACAgQAAxkBAAICOWqisxi3RGAGPV6SBa28afyTXx7zAAJ1HwACmGnxUFb-y10HaPK-PQQ,85,1.31,Starter-SB-Tracks,2026-09-10T17:39:38.424616
AEF3e_Starter_SB_11.03.mp3,audio,CQACAgQAAxkBAAICOmqisxjjFf9aDgXptpCxReb4AhUoAAJ2HwACmGnxUELleWxaB4w4PQQ,76,1.17,Starter-SB-Tracks,2026-09-10T17:39:38.425226
AEF3e_Starter_SB_11.24.mp3,audio,CQACAgQAAxkBAAICO2qisxhJ0RHP36H4R29-WLyyGSIiAAJ3HwACmGnxUIb69sOIWJ21PQQ,43,0.66,Starter-SB-Tracks,2026-09-10T17:39:38.425790
AEF3e_Starter_SB_11.04.mp3,audio,CQACAgQAAxkBAAICPGqisxhehVG7OvJuDuyw99arhUY_AAJ4HwACmGnxULGgPIPvvsM-PQQ,41,0.64,Starter-SB-Tracks,2026-09-10T17:39:38.426635
AEF3e_Starter_SB_11.05.mp3,audio,CQACAgQAAxkBAAICPWqisxgtzkzD_6aDlXT_rpgBoBPlAAJ5HwACmGnxUJkyX5ajbtV-PQQ,49,0.76,Starter-SB-Tracks,2026-09-10T17:39:38.427452
AEF3e_Starter_SB_11.06.mp3,audio,CQACAgQAAxkBAAICPmqisxijk_vqbUn7Fhufjq1fp7s1AAJ6HwACmGnxUJdJOEHt-DBhPQQ,42,0.65,Starter-SB-Tracks,2026-09-10T17:39:38.428253
AEF3e_Starter_SB_11.07.mp3,audio,CQACAgQAAxkBAAICP2qisxjB45AUmyDluDSobhRK-vehAAJ7HwACmGnxUIKcXALcdS3UPQQ,90,1.38,Starter-SB-Tracks,2026-09-10T17:39:38.429247
AEF3e_Starter_SB_11.08.mp3,audio,CQACAgQAAxkBAAICQGqisxhZjl8VeiFBAAGLIXzw8RulHgACfB8AAphp8VBdjtoYdePG6T0E,51,0.78,Starter-SB-Tracks,2026-09-10T17:39:38.430424
AEF3e_Starter_SB_11.09.mp3,audio,CQACAgQAAxkBAAICQWqisxiYjxUjmHFvFD3OkRhgzJCnAAJ9HwACmGnxUFJhbZ9ECyiEPQQ,55,0.84,Starter-SB-Tracks,2026-09-10T17:39:38.431188
AEF3e_Starter_SB_11.10.mp3,audio,CQACAgQAAxkBAAICQmqisxjQ2KQg79uHebSsuOiLdd9ZAAJ-HwACmGnxUDGP2Nk2-arMPQQ,70,1.07,Starter-SB-Tracks,2026-09-10T17:39:38.431911
AEF3e_Starter_SB_12.03.mp3,audio,CQACAgQAAxkBAAICQ2qisxiBAAH7ZReSWXKgxxre-n_QNQACfx8AAphp8VACVNasWNW-7D0E,135,2.07,Starter-SB-Tracks,2026-09-10T17:39:38.432602
AEF3e_Starter_SB_12.05.mp3,audio,CQACAgQAAxkBAAICRGqisxh0_nd8b86k10XL3omkQP77AAKAHwACmGnxUJyQJKMFSYmnPQQ,35,0.54,Starter-SB-Tracks,2026-09-10T17:39:38.433175
AEF3e_Starter_SB_12.07.mp3,audio,CQACAgQAAxkBAAICRWqisxi26C3TLUsHMcVonD7eiCj3AAKBHwACmGnxUMzjncANuWGtPQQ,33,0.51,Starter-SB-Tracks,2026-09-10T17:39:38.433808
AEF3e_Starter_SB_12.09.mp3,audio,CQACAgQAAxkBAAICRmqisxheJpEg6qSzDuxiv1gV-OLKAAKCHwACmGnxUOWMw7pW-ymOPQQ,100,1.52,Starter-SB-Tracks,2026-09-10T17:39:38.434579
AEF3e_Starter_SB_12.11.mp3,audio,CQACAgQAAxkBAAICR2qisxhEGfSrIoYGd_gUkYVtPkXBAAKDHwACmGnxUEHZLBZqghHkPQQ,68,1.05,Starter-SB-Tracks,2026-09-10T17:39:38.435396
AEF3e_Starter_SB_12.13.mp3,audio,CQACAgQAAxkBAAICSGqisxgruKcXEOj7EncoZty6DcN7AAKEHwACmGnxUBF5FAaUxk9sPQQ,88,1.34,Starter-SB-Tracks,2026-09-10T17:39:38.436540
AEF3e_Starter_SB_12.02.mp3,audio,CQACAgQAAxkBAAICSWqisxhhyEgYns6Zin7IGPKiIpdAAAKFHwACmGnxUGikrBDODNewPQQ,131,1.99,Starter-SB-Tracks,2026-09-10T17:39:38.437533
AEF3e_Starter_SB_12.04.mp3,audio,CQACAgQAAxkBAAICSmqisxg3VIgBQ2m8XHKHdHDcQI-YAAKGHwACmGnxUD-ugItQcgHmPQQ,89,1.36,Starter-SB-Tracks,2026-09-10T17:39:38.439269
AEF3e_Starter_SB_12.06.mp3,audio,CQACAgQAAxkBAAICS2qisxiIAAFD2SZutH6gWHRNrL4wfwAChx8AAphp8VCCWzbYysk3dT0E,75,1.15,Starter-SB-Tracks,2026-09-10T17:39:38.440068
AEF3e_Starter_SB_12.08.mp3,audio,CQACAgQAAxkBAAICTGqisxja4-ch2PKKiaT7wcWccCZvAAKIHwACmGnxUEaSfG2rdchkPQQ,32,0.5,Starter-SB-Tracks,2026-09-10T17:39:38.440717
AEF3e_Starter_SB_12.10.mp3,audio,CQACAgQAAxkBAAICTWqisxiid3bPFrmxihi0OefFSUZFAAKJHwACmGnxUDoGKfKXbopRPQQ,100,1.53,Starter-SB-Tracks,2026-09-10T17:39:38.441533
AEF3e_Starter_SB_12.12.mp3,audio,CQACAgQAAxkBAAICTmqisxh2oGDr-96xsLH647eCEkzoAAKKHwACmGnxUCVh0LciHq0pPQQ,45,0.69,Starter-SB-Tracks,2026-09-10T17:39:38.442202
AEF3e_Starter_SB_12.01.mp3,audio,CQACAgQAAxkBAAICT2qisxgqN8-DQpN9UlO-50gMuYefAAKLHwACmGnxUKFfVyqKa6d_PQQ,64,0.95,Starter-SB-Tracks,2026-09-10T17:39:38.442890
AEF3e_Starter_SB_4.21.mp3,audio,CQACAgQAAxkBAAICUGqisxrTtHDyimiDsqVQiY_pRDWpAALBHgACmGnxUKHd0JJQQ8RYPQQ,33,0.51,Starter-SB-Tracks,2026-09-10T17:39:39.422160
AEF3e_Starter_SB_4.01.mp3,audio,CQACAgQAAxkBAAICUWqisxoDAw96eJYOHEpzkoH6VUbXAALCHgACmGnxUB_BtQcfzSlPPQQ,21,0.33,Starter-SB-Tracks,2026-09-10T17:39:39.423087
AEF3e_Starter_SB_4.08.mp3,audio,CQACAgQAAxkBAAICXGqisxrNLLAnWNO4bnsGOuYLzshkAALNHgACmGnxUJkpRETlG7btPQQ,32,0.49,Starter-SB-Tracks,2026-09-10T17:39:39.423981
AEF3e_Starter_SB_4.09.mp3,audio,CQACAgQAAxkBAAICXWqisxr0vqYEKRweZ-oOaCCyQmayAALOHgACmGnxUJByCb93AYaNPQQ,53,0.82,Starter-SB-Tracks,2026-09-10T17:39:39.424663
AEF3e_Starter_SB_4.10.mp3,audio,CQACAgQAAxkBAAICXmqisxoPavWE8hQfn2ovvRZHvCexAALPHgACmGnxUGEiQjxvXGiRPQQ,24,0.38,Starter-SB-Tracks,2026-09-10T17:39:39.425296
AEF3e_Starter_SB_5.31.mp3,audio,CQACAgQAAxkBAAICX2qisxrjRToUf9UyLVX9qTnNggABtAAC1x4AAphp8VCRevJo1vJ3wT0E,48,0.73,Starter-SB-Tracks,2026-09-10T17:39:39.425948
AEF3e_Starter_SB_4.24.mp3,audio,CQACAgQAAxkBAAICVmqisxoFcnvugMWj2OaSH99jKZLrAALHHgACmGnxUMbDG1EWwaWtPQQ,49,0.75,Starter-SB-Tracks,2026-09-10T17:39:39.426554
AEF3e_Starter_SB_4.04.mp3,audio,CQACAgQAAxkBAAICV2qisxqD6kIza_Ew15mCPY2PcewOAALIHgACmGnxUJAGw6-acXvjPQQ,61,0.94,Starter-SB-Tracks,2026-09-10T17:39:39.427097
AEF3e_Starter_SB_4.25.mp3,audio,CQACAgQAAxkBAAICWGqisxq-xz5rekFHBPJx3LKO31WTAALJHgACmGnxUPePOrx4-3_RPQQ,72,1.1,Starter-SB-Tracks,2026-09-10T17:39:39.428263
AEF3e_Starter_SB_4.05.mp3,audio,CQACAgQAAxkBAAICWWqisxoD2QtrTdggPvrVB0qg-uL8AALKHgACmGnxULNyx0zTSlTVPQQ,52,0.81,Starter-SB-Tracks,2026-09-10T17:39:39.429263
AEF3e_Starter_SB_4.22.mp3,audio,CQACAgQAAxkBAAICUmqisxpUGyuLgYRNJgSUHDncEYgwAALDHgACmGnxUCko5LMeNoGSPQQ,24,0.37,Starter-SB-Tracks,2026-09-10T17:39:39.430082
AEF3e_Starter_SB_4.07.mp3,audio,CQACAgQAAxkBAAICW2qisxrCkcWRMobV8SP2H08UUn5bAALMHgACmGnxUHZ9ss0HIBCTPQQ,70,1.07,Starter-SB-Tracks,2026-09-10T17:39:39.430780
AEF3e_Starter_SB_5.11.mp3,audio,CQACAgQAAxkBAAICYGqisxpyryiwMtJ8PIFvwNspcqAfAALYHgACmGnxUPYZegT7LJ5iPQQ,123,1.88,Starter-SB-Tracks,2026-09-10T17:39:39.431403
AEF3e_Starter_SB_5.12.mp3,audio,CQACAgQAAxkBAAICYWqisxo2LzAIWQ4qKN0zxhVFvIdJAALZHgACmGnxUDygP8utMkoQPQQ,35,0.54,Starter-SB-Tracks,2026-09-10T17:39:39.432036
AEF3e_Starter_SB_5.13.mp3,audio,CQACAgQAAxkBAAICYmqisxowopiqd3ESIKKc8KQaq9yTAALaHgACmGnxUB5XhicghNLLPQQ,87,1.33,Starter-SB-Tracks,2026-09-10T17:39:39.432657
AEF3e_Starter_SB_5.14.mp3,audio,CQACAgQAAxkBAAICY2qisxpFHMCx8aqRx8pBP8Ti4EeWAALbHgACmGnxUDi5VmmBCn7HPQQ,117,1.79,Starter-SB-Tracks,2026-09-10T17:39:39.433426
AEF3e_Starter_SB_5.15.mp3,audio,CQACAgQAAxkBAAICZGqisxoXuAxaOgoYtvdSeMbQ9iUkAALcHgACmGnxUP3P1l8sgWETPQQ,110,1.68,Starter-SB-Tracks,2026-09-10T17:39:39.434113
AEF3e_Starter_SB_5.16.mp3,audio,CQACAgQAAxkBAAICZWqisxoNIkVCBBveOskECqltO_p2AALdHgACmGnxUCK3_FUz5_mcPQQ,44,0.67,Starter-SB-Tracks,2026-09-10T17:39:39.434822
AEF3e_Starter_SB_5.17.mp3,audio,CQACAgQAAxkBAAICZmqisxp5FmCfjYvAbOWFRrdsiVYzAALeHgACmGnxUEKEmtkutYPAPQQ,32,0.49,Starter-SB-Tracks,2026-09-10T17:39:39.435523
AEF3e_Starter_SB_5.18.mp3,audio,CQACAgQAAxkBAAICZ2qisxrVowhWXt4wR4f4bbg_1mAZAALfHgACmGnxUH8ySFM0swegPQQ,33,0.51,Starter-SB-Tracks,2026-09-10T17:39:39.436607
AEF3e_Starter_SB_5.19.mp3,audio,CQACAgQAAxkBAAICaGqisxpC4lziEme0_x-Fliib9HsDAALgHgACmGnxUAwubzi_SNEuPQQ,30,0.46,Starter-SB-Tracks,2026-09-10T17:39:39.437361
AEF3e_Starter_SB_5.20.mp3,audio,CQACAgQAAxkBAAICaWqisxpe7sWfMuZoheASihpjScHcAALhHgACmGnxUGdtF8SGcBfYPQQ,66,1.01,Starter-SB-Tracks,2026-09-10T17:39:39.438164
AEF3e_Starter_SB_5.21.mp3,audio,CQACAgQAAxkBAAICamqisxpONJftv-AmXkmda-CauI50AALiHgACmGnxUNdSn5Ygi-lZPQQ,66,1.02,Starter-SB-Tracks,2026-09-10T17:39:39.439001
AEF3e_Starter_SB_4.23.mp3,audio,CQACAgQAAxkBAAICVGqisxr2Vn76fLRPGLEOph7_4Q_eAALFHgACmGnxUNkK9xfEGHMUPQQ,30,0.46,Starter-SB-Tracks,2026-09-10T17:39:39.439814
AEF3e_Starter_SB_5.01.mp3,audio,CQACAgQAAxkBAAICa2qisxqHGCZ7991yoDnLi36h-u28AALjHgACmGnxUNKKaceYpfvNPQQ,27,0.42,Starter-SB-Tracks,2026-09-10T17:39:39.441122
AEF3e_Starter_SB_5.22.mp3,audio,CQACAgQAAxkBAAICbGqisxrlyOHJA3vYfvVMAqCy4wAB7gAC5B4AAphp8VC8u_OYKdTLXj0E,108,1.65,Starter-SB-Tracks,2026-09-10T17:39:39.441934
AEF3e_Starter_SB_5.02.mp3,audio,CQACAgQAAxkBAAICbWqisxrmFkKVGvgKttPgez0KqP5RAALlHgACmGnxUM08CFHOdl1rPQQ,108,1.65,Starter-SB-Tracks,2026-09-10T17:39:39.442585
AEF3e_Starter_SB_5.23.mp3,audio,CQACAgQAAxkBAAICbmqisxoG3oTiQqmmz6nuWecGYJWBAALmHgACmGnxULTu-ubrtohQPQQ,79,1.22,Starter-SB-Tracks,2026-09-10T17:39:39.443333
AEF3e_Starter_SB_4.03.mp3,audio,CQACAgQAAxkBAAICVWqisxqIu3as6J8ma68wQEGyYpwyAALGHgACmGnxUGMiBnKqqILVPQQ,24,0.37,Starter-SB-Tracks,2026-09-10T17:39:39.444122
AEF3e_Starter_SB_5.03.mp3,audio,CQACAgQAAxkBAAICb2qisxrTKoNhTc-SOJ8HMZxx5HkRAALnHgACmGnxUAZawZHLByVhPQQ,30,0.47,Starter-SB-Tracks,2026-09-10T17:39:39.445427
AEF3e_Starter_SB_4.06.mp3,audio,CQACAgQAAxkBAAICWmqisxp7j1LM1ewYnEDqAvu6l_qjAALLHgACmGnxUMu83yDTzxFFPQQ,29,0.45,Starter-SB-Tracks,2026-09-10T17:39:39.446238
AEF3e_Starter_SB_5.24.mp3,audio,CQACAgQAAxkBAAICcGqisxqA92qQPfpL3ZGLtjIX8xwfAALoHgACmGnxUMy823b_NidNPQQ,37,0.57,Starter-SB-Tracks,2026-09-10T17:39:39.447189
AEF3e_Starter_SB_5.04.mp3,audio,CQACAgQAAxkBAAICcWqisxr8bv3Gphk7wg9wupcbwAuyAALpHgACmGnxUAn0vSP-EzgdPQQ,87,1.33,Starter-SB-Tracks,2026-09-10T17:39:39.447967
AEF3e_Starter_SB_5.25.mp3,audio,CQACAgQAAxkBAAICcmqisxrL8yVhZI6yht-idXCkVfBoAALqHgACmGnxUNhtFYWfFSLMPQQ,18,0.29,Starter-SB-Tracks,2026-09-10T17:39:39.448817
AEF3e_Starter_SB_4.02.mp3,audio,CQACAgQAAxkBAAICU2qisxq9jp0zVGdyO6g_Mx9t2ttMAALEHgACmGnxUBDQDXY8Cf5mPQQ,35,0.54,Starter-SB-Tracks,2026-09-10T17:39:39.449519
AEF3e_Starter_SB_5.05.mp3,audio,CQACAgQAAxkBAAICc2qisxpgirW_vANJJEChlzSgNDYPAALrHgACmGnxUH_rBgz3SP6FPQQ,32,0.49,Starter-SB-Tracks,2026-09-10T17:39:39.450567
AEF3e_Starter_SB_5.26.mp3,audio,CQACAgQAAxkBAAICdGqisxqM3nBrBdAVw6NJxSWUcegCAALsHgACmGnxUIC5_ay4uSmYPQQ,29,0.45,Starter-SB-Tracks,2026-09-10T17:39:39.451257
AEF3e_Starter_SB_5.06.mp3,audio,CQACAgQAAxkBAAICdWqisxoy9yxSX2so8kRxaahgu32-AALtHgACmGnxUJtk7ru98QatPQQ,25,0.38,Starter-SB-Tracks,2026-09-10T17:39:39.452028
AEF3e_Starter_SB_5.27.mp3,audio,CQACAgQAAxkBAAICdmqisxooPWZZdVeCJE7mdJiIdfPhAALuHgACmGnxUEmlmGZH-WpRPQQ,21,0.32,Starter-SB-Tracks,2026-09-10T17:39:39.452915
AEF3e_Starter_SB_5.07.mp3,audio,CQACAgQAAxkBAAICd2qisxrDCtlPzM8LVwTCaErIoMgCAALvHgACmGnxUJhzUUX---oaPQQ,58,0.89,Starter-SB-Tracks,2026-09-10T17:39:39.454546
AEF3e_Starter_SB_5.28.mp3,audio,CQACAgQAAxkBAAICeGqisxqZEd8xrdfZH-thCU-5b_4MAALwHgACmGnxUGLfpQujimZQPQQ,29,0.45,Starter-SB-Tracks,2026-09-10T17:39:39.455693
AEF3e_Starter_SB_5.08.mp3,audio,CQACAgQAAxkBAAICeWqisxopxYVQr2nrRIfAte95t6o7AALxHgACmGnxUJp9adWPaUgrPQQ,27,0.42,Starter-SB-Tracks,2026-09-10T17:39:39.456703
AEF3e_Starter_SB_5.29.mp3,audio,CQACAgQAAxkBAAICemqisxqCSmaj5uBN17thUEO2TidNAALyHgACmGnxUHyEDlTqFSlQPQQ,52,0.8,Starter-SB-Tracks,2026-09-10T17:39:39.457426
AEF3e_Starter_SB_5.09.mp3,audio,CQACAgQAAxkBAAICe2qisxoLaW67vljrUAkcWDmLPfUbAALzHgACmGnxUOe2hJKWt13SPQQ,15,0.24,Starter-SB-Tracks,2026-09-10T17:39:39.458085
AEF3e_Starter_SB_5.30.mp3,audio,CQACAgQAAxkBAAICfGqisxqJXS9zq3Ab2tFuMJXtq2z_AAL0HgACmGnxUE4MkHf0soc5PQQ,48,0.75,Starter-SB-Tracks,2026-09-10T17:39:39.458943
AEF3e_Starter_SB_5.10.mp3,audio,CQACAgQAAxkBAAICfWqisxp_NJzcXXrS6-enz_d6ncfBAAL1HgACmGnxUAHHP9NiTMtJPQQ,56,0.86,Starter-SB-Tracks,2026-09-10T17:39:39.459650
AEF3e_Starter_SB_6.03.mp3,audio,CQACAgQAAxkBAAICfmqisxr5Zg5vyG0q9Nus91UqrngxAAL2HgACmGnxUFINE4c2pDAyPQQ,45,0.7,Starter-SB-Tracks,2026-09-10T17:39:39.460277
AEF3e_Starter_SB_6.05.mp3,audio,CQACAgQAAxkBAAICf2qisxogkTcrUStPazdmwTSTI0xOAAL3HgACmGnxULyw-UBmFOcJPQQ,42,0.65,Starter-SB-Tracks,2026-09-10T17:39:39.461025
AEF3e_Starter_SB_6.07.mp3,audio,CQACAgQAAxkBAAICgGqisxq7b5RsWr_qaNvmi7WBjUMMAAL4HgACmGnxUPhw8_96bdKIPQQ,126,1.92,Starter-SB-Tracks,2026-09-10T17:39:39.462236
AEF3e_Starter_SB_6.09.mp3,audio,CQACAgQAAxkBAAICgWqisxozF9K6xVTCoMZ82d_E_r8LAAL5HgACmGnxUJAz4dn11vlgPQQ,33,0.52,Starter-SB-Tracks,2026-09-10T17:39:39.463152
AEF3e_Starter_SB_6.11.mp3,audio,CQACAgQAAxkBAAICgmqisxq4q71_uQUYYi97n6FnkeadAAL6HgACmGnxUNCY_5Yom2ZRPQQ,70,1.07,Starter-SB-Tracks,2026-09-10T17:39:39.464520
AEF3e_Starter_SB_6.13.mp3,audio,CQACAgQAAxkBAAICg2qisxpNM2FHnpraXfQz9iBB8G1FAAL7HgACmGnxUPyR5OAifWuIPQQ,67,1.03,Starter-SB-Tracks,2026-09-10T17:39:39.465430
AEF3e_Starter_SB_6.15.mp3,audio,CQACAgQAAxkBAAIChGqisxr6RhLHN4lk6Zg4yP8XkMlmAAL8HgACmGnxUA_AnqFKs70DPQQ,50,0.76,Starter-SB-Tracks,2026-09-10T17:39:39.466270
AEF3e_Starter_SB_6.17.mp3,audio,CQACAgQAAxkBAAIChWqisxr50WayqOUXID28EdNN_W5tAAL9HgACmGnxUFfw1u4xJbUYPQQ,33,0.51,Starter-SB-Tracks,2026-09-10T17:39:39.466962
AEF3e_Starter_SB_6.19.mp3,audio,CQACAgQAAxkBAAIChmqisxrhHPPJnhqC1cfuSn-7M7J5AAL-HgACmGnxUC0wpcHymRmwPQQ,49,0.76,Starter-SB-Tracks,2026-09-10T17:39:39.467759
AEF3e_Starter_SB_6.02.mp3,audio,CQACAgQAAxkBAAICh2qisxriMgAB0CG-JgUQ17W9lNkfGQAC_x4AAphp8VBY1JLUa9Y_dT0E,36,0.55,Starter-SB-Tracks,2026-09-10T17:39:39.468700
AEF3e_Starter_SB_6.04.mp3,audio,CQACAgQAAxkBAAICiGqisxoYoTvssSAAAUV-LCb2-h_UwwADHwACmGnxUOmN8spdOXgdPQQ,79,1.2,Starter-SB-Tracks,2026-09-10T17:39:39.469598
AEF3e_Starter_SB_6.06.mp3,audio,CQACAgQAAxkBAAICiWqisxom7BUzs09r38V6U9MMo3hXAAIBHwACmGnxUHU0p5tAkbZ5PQQ,27,0.41,Starter-SB-Tracks,2026-09-10T17:39:39.470721
AEF3e_Starter_SB_6.08.mp3,audio,CQACAgQAAxkBAAICimqisxqtI5Jhy7nMasvAAAEjg4kvngACAh8AAphp8VBuN7sGEgO1Bz0E,85,1.31,Starter-SB-Tracks,2026-09-10T17:39:39.471779
AEF3e_Starter_SB_6.10.mp3,audio,CQACAgQAAxkBAAICi2qisxod-Pm_2BkQ-aff9w7x1xG-AAIDHwACmGnxUDZ5T7Z-GQoXPQQ,33,0.52,Starter-SB-Tracks,2026-09-10T17:39:39.472862
AEF3e_Starter_SB_6.12.mp3,audio,CQACAgQAAxkBAAICjGqisxq6znpiCSTRx1jYIGiUilWsAAIEHwACmGnxUDvTuAoCgSXFPQQ,88,1.34,Starter-SB-Tracks,2026-09-10T17:39:39.473705
AEF3e_Starter_SB_6.14.mp3,audio,CQACAgQAAxkBAAICjWqisxrlvEdQp5K-NgUyu_8LFL_ZAAIFHwACmGnxUMePwIQnkT6zPQQ,91,1.4,Starter-SB-Tracks,2026-09-10T17:39:39.474456
AEF3e_Starter_SB_6.16.mp3,audio,CQACAgQAAxkBAAICjmqisxpJqFX7u1fBl8vHmm1n_oRwAAIGHwACmGnxUOUwekef_muWPQQ,30,0.47,Starter-SB-Tracks,2026-09-10T17:39:39.475249
AEF3e_Starter_SB_6.18.mp3,audio,CQACAgQAAxkBAAICj2qisxpdyXLAIaDNLwfQVvPav83nAAIHHwACmGnxUKsIIeTQjHycPQQ,22,0.34,Starter-SB-Tracks,2026-09-10T17:39:39.475935
AEF3e_Starter_SB_6.20.mp3,audio,CQACAgQAAxkBAAICkGqisxqw1_nqqCIIY4qRSuFvpierAAIIHwACmGnxUKUqSJ4ChvtIPQQ,66,1.02,Starter-SB-Tracks,2026-09-10T17:39:39.476561
AEF3e_Starter_SB_6.01.mp3,audio,CQACAgQAAxkBAAICkWqisxod8dLiSURhumNAVi4J_raxAAIJHwACmGnxUFSJm13QhheUPQQ,63,0.93,Starter-SB-Tracks,2026-09-10T17:39:39.477176
AEF3e_Starter_SB_7.31.mp3,audio,CQACAgQAAxkBAAICkmqisxpdvoK2YWTsAmEzM1PlI3k4AAIKHwACmGnxUHj2f5z8Bi0UPQQ,57,0.88,Starter-SB-Tracks,2026-09-10T17:39:39.478333
AEF3e_Starter_SB_7.11.mp3,audio,CQACAgQAAxkBAAICk2qisxrIOvvYksI3-52h_RsGfOPXAAILHwACmGnxUJepoYXOApvfPQQ,43,0.66,Starter-SB-Tracks,2026-09-10T17:39:39.479268
AEF3e_Starter_SB_7.12.mp3,audio,CQACAgQAAxkBAAIClGqisxqny-Nto6w-JO1a0e31Y2bHAAIMHwACmGnxUC1S1awujaARPQQ,22,0.35,Starter-SB-Tracks,2026-09-10T17:39:39.480484
AEF3e_Starter_SB_7.13.mp3,audio,CQACAgQAAxkBAAIClWqisxqV1GVJ4z-SBlDdOR3bHYmJAAINHwACmGnxUDjTKStwncjsPQQ,42,0.65,Starter-SB-Tracks,2026-09-10T17:39:39.481386
AEF3e_Starter_SB_7.14.mp3,audio,CQACAgQAAxkBAAIClmqisxozgdrZhBlE6lYgc6SVmziHAAIOHwACmGnxUKkLJixXcES7PQQ,62,0.95,Starter-SB-Tracks,2026-09-10T17:39:39.482075
AEF3e_Starter_SB_7.15.mp3,audio,CQACAgQAAxkBAAICl2qisxroowc8Zm32ryzoDdQWH1NCAAIPHwACmGnxUM5PPC2NJMTQPQQ,81,1.23,Starter-SB-Tracks,2026-09-10T17:39:39.482799
AEF3e_Starter_SB_7.16.mp3,audio,CQACAgQAAxkBAAICmGqisxoP-wSY0XzPWdu3m-BKuiRnAAIQHwACmGnxULwaKsWdd6sqPQQ,40,0.61,Starter-SB-Tracks,2026-09-10T17:39:39.483891
AEF3e_Starter_SB_7.17.mp3,audio,CQACAgQAAxkBAAICmWqisxpTMTIXFKHaVBJOZzJEExJbAAIRHwACmGnxUIwNaG9DqDVyPQQ,41,0.64,Starter-SB-Tracks,2026-09-10T17:39:39.484558
AEF3e_Starter_SB_7.18.mp3,audio,CQACAgQAAxkBAAICmmqisxrZUlvpFENChR-Q3rFhUeYlAAISHwACmGnxUEP0o3CLCBkUPQQ,85,1.31,Starter-SB-Tracks,2026-09-10T17:39:39.485182
AEF3e_Starter_SB_7.19.mp3,audio,CQACAgQAAxkBAAICm2qisxrjNNnzluOS5FEuTNi-oJHWAAITHwACmGnxUCoX46Akrkk3PQQ,24,0.37,Starter-SB-Tracks,2026-09-10T17:39:39.485951
AEF3e_Starter_SB_7.20.mp3,audio,CQACAgQAAxkBAAICnGqisxojL5ts_bNQp7za2tX6OMO3AAIUHwACmGnxUN0ldFvNulPHPQQ,44,0.68,Starter-SB-Tracks,2026-09-10T17:39:39.487187
AEF3e_Starter_SB_7.21.mp3,audio,CQACAgQAAxkBAAICnWqisxo21Q8wGrYJ6FTpcMzm4jymAAIVHwACmGnxUHYmIKVuBoA6PQQ,43,0.67,Starter-SB-Tracks,2026-09-10T17:39:39.487964
AEF3e_Starter_SB_7.01.mp3,audio,CQACAgQAAxkBAAICnmqisxqsMT5a4NjFUww6NZDayau3AAIWHwACmGnxUG3mil5sHbCFPQQ,44,0.68,Starter-SB-Tracks,2026-09-10T17:39:39.488789
AEF3e_Starter_SB_7.22.mp3,audio,CQACAgQAAxkBAAICn2qisxrFuG7GfN-CCHkXzzqhg-0IAAIXHwACmGnxUNEHUao1HU4PPQQ,75,1.16,Starter-SB-Tracks,2026-09-10T17:39:39.489799
AEF3e_Starter_SB_7.02.mp3,audio,CQACAgQAAxkBAAICoGqisxrMBNRXXdW30IfT9OXqtc_XAAIYHwACmGnxUCXfI10ZpVUVPQQ,100,1.53,Starter-SB-Tracks,2026-09-10T17:39:39.490734
AEF3e_Starter_SB_7.23.mp3,audio,CQACAgQAAxkBAAICoWqisxqPmpgC1QVNSxxWOPMxBkMaAAIZHwACmGnxUPtWghHeXYPZPQQ,65,1,Starter-SB-Tracks,2026-09-10T17:39:39.491432
AEF3e_Starter_SB_7.03.mp3,audio,CQACAgQAAxkBAAIComqisxrcWoSiRJjRkPGw66KVICO7AAIaHwACmGnxUHrjaGETnxecPQQ,26,0.4,Starter-SB-Tracks,2026-09-10T17:39:39.492107
AEF3e_Starter_SB_7.24.mp3,audio,CQACAgQAAxkBAAICo2qisxpgo9jJIXY6Gk7oO9_mep1-AAIbHwACmGnxUJWQ7j5NNmTMPQQ,41,0.63,Starter-SB-Tracks,2026-09-10T17:39:39.492772
AEF3e_Starter_SB_7.04.mp3,audio,CQACAgQAAxkBAAICpGqisxqLzp9yxLxFeHsGrKhvh15jAAIcHwACmGnxULeLgz_315kPPQQ,67,1.02,Starter-SB-Tracks,2026-09-10T17:39:39.493486
AEF3e_Starter_SB_7.25.mp3,audio,CQACAgQAAxkBAAICpWqisxqdvmTuDh9mH_aFJCtpHVXuAAIdHwACmGnxUBI8TatfVVxUPQQ,21,0.33,Starter-SB-Tracks,2026-09-10T17:39:39.494408
AEF3e_Starter_SB_7.05.mp3,audio,CQACAgQAAxkBAAICpmqisxr-uFMBUlvy1Idoh8QWn5VgAAIeHwACmGnxUJJGRtxTovFgPQQ,33,0.51,Starter-SB-Tracks,2026-09-10T17:39:39.495647
AEF3e_Starter_SB_7.29.mp3,audio,CQACAgQAAxkBAAICrWqisxohMtnh3EbFPdZTW2SgsbHIAAImHwACmGnxUIW7_ikEtC1mPQQ,53,0.81,Starter-SB-Tracks,2026-09-10T17:39:39.823711
AEF3e_Starter_SB_7.30.mp3,audio,CQACAgQAAxkBAAICr2qisxohRfDIC-IWKssxmLuccInQAAIoHwACmGnxUPW1ba9JMd1WPQQ,88,1.35,Starter-SB-Tracks,2026-09-10T17:39:39.826012
AEF3e_Starter_SB_7.06.mp3,audio,CQACAgQAAxkBAAICqGqisxoW0N4yFHEvi526cGCfGSCeAAIgHwACmGnxUJcw_MTqX-mXPQQ,30,0.46,Starter-SB-Tracks,2026-09-10T17:39:39.827793
AEF3e_Starter_SB_7.27.mp3,audio,CQACAgQAAxkBAAICqWqisxpOBt-EX6FYrrBYUvcTcOSrAAIhHwACmGnxUKC8HAaANNGJPQQ,25,0.39,Starter-SB-Tracks,2026-09-10T17:39:39.829649
AEF3e_Starter_SB_7.07.mp3,audio,CQACAgQAAxkBAAICqmqisxotcRJf0SQkCG31rCPiCX1WAAIjHwACmGnxUIDbEVXUE3D7PQQ,71,1.09,Starter-SB-Tracks,2026-09-10T17:39:39.831961
AEF3e_Starter_SB_7.28.mp3,audio,CQACAgQAAxkBAAICq2qisxrDjQZHsYf8Kue84p1YaCWnAAIkHwACmGnxUM1aia5fNX0XPQQ,47,0.72,Starter-SB-Tracks,2026-09-10T17:39:39.834129
AEF3e_Starter_SB_7.08.mp3,audio,CQACAgQAAxkBAAICrGqisxqAovj66VZzpg6oPc-8VgR0AAIlHwACmGnxUOaingy3NsxCPQQ,43,0.66,Starter-SB-Tracks,2026-09-10T17:39:39.837380
AEF3e_Starter_SB_7.26.mp3,audio,CQACAgQAAxkBAAICp2qisxqxQ06pY1zcBuMMFZl4mw62AAIfHwACmGnxUGtRwcs8XA1iPQQ,72,1.11,Starter-SB-Tracks,2026-09-10T17:39:39.839766
AEF3e_Starter_SB_7.09.mp3,audio,CQACAgQAAxkBAAICrmqisxo_rCBVpXqIw8wo7mQZ2th9AAInHwACmGnxUFIDKnJXU6V7PQQ,42,0.64,Starter-SB-Tracks,2026-09-10T17:39:39.841989
AEF3e_Starter_SB_4.11.mp3,audio,CQACAgQAAxkBAAICsWqis6SAge6NWQOqXeNHZbKwxYQoAAK3HgACmGnxUBnOkIVtTPsvPQQ,67,1.03,Starter-SB-Tracks,2026-09-10T17:41:56.386908
AEF3e_Starter_SB_4.12.mp3,audio,CQACAgQAAxkBAAICsmqis6R6U2rrUdMjRwOv2gvvu60NAAK4HgACmGnxUC258CtKUucOPQQ,40,0.62,Starter-SB-Tracks,2026-09-10T17:41:56.387904
AEF3e_Starter_SB_4.16.mp3,audio,CQACAgQAAxkBAAICtmqis6TNtg-ukSvI4V2wRK6rgKS_AAK8HgACmGnxUDO4tbGsQ13gPQQ,53,0.82,Starter-SB-Tracks,2026-09-10T17:41:56.388812
AEF3e_Starter_SB_4.18.mp3,audio,CQACAgQAAxkBAAICuGqis6SYD7pzSTXgurS-RZLcwqPeAAK-HgACmGnxUKuEMZDyk5KQPQQ,33,0.52,Starter-SB-Tracks,2026-09-10T17:41:56.389705
AEF3e_Starter_SB_4.20.mp3,audio,CQACAgQAAxkBAAICumqis6SfWiQ8jhHfPKJK2SYq2JcCAALAHgACmGnxUC0EObkoNugQPQQ,90,1.37,Starter-SB-Tracks,2026-09-10T17:41:56.390499
AEF3e_Starter_SB_4.13.mp3,audio,CQACAgQAAxkBAAICs2qis6Td1iFvzp5scPYtwHYNhptlAAK5HgACmGnxUHEmv-dheiHGPQQ,42,0.64,Starter-SB-Tracks,2026-09-10T17:41:56.391500
AEF3e_Starter_SB_4.14.mp3,audio,CQACAgQAAxkBAAICtGqis6Q6PjqxczO0EGfChp-ba2ikAAK6HgACmGnxUGoPazRNa41IPQQ,74,1.13,Starter-SB-Tracks,2026-09-10T17:41:56.392477
AEF3e_Starter_SB_4.15.mp3,audio,CQACAgQAAxkBAAICtWqis6QCg01Xg2IuvWNKHOuSM8ubAAK7HgACmGnxUObSugrvnnAZPQQ,110,1.68,Starter-SB-Tracks,2026-09-10T17:41:56.393429
AEF3e_Starter_SB_4.17.mp3,audio,CQACAgQAAxkBAAICt2qis6TcIzPNDMVTYL04Nrrdh5IPAAK9HgACmGnxUEYiWViu_2yaPQQ,83,1.28,Starter-SB-Tracks,2026-09-10T17:41:56.394654
AEF3e_Starter_SB_4.19.mp3,audio,CQACAgQAAxkBAAICuWqis6TWQPf50jWJihkzfNeIuf-pAAK_HgACmGnxUFFitGBAyk2ZPQQ,35,0.54,Starter-SB-Tracks,2026-09-10T17:41:56.396192
AEF3e_Starter_WB_5.7.mp3,audio,CQACAgQAAxkBAAICxGqis9txWGHjRjtVSlbyb4L24o1TAAKSHwACmGnxUO0sHNI_oTQAAT0E,45,0.7,Starter-WB-tracks,2026-09-10T17:42:51.678610
AEF3e_Starter_WB_5.2.mp3,audio,CQACAgQAAxkBAAIC0Gqis9ui3BtcLnZ6QyZrB7Yw83pyAAKeHwACmGnxUPE41o5BfRhvPQQ,61,0.94,Starter-WB-tracks,2026-09-10T17:42:51.679512
AEF3e_Starter_WB_5.1.mp3,audio,CQACAgQAAxkBAAICvmqis9v1mtAIxeQOzNkMhn3t_0hdAAKMHwACmGnxUCbuboLQsglEPQQ,29,0.45,Starter-WB-tracks,2026-09-10T17:42:51.680264
AEF3e_Starter_WB_9.2.mp3,audio,CQACAgQAAxkBAAICwGqis9uuRjr7QNRqwEfGIjfTT8ctAAKOHwACmGnxUOdwGmqLQI-bPQQ,19,0.3,Starter-WB-tracks,2026-09-10T17:42:51.681067
AEF3e_Starter_WB_7.1.mp3,audio,CQACAgQAAxkBAAICymqis9t3beO6dFzOon43-VXn1CX7AAKYHwACmGnxUK2PQz11HafQPQQ,73,1.12,Starter-WB-tracks,2026-09-10T17:42:51.681715
AEF3e_Starter_WB_3.1.mp3,audio,CQACAgQAAxkBAAICyGqis9ta-kxWR26ftJ7_xErikjGTAAKWHwACmGnxUEZDT6zZdpeSPQQ,36,0.56,Starter-WB-tracks,2026-09-10T17:42:51.682353
AEF3e_Starter_WB_3.4.mp3,audio,CQACAgQAAxkBAAICy2qis9tuRkZQt7r0NEe5kdzn8tY2AAKZHwACmGnxUN1et1q2y7ZkPQQ,48,0.73,Starter-WB-tracks,2026-09-10T17:42:51.682981
AEF3e_Starter_WB_9.5.mp3,audio,CQACAgQAAxkBAAICw2qis9sosy7xEXPZTrNvgMHXB21uAAKRHwACmGnxUANJP6cyNOosPQQ,54,0.84,Starter-WB-tracks,2026-09-10T17:42:51.683751
AEF3e_Starter_WB_1.4.mp3,audio,CQACAgQAAxkBAAIC0Wqis9uq5S3CHUPiy7JScUVNIbXeAAKfHwACmGnxUKi1yAoCWQEVPQQ,118,1.8,Starter-WB-tracks,2026-09-10T17:42:51.684654
AEF3e_Starter_WB_9.3.mp3,audio,CQACAgQAAxkBAAIC0mqis9uxUuXKsHoQ1Ugii5fhPpykAAKgHwACmGnxUDkMr-D5i5McPQQ,32,0.5,Starter-WB-tracks,2026-09-10T17:42:51.685574
AEF3e_Starter_WB_1.1.mp3,audio,CQACAgQAAxkBAAICzmqis9t8RxIMYc6I3huNprc7A3TtAAKcHwACmGnxUG2rZ2nWzWeSPQQ,25,0.39,Starter-WB-tracks,2026-09-10T17:42:51.686431
AEF3e_Starter_WB_1.3.mp3,audio,CQACAgQAAxkBAAICv2qis9sKzezvNRa-LgZzPi5FjMrWAAKNHwACmGnxUB3p-739LeIuPQQ,61,0.94,Starter-WB-tracks,2026-09-10T17:42:51.687472
AEF3e_Starter_WB_8.4.mp3,audio,CQACAgQAAxkBAAICz2qis9ssM6B-WcIV2Izkhm_tdd2XAAKdHwACmGnxUCY6n3N7jkeZPQQ,40,0.62,Starter-WB-tracks,2026-09-10T17:42:51.688827
AEF3e_Starter_WB_5.5.mp3,audio,CQACAgQAAxkBAAIC02qis9ssau4bkohLB3slMdyZRZLqAAKhHwACmGnxUL20SIm0JTHVPQQ,42,0.65,Starter-WB-tracks,2026-09-10T17:42:51.689998
AEF3e_Starter_WB_1.6.mp3,audio,CQACAgQAAxkBAAICwmqis9tqLtS04T8nYH_ySANGZkybAAKQHwACmGnxUHyu3HmtjzS_PQQ,35,0.53,Starter-WB-tracks,2026-09-10T17:42:51.691003
AEF3e_Starter_WB_1.7.mp3,audio,CQACAgQAAxkBAAIC1Gqis9tLMTgHLqoUEfk6zYz2Fa13AAKiHwACmGnxUHGceMQsi8PlPQQ,44,0.68,Starter-WB-tracks,2026-09-10T17:42:51.692014
AEF3e_Starter_WB_2.2.mp3,audio,CQACAgQAAxkBAAICxWqis9sxc3z4gFrCpsuuoqOX6XnvAAKTHwACmGnxUJZdNZ6LzuYuPQQ,41,0.63,Starter-WB-tracks,2026-09-10T17:42:51.692945
AEF3e_Starter_WB_10.1.mp3,audio,CQACAgQAAxkBAAIC1Wqis9sCAAFIiViunsP1j62uaw0_dwACox8AAphp8VDgqPFGcmr7wT0E,60,0.93,Starter-WB-tracks,2026-09-10T17:42:51.693860
AEF3e_Starter_WB_4.2.mp3,audio,CQACAgQAAxkBAAICzWqis9v2DPebvLRr_k451YUfA7Y1AAKbHwACmGnxULLoMIlM5OxHPQQ,61,0.94,Starter-WB-tracks,2026-09-10T17:42:51.694891
AEF3e_Starter_WB_11.1.mp3,audio,CQACAgQAAxkBAAICxmqis9uoktlMvw86pfZ6N7a_cyx2AAKUHwACmGnxUFqklnVI0UeXPQQ,40,0.62,Starter-WB-tracks,2026-09-10T17:42:51.695897
AEF3e_Starter_WB_8.1.mp3,audio,CQACAgQAAxkBAAICzGqis9tsoyAOMTNjva1By_2iCveyAAKaHwACmGnxUDO1RKz6U39hPQQ,46,0.71,Starter-WB-tracks,2026-09-10T17:42:51.697014
AEF3e_Starter_WB_6.1.mp3,audio,CQACAgQAAxkBAAIC1mqis9sFThUoO8GYMtg6Evuwn_JyAAKkHwACmGnxULIpFsSjb5-0PQQ,61,0.94,Starter-WB-tracks,2026-09-10T17:42:51.698104
AEF3e_Starter_WB_2.3.mp3,audio,CQACAgQAAxkBAAIC12qis9vbiQ147YxfqgK237pXmScwAAKlHwACmGnxUAAB80_BwOlDoT0E,58,0.88,Starter-WB-tracks,2026-09-10T17:42:51.699271
AEF3e_Starter_WB_11.2.mp3,audio,CQACAgQAAxkBAAIC2Gqis9vXvxex8BYhhu68034IbC0MAAKmHwACmGnxUE6ODxmftlEGPQQ,49,0.75,Starter-WB-tracks,2026-09-10T17:42:51.700606
AEF3e_Starter_WB_6.4.mp3,audio,CQACAgQAAxkBAAIC2Wqis9tU3W6Z_frsOJs8U6Smb2yPAAKnHwACmGnxUHRJNJWkF_8YPQQ,55,0.84,Starter-WB-tracks,2026-09-10T17:42:51.701719
AEF3e_Starter_WB_3.2.mp3,audio,CQACAgQAAxkBAAIC2mqis9shRTWAsPZRknBRlZf6VF7NAAKoHwACmGnxUDxWW1DPmkzjPQQ,32,0.49,Starter-WB-tracks,2026-09-10T17:42:51.702984
AEF3e_Starter_WB_12.2.mp3,audio,CQACAgQAAxkBAAIC22qis9tkyDXiY1-ToX80k4x0f1OyAAKpHwACmGnxUFK0mrhhdpmjPQQ,68,1.04,Starter-WB-tracks,2026-09-10T17:42:51.704281
AEF3e_Starter_WB_6.3.mp3,audio,CQACAgQAAxkBAAICx2qis9sbSqzJyw8sxJQ2o_azjeC2AAKVHwACmGnxUCtFBX7Bi7rYPQQ,53,0.82,Starter-WB-tracks,2026-09-10T17:42:51.705259
AEF3e_Starter_WB_7.2.mp3,audio,CQACAgQAAxkBAAIC3Gqis9vuB7QXwkRoroHtw9cBjEewAAKqHwACmGnxUMfTFq3_nBAoPQQ,58,0.9,Starter-WB-tracks,2026-09-10T17:42:51.706092
AEF3e_Starter_WB_3.5.mp3,audio,CQACAgQAAxkBAAIC3Wqis9s-xFQ-wckUo_strDc9tMLSAAKrHwACmGnxUCiL_u5Et6mbPQQ,32,0.49,Starter-WB-tracks,2026-09-10T17:42:51.706860
AEF3e_Starter_WB_8.2.mp3,audio,CQACAgQAAxkBAAIC3mqis9tIcUs7Pbcv0ObgVKblgoLDAAKsHwACmGnxULTRer0cHY3nPQQ,27,0.41,Starter-WB-tracks,2026-09-10T17:42:51.707592
AEF3e_Starter_WB_4.3.mp3,audio,CQACAgQAAxkBAAIC32qis9tif6Hgh5TIuVpRdLeL-yG5AAKtHwACmGnxUHdHP09A2SMNPQQ,34,0.53,Starter-WB-tracks,2026-09-10T17:42:51.708380
AEF3e_Starter_WB_1.2.mp3,audio,CQACAgQAAxkBAAIC4Gqis9t9SDAU7vA8U03gpDnyKGNsAAKuHwACmGnxUMhfvTIhw6h4PQQ,36,0.55,Starter-WB-tracks,2026-09-10T17:42:51.709396
AEF3e_Starter_WB_12.1.mp3,audio,CQACAgQAAxkBAAICyWqis9v_V-KwAjW59jGV4meGYPZsAAKXHwACmGnxUFM-afu1QsOTPQQ,36,0.56,Starter-WB-tracks,2026-09-10T17:42:51.710414
AEF3e_Starter_WB_9.1.mp3,audio,CQACAgQAAxkBAAIC4Wqis9vpZZHxHpeKEVzqHoayO4zfAAKvHwACmGnxUFEzTWDSC1U3PQQ,50,0.77,Starter-WB-tracks,2026-09-10T17:42:51.711850
AEF3e_Starter_WB_5.3.mp3,audio,CQACAgQAAxkBAAIC4mqis9tSHK80mzAB6HtrlhbHhdo6AAKwHwACmGnxUMX5zDxTWfRsPQQ,30,0.46,Starter-WB-tracks,2026-09-10T17:42:51.712710
AEF3e_Starter_WB_1.5.mp3,audio,CQACAgQAAxkBAAIC42qis9sci8D6dRB_hwsZSL0qjMHJAAKxHwACmGnxUE7kW3eFpljBPQQ,33,0.51,Starter-WB-tracks,2026-09-10T17:42:51.713471
AEF3e_Starter_WB_5.4.mp3,audio,CQACAgQAAxkBAAICwWqis9slbFCU_lcqWtrtjrHxuMgNAAKPHwACmGnxUOGbrfgSwihoPQQ,41,0.63,Starter-WB-tracks,2026-09-10T17:42:51.714287
AEF3e_Starter_WB_9.4.mp3,audio,CQACAgQAAxkBAAIC5Gqis9tnH0DsxSHw9F5Km2fQpRn2AAKyHwACmGnxUN2o17gCI_PjPQQ,45,0.69,Starter-WB-tracks,2026-09-10T17:42:51.715200
AEF3e_Starter_WB_5.6.mp3,audio,CQACAgQAAxkBAAIC5Wqis9sotfISOzBUqCEw1wACUvPgAAKzHwACmGnxUMVrNMuc9c99PQQ,58,0.89,Starter-WB-tracks,2026-09-10T17:42:51.716079
AEF3e_Starter_WB_2.1.mp3,audio,CQACAgQAAxkBAAIC5mqis9tExJkJ3DvDan2HDc_JcvR-AAK0HwACmGnxUO9JlXDvkKG9PQQ,31,0.49,Starter-WB-tracks,2026-09-10T17:42:51.717175
AEF3e_Starter_WB_10.2.mp3,audio,CQACAgQAAxkBAAIC52qis9s3oyQdnd3mSPkWRXm-aBMTAAK1HwACmGnxUIoLCZKwFjysPQQ,45,0.7,Starter-WB-tracks,2026-09-10T17:42:51.718141
AEF3e_Starter_WB_6.2.mp3,audio,CQACAgQAAxkBAAIC6Gqis9sWSqLb4U0MIbpXT6gC242eAAK2HwACmGnxUOcQnj1lKwm-PQQ,28,0.44,Starter-WB-tracks,2026-09-10T17:42:51.719061
AEF3e_Starter_WB_2.4.mp3,audio,CQACAgQAAxkBAAIC6Wqis9vZ7X6hcEK_aR1yas89Hjj5AAK3HwACmGnxUFIny-onQ9h3PQQ,43,0.66,Starter-WB-tracks,2026-09-10T17:42:51.720256
AEF3e_Starter_WB_11.3.mp3,audio,CQACAgQAAxkBAAIC6mqis9u-ku82KmDt-xgIFAhsL1KXAAK4HwACmGnxUFbYJ9V-PQw0PQQ,41,0.64,Starter-WB-tracks,2026-09-10T17:42:51.721152
AEF3e_Starter_WB_6.5.mp3,audio,CQACAgQAAxkBAAIC62qis9uUzcTySryTJ-JI3Vft7MjHAAK5HwACmGnxUF2My-TCI21kPQQ,60,0.91,Starter-WB-tracks,2026-09-10T17:42:51.722004
AEF3e_Starter_WB_3.3.mp3,audio,CQACAgQAAxkBAAIC7Gqis9vaWAQ-NzXBg3iVjnQHTa2gAAK6HwACmGnxUFPiMPe6NwsUPQQ,44,0.67,Starter-WB-tracks,2026-09-10T17:42:51.722785
AEF3e_Starter_WB_12.3.mp3,audio,CQACAgQAAxkBAAIC7Wqis9unkDerb_TZRZfA7sqRnCdRAAK7HwACmGnxUAL8grVmMKo0PQQ,48,0.73,Starter-WB-tracks,2026-09-10T17:42:51.723504
AEF3e_Starter_WB_7.3.mp3,audio,CQACAgQAAxkBAAIC7mqis9sYdFkIYxY__RJ79kNDkLpAAAK8HwACmGnxUDXcLGKUUy74PQQ,42,0.65,Starter-WB-tracks,2026-09-10T17:42:51.724244
AEF3e_Starter_WB_4.1.mp3,audio,CQACAgQAAxkBAAIC72qis9s_QJRYlVw0foQ1cpJNkROTAAK9HwACmGnxUHxM9RVDHueoPQQ,68,1.05,Starter-WB-tracks,2026-09-10T17:42:51.725350
AEF3e_Starter_WB_8.3.mp3,audio,CQACAgQAAxkBAAIC8Gqis9vTrixZAAGHFzlXppjLRDXGYgACvh8AAphp8VCRi9FPkvJ5zD0E,32,0.5,Starter-WB-tracks,2026-09-10T17:42:51.726457
AEF3e_Level_1_SB_10.15.mp3,audio,CQACAgQAAxkBAAIC-WqitAtQu34HZn9z_RawPJvIn1pfAALGHwACmGnxUGTvuX2BC8PfPQQ,68,1.04,Book1-SB-Tracks,2026-09-10T17:43:41.237320
AEF3e_Level_1_SB_1.15.mp3,audio,CQACAgQAAxkBAAIC-mqitAufZAKZbMlexMCnyOcwChrXAALHHwACmGnxULv0-ps4qepiPQQ,78,1.2,Book1-SB-Tracks,2026-09-10T17:43:41.238268
AEF3e_Level_1_SB_7.12.mp3,audio,CQACAgQAAxkBAAIDAAFqorQLv0cSuj0zZafPWMCOmLhVIQACzR8AAphp8VD_0oUbXP9rUj0E,47,0.72,Book1-SB-Tracks,2026-09-10T17:43:41.239102
AEF3e_Level_1_SB_3.11.mp3,audio,CQACAgQAAxkBAAIC-GqitAuvfALlZhknxXdfDEUbFlhyAALFHwACmGnxUODA7GQK-0Z1PQQ,42,0.65,Book1-SB-Tracks,2026-09-10T17:43:41.239913
AEF3e_Level_1_SB_4.21.mp3,audio,CQACAgQAAxkBAAIDAWqitAvQEOeKzRxvgQpImWln1XUGAALOHwACmGnxUJgjlyOyizf2PQQ,19,0.29,Book1-SB-Tracks,2026-09-10T17:43:41.240676
AEF3e_Level_1_SB_10.02.mp3,audio,CQACAgQAAxkBAAIC_mqitAu2FB9SsVD6L4JKqr2ZmZbRAALLHwACmGnxUO8ZYu0a0gABdz0E,124,1.89,Book1-SB-Tracks,2026-09-10T17:43:41.241487
AEF3e_Level_1_SB_2.03.mp3,audio,CQACAgQAAxkBAAIDAmqitAuxLN-tw5SZhC1VH0_0yZnGAALPHwACmGnxUMgXDbuyJ0RoPQQ,25,0.4,Book1-SB-Tracks,2026-09-10T17:43:41.242096
AEF3e_Level_1_SB_8.01.mp3,audio,CQACAgQAAxkBAAIC-2qitAsXbl3R53-AcvCJce-B4TTHAALIHwACmGnxUC_Ls0LRraSyPQQ,158,2.42,Book1-SB-Tracks,2026-09-10T17:43:41.242702
AEF3e_Level_1_SB_9.17.mp3,audio,CQACAgQAAxkBAAIDA2qitAu98hTaI5KTo2bw-FhKDzUeAALRHwACmGnxUCcxHVe2lB2qPQQ,407,6.2,Book1-SB-Tracks,2026-09-10T17:43:41.243474
AEF3e_Level_1_SB_5.11.mp3,audio,CQACAgQAAxkBAAIC_GqitAs3b-x2-SmOdQrOFSmyf7EkAALJHwACmGnxUH05PYA2MXeJPQQ,70,1.08,Book1-SB-Tracks,2026-09-10T17:43:41.244291
AEF3e_Level_1_SB_6.24.mp3,audio,CQACAgQAAxkBAAIDBGqitAvDPYtDLw_EcXVpX_xA09YrAALSHwACmGnxULn46-LBCvJfPQQ,22,0.34,Book1-SB-Tracks,2026-09-10T17:43:41.245172
AEF3e_Level_1_SB_1.02.mp3,audio,CQACAgQAAxkBAAIC_2qitAscSwXIZEfoHiei1pES4qQ1AALMHwACmGnxUGmEP54IfXzRPQQ,104,1.59,Book1-SB-Tracks,2026-09-10T17:43:41.245953
AEF3e_Level_1_SB_4.08.mp3,audio,CQACAgQAAxkBAAIDBWqitAsgCblHSKSMbttB1w6j0slfAALTHwACmGnxUBjpf0mvtnYrPQQ,163,2.49,Book1-SB-Tracks,2026-09-10T17:43:41.246817
AEF3e_Level_1_SB_12.03.mp3,audio,CQACAgQAAxkBAAIDBmqitAuqQesFyKQHBMmEeeM_EaclAALUHwACmGnxUDuwZtGZjYCYPQQ,13,0.2,Book1-SB-Tracks,2026-09-10T17:43:41.247986
AEF3e_Level_1_SB_11.07.mp3,audio,CQACAgQAAxkBAAIC9GqitAuQ9CkaOGJE90adzMn_NUnaAALBHwACmGnxUJ5Z-0f6d65iPQQ,39,0.61,Book1-SB-Tracks,2026-09-10T17:43:41.249095
AEF3e_Level_1_SB_2.16.mp3,audio,CQACAgQAAxkBAAIC_WqitAsRN5hQAtAj7Vp4J7D78tRNAALKHwACmGnxUB1iyYqf-xOUPQQ,24,0.38,Book1-SB-Tracks,2026-09-10T17:43:41.249976
AEF3e_Level_1_SB_1.43.mp3,audio,CQACAgQAAxkBAAIDB2qitAspJCl1HH0hmc1jSIVo7RI6AALVHwACmGnxUKFkR3ksunoIPQQ,38,0.58,Book1-SB-Tracks,2026-09-10T17:43:41.250815
AEF3e_Level_1_SB_9.04.mp3,audio,CQACAgQAAxkBAAIDCGqitAtlZV10vCbZqzqz10b6bPkJAALWHwACmGnxUNxhLZSc0THsPQQ,134,2.04,Book1-SB-Tracks,2026-09-10T17:43:41.251551
AEF3e_Level_1_SB_6.11.mp3,audio,CQACAgQAAxkBAAIDCWqitAsK7jh8QwABYzMdjd3H-EVD3wAC1x8AAphp8VDUAdB2SQLwxD0E,23,0.35,Book1-SB-Tracks,2026-09-10T17:43:41.252348
AEF3e_Level_1_SB_5.24.mp3,audio,CQACAgQAAxkBAAIC92qitAt0RbWR_vGNPZUtB_Tc3dNzAALEHwACmGnxUFq74jFeLk_QPQQ,18,0.28,Book1-SB-Tracks,2026-09-10T17:43:41.253311
AEF3e_Level_1_SB_3.26.mp3,audio,CQACAgQAAxkBAAIDCmqitAtJ6pzFLgIItRZWMx_mwpPaAALYHwACmGnxUAhfZbYSaDWNPQQ,79,1.22,Book1-SB-Tracks,2026-09-10T17:43:41.254903
AEF3e_Level_1_SB_11.09.mp3,audio,CQACAgQAAxkBAAIDC2qitAutAAGi-xP2BnNFIUaGU27HNQAC2R8AAphp8VCaInMP3X41-T0E,72,1.11,Book1-SB-Tracks,2026-09-10T17:43:41.255888
AEF3e_Level_1_SB_1.30.mp3,audio,CQACAgQAAxkBAAIDDGqitAt1X4EgEsPDY3JJvxmQbxjhAALaHwACmGnxUDtS5WqKp5h0PQQ,98,1.51,Book1-SB-Tracks,2026-09-10T17:43:41.256589
AEF3e_Level_1_SB_1.28.mp3,audio,CQACAgQAAxkBAAIC9WqitAvpnibDzMlnCzOvciy_BnwEAALCHwACmGnxUHzwT5q9Qn_7PQQ,24,0.38,Book1-SB-Tracks,2026-09-10T17:43:41.257322
AEF3e_Level_1_SB_8.14.mp3,audio,CQACAgQAAxkBAAIC9mqitAuDSqyJhlyVxJhuZXJyxxlMAALDHwACmGnxUMlYqxPZ9VrgPQQ,102,1.56,Book1-SB-Tracks,2026-09-10T17:43:41.258245
AEF3e_Level_1_SB_8.16.mp3,audio,CQACAgQAAxkBAAIDDWqitAuYK2HZLN2qvVigIBOKnopYAALbHwACmGnxUDqM07RnkO8rPQQ,12,0.19,Book1-SB-Tracks,2026-09-10T17:43:41.259265
AEF3e_Level_1_SB_5.26.mp3,audio,CQACAgQAAxkBAAIDDmqitAsYO6veDzJ2eaKX8wtO_DjoAALcHwACmGnxUEM8GW2tNaL4PQQ,56,0.87,Book1-SB-Tracks,2026-09-10T17:43:41.260469
AEF3e_Level_1_SB_3.13.mp3,audio,CQACAgQAAxkBAAIDD2qitAsjUOqWU9_fOkJMaOEAAc9KPgAC3R8AAphp8VBHLbscn5B4Xz0E,33,0.52,Book1-SB-Tracks,2026-09-10T17:43:41.261514
AEF3e_Level_1_SB_10.17.mp3,audio,CQACAgQAAxkBAAIDEGqitAvODcvq7AYHL2wzhCBYQaZcAALeHwACmGnxUPUx2iazvDXzPQQ,74,1.13,Book1-SB-Tracks,2026-09-10T17:43:41.262306
AEF3e_Level_1_SB_1.17.mp3,audio,CQACAgQAAxkBAAIDEWqitAusCyGAUKmm9SkghsA6xlZkAALfHwACmGnxUC_EoB2Vs_VPPQQ,81,1.24,Book1-SB-Tracks,2026-09-10T17:43:41.263020
AEF3e_Level_1_SB_8.03.mp3,audio,CQACAgQAAxkBAAIDEmqitAt5n4V6V0grkuC6yUHUmcQRAALgHwACmGnxUMf7Nms3g-PAPQQ,45,0.7,Book1-SB-Tracks,2026-09-10T17:43:41.263995
AEF3e_Level_1_SB_5.13.mp3,audio,CQACAgQAAxkBAAIDE2qitAuCmbMFJ1jglikKVdA-C4C1AALhHwACmGnxUAFIch_Pr4L6PQQ,105,1.6,Book1-SB-Tracks,2026-09-10T17:43:41.264815
AEF3e_Level_1_SB_2.18.mp3,audio,CQACAgQAAxkBAAIDFGqitAvE6KnQnKXfsytEPY4EjGz7AALiHwACmGnxUNJ8ZdMDL7EvPQQ,61,0.93,Book1-SB-Tracks,2026-09-10T17:43:41.265484
AEF3e_Level_1_SB_10.04.mp3,audio,CQACAgQAAxkBAAIDFWqitAuAHnIMq1yRlJ8rvOmaC9N_AALjHwACmGnxUEd2kq5FxO5bPQQ,22,0.34,Book1-SB-Tracks,2026-09-10T17:43:41.266272
AEF3e_Level_1_SB_1.04.mp3,audio,CQACAgQAAxkBAAIDFmqitAvyvGUAAeqdA3zaGjofLUg31AAC5B8AAphp8VDjCu1tDy8npz0E,43,0.66,Book1-SB-Tracks,2026-09-10T17:43:41.267106
AEF3e_Level_1_SB_7.14.mp3,audio,CQACAgQAAxkBAAIDF2qitAsiGDYsS8ek9bpLh5IsnfsLAALlHwACmGnxUEB1CZDIAAEPFz0E,64,0.62,Book1-SB-Tracks,2026-09-10T17:43:41.268095
AEF3e_Level_1_SB_4.23.mp3,audio,CQACAgQAAxkBAAIDGGqitAuZMDL8XzCceJgzo0XMPOnHAALmHwACmGnxUPOgijUI73_zPQQ,82,1.26,Book1-SB-Tracks,2026-09-10T17:43:41.269396
AEF3e_Level_1_SB_2.05.mp3,audio,CQACAgQAAxkBAAIDGWqitAtK1_TqbTWijxOEX2Bi6MVvAALnHwACmGnxUGcLXdWEJtOkPQQ,54,0.82,Book1-SB-Tracks,2026-09-10T17:43:41.270360
AEF3e_Level_1_SB_9.19.mp3,audio,CQACAgQAAxkBAAIDGmqitAusuTPJbnYRB5TtLk-2yhrjAALoHwACmGnxUE7NEduQgwd-PQQ,9,0.15,Book1-SB-Tracks,2026-09-10T17:43:41.271212
AEF3e_Level_1_SB_7.01.mp3,audio,CQACAgQAAxkBAAIDG2qitAu8GojochdcZDzZ8-_-bFNiAALpHwACmGnxUMPyGST-jB1GPQQ,111,1.69,Book1-SB-Tracks,2026-09-10T17:43:41.271964
AEF3e_Level_1_SB_4.10.mp3,audio,CQACAgQAAxkBAAIDHGqitAuUGJVkvQvA7e6lBR1XgmIMAALqHwACmGnxUN5sO1MxGf5ePQQ,32,0.49,Book1-SB-Tracks,2026-09-10T17:43:41.272620
AEF3e_Level_1_SB_12.05.mp3,audio,CQACAgQAAxkBAAIDHWqitAte1w628vW9FPVFrHlccgAB3wAC6x8AAphp8VCICKtMLjjFgz0E,45,0.69,Book1-SB-Tracks,2026-09-10T17:43:41.273386
AEF3e_Level_1_SB_1.45.mp3,audio,CQACAgQAAxkBAAIDHmqitAu0V1WRL7GepO34PxZrwBUiAALsHwACmGnxUHa_zwAB_E5otD0E,24,0.37,Book1-SB-Tracks,2026-09-10T17:43:41.274104
AEF3e_Level_1_SB_9.06.mp3,audio,CQACAgQAAxkBAAIDH2qitAtBKntZPuLoqQHyOihAoCvNAALtHwACmGnxUFG4Y6iWSvjXPQQ,38,0.58,Book1-SB-Tracks,2026-09-10T17:43:41.274914
AEF3e_Level_1_SB_6.13.mp3,audio,CQACAgQAAxkBAAIDIGqitAtnnw9Hc5qFM15X7t8mK-8zAALwHwACmGnxUNS79mXtWTA4PQQ,74,1.14,Book1-SB-Tracks,2026-09-10T17:43:41.275687
AEF3e_Level_1_SB_3.28.mp3,audio,CQACAgQAAxkBAAIDIWqitAuxDzvgzpG-5yZqeO6gt57uAALxHwACmGnxUK_3u34bTts7PQQ,46,0.71,Book1-SB-Tracks,2026-09-10T17:43:41.276746
AEF3e_Level_1_SB_11.11.mp3,audio,CQACAgQAAxkBAAIDImqitAsf9Nf58iLJDBNgipEmwbSAAALyHwACmGnxUNqh05f7RUEePQQ,185,2.83,Book1-SB-Tracks,2026-09-10T17:43:41.277717
AEF3e_Level_1_SB_1.32.mp3,audio,CQACAgQAAxkBAAIDI2qitAsGK5tPzrPyGJkCIoyR4bdDAALzHwACmGnxUMZ0JYiwr0D-PQQ,27,0.42,Book1-SB-Tracks,2026-09-10T17:43:41.279139
AEF3e_Level_1_SB_8.18.mp3,audio,CQACAgQAAxkBAAIDJGqitAt_hohk3kWxLxh7pbojbNr-AAL0HwACmGnxUBTQPJP_3ob8PQQ,37,0.57,Book1-SB-Tracks,2026-09-10T17:43:41.279948
AEF3e_Level_1_SB_5.28.mp3,audio,CQACAgQAAxkBAAIDJWqitAs6T2WOyUnIdI_Cx1xOIcGNAAL1HwACmGnxUCw-NreF_sDsPQQ,44,0.67,Book1-SB-Tracks,2026-09-10T17:43:41.280574
AEF3e_Level_1_SB_3.15.mp3,audio,CQACAgQAAxkBAAIDJmqitAtALDBpsV8kxt98cxvCLrI8AAL2HwACmGnxUCtGEzsKdORqPQQ,52,0.8,Book1-SB-Tracks,2026-09-10T17:43:41.281267
AEF3e_Level_1_SB_10.19.mp3,audio,CQACAgQAAxkBAAIDJ2qitAuJ-oTpfOiz4lygPAUxxLf0AAL5HwACmGnxUA68TJpexNvmPQQ,74,1.13,Book1-SB-Tracks,2026-09-10T17:43:41.281959
AEF3e_Level_1_SB_1.19.mp3,audio,CQACAgQAAxkBAAIDKGqitAt4lJUN-BnOmStCL4oFwlGeAAL6HwACmGnxUOJs-JVyJT8wPQQ,137,2.1,Book1-SB-Tracks,2026-09-10T17:43:41.282723
AEF3e_Level_1_SB_8.05.mp3,audio,CQACAgQAAxkBAAIDKWqitAv21wVUMGzFfR7sKna7ul2yAAL7HwACmGnxUCgzshDYyxUZPQQ,70,1.07,Book1-SB-Tracks,2026-09-10T17:43:41.283625
AEF3e_Level_1_SB_5.15.mp3,audio,CQACAgQAAxkBAAIDKmqitAsf5OZVakbMV6kaBj_5peeRAAL8HwACmGnxUMu0qyGF6LpTPQQ,27,0.43,Book1-SB-Tracks,2026-09-10T17:43:41.284563
AEF3e_Level_1_SB_3.02.mp3,audio,CQACAgQAAxkBAAIDK2qitAsmPpyhun5nJHum4IQs_N78AAL9HwACmGnxUPto6OkKFQ1GPQQ,130,1.98,Book1-SB-Tracks,2026-09-10T17:43:41.285867
AEF3e_Level_1_SB_10.06.mp3,audio,CQACAgQAAxkBAAIDLGqitAuNgj40TGPQ65WXvn7-t4sAA_4fAAKYafFQsrolh8DONRM9BA,14,0.23,Book1-SB-Tracks,2026-09-10T17:43:41.286788
AEF3e_Level_1_SB_1.06.mp3,audio,CQACAgQAAxkBAAIDLWqitAv3hWgjFSKHK8FhJ4NpPJAAA_8fAAKYafFQdJ4CKEa0_PQ9BA,33,0.5,Book1-SB-Tracks,2026-09-10T17:43:41.287519
AEF3e_Level_1_SB_7.16.mp3,audio,CQACAgQAAxkBAAIDLmqitAsWmZ5NkGixHls8EUQ6fMayAAMgAAKYafFQhQXl7UsCy6Y9BA,140,2.13,Book1-SB-Tracks,2026-09-10T17:43:41.288220
AEF3e_Level_1_SB_5.02.mp3,audio,CQACAgQAAxkBAAIDL2qitAtLFzq2ZvNE-IdIcdnQJrZFAAIBIAACmGnxUG8r4nWjOqGEPQQ,141,2.16,Book1-SB-Tracks,2026-09-10T17:43:41.289104
AEF3e_Level_1_SB_2.07.mp3,audio,CQACAgQAAxkBAAIDMGqitAu8ene3tgaecfIvh0ZBEtU3AAICIAACmGnxUB0LwlgTeiaJPQQ,126,1.93,Book1-SB-Tracks,2026-09-10T17:43:41.289963
AEF3e_Level_1_SB_9.21.mp3,audio,CQACAgQAAxkBAAIDMWqitAv-zF137aHGSBw6LvEnk1BQAAIDIAACmGnxUGNIyb0AAfgT-D0E,101,2.12,Book1-SB-Tracks,2026-09-10T17:43:41.290832
AEF3e_Level_1_SB_7.03.mp3,audio,CQACAgQAAxkBAAIDMmqitAv5vB6f-xrFbuckQmLeEi9XAAIGIAACmGnxUL98Gt0tutptPQQ,32,0.49,Book1-SB-Tracks,2026-09-10T17:43:41.291831
AEF3e_Level_1_SB_4.12.mp3,audio,CQACAgQAAxkBAAIDM2qitAtfj2_PiWBNo8ZHPhwdFsSTAAIHIAACmGnxUDIME_u7pMY0PQQ,33,0.51,Book1-SB-Tracks,2026-09-10T17:43:41.292891
AEF3e_Level_1_SB_12.07.mp3,audio,CQACAgQAAxkBAAIDNGqitAsrew5OlSVjNsSSAuqcsrbVAAIIIAACmGnxUH2gj3KlQ_WmPQQ,97,1.48,Book1-SB-Tracks,2026-09-10T17:43:41.294290
AEF3e_Level_1_SB_1.47.mp3,audio,CQACAgQAAxkBAAIDNWqitAtuOGT0P3Uo5W3QCDjli51yAAIJIAACmGnxUCAGgs2xzm8YPQQ,63,0.97,Book1-SB-Tracks,2026-09-10T17:43:41.295112
AEF3e_Level_1_SB_9.08.mp3,audio,CQACAgQAAxkBAAIDNmqitAuQmtJNdPrNdvHi3XOSVmXeAAILIAACmGnxUM8VFu3uB2ovPQQ,39,0.6,Book1-SB-Tracks,2026-09-10T17:43:41.295924
AEF3e_Level_1_SB_6.15.mp3,audio,CQACAgQAAxkBAAIDN2qitAvsXzqpG-K4nAoKoXmymcK0AAIMIAACmGnxUGqi2G7Ec2X_PQQ,19,0.3,Book1-SB-Tracks,2026-09-10T17:43:41.296729
AEF3e_Level_1_SB_3.30.mp3,audio,CQACAgQAAxkBAAIDOGqitAuqJHZ8-xGgatUqdtBKFkReAAINIAACmGnxUDi4D8bXXG0LPQQ,83,1.27,Book1-SB-Tracks,2026-09-10T17:43:41.297403
AEF3e_Level_1_SB_11.13.mp3,audio,CQACAgQAAxkBAAIDOWqitAv7H3IDwRbGk58aVRPmyzx0AAIOIAACmGnxUCdRLbpb1S71PQQ,26,0.4,Book1-SB-Tracks,2026-09-10T17:43:41.298018
AEF3e_Level_1_SB_1.34.mp3,audio,CQACAgQAAxkBAAIDOmqitAv9rfaVQIbXqz8cMFQNImGXAAIPIAACmGnxUBLaBtfrk-kgPQQ,55,0.84,Book1-SB-Tracks,2026-09-10T17:43:41.298799
AEF3e_Level_1_SB_8.20.mp3,audio,CQACAgQAAxkBAAIDO2qitAtHLsqCvtHNpaPN3AwSkKC7AAIQIAACmGnxUN0cE0MAAURrWj0E,32,0.5,Book1-SB-Tracks,2026-09-10T17:43:41.299745
AEF3e_Level_1_SB_6.02.mp3,audio,CQACAgQAAxkBAAIDPGqitAugjVjR5Q6JNkeBwmqdOiq5AAIRIAACmGnxUAao_5M_26ANPQQ,45,0.7,Book1-SB-Tracks,2026-09-10T17:43:41.300565
AEF3e_Level_1_SB_3.17.mp3,audio,CQACAgQAAxkBAAIDPWqitAsJ7u-aes2ovumApGdmoV3IAAISIAACmGnxUB8BO8XIrF_lPQQ,57,0.88,Book1-SB-Tracks,2026-09-10T17:43:41.301670
AEF3e_Level_1_SB_5.04.mp3,audio,CQACAgQAAxkBAAIDRmqitAtiz5RG8VzaSM4zrzlSqW-4AAIeIAACmGnxUDM2CCWl05UKPQQ,52,0.8,Book1-SB-Tracks,2026-09-10T17:43:41.302894
AEF3e_Level_1_SB_2.09.mp3,audio,CQACAgQAAxkBAAIDR2qitAvoRMT6oPYnC86jNO4O4KpuAAIfIAACmGnxUNVmg1QJ91tEPQQ,30,0.47,Book1-SB-Tracks,2026-09-10T17:43:41.303937
AEF3e_Level_1_SB_9.23.mp3,audio,CQACAgQAAxkBAAIDSGqitAtPgyBIxMSqxlqqpX2vR1HkAAIgIAACmGnxUC5Jr0MpSYT4PQQ,56,0.85,Book1-SB-Tracks,2026-09-10T17:43:41.304782
AEF3e_Level_1_SB_7.05.mp3,audio,CQACAgQAAxkBAAIDSWqitAvCbCnmuYnjCoTfLNy173_qAAIhIAACmGnxUFQjPB7FKxpJPQQ,18,0.28,Book1-SB-Tracks,2026-09-10T17:43:41.305537
AEF3e_Level_1_SB_10.21.mp3,audio,CQACAgQAAxkBAAIDPmqitAud03gAAYgR021eYCG7sz1kCwACEyAAAphp8VCDN9z4wocQQj0E,123,1.88,Book1-SB-Tracks,2026-09-10T17:43:41.306198
AEF3e_Level_1_SB_4.14.mp3,audio,CQACAgQAAxkBAAIDSmqitAvyCv7RxE1SRGsnIVAoMorjAAIiIAACmGnxUNUHUYx2KRd7PQQ,17,0.26,Book1-SB-Tracks,2026-09-10T17:43:41.306809
AEF3e_Level_1_SB_8.07.mp3,audio,CQACAgQAAxkBAAIDQGqitAtvAAG1T_6TS_DmyaaVG4jh4wACFyAAAphp8VDfDJ7B9ewSvj0E,95,1.46,Book1-SB-Tracks,2026-09-10T17:43:41.307501
AEF3e_Level_1_SB_5.17.mp3,audio,CQACAgQAAxkBAAIDQWqitAtO-8QTG6yPT1zu0aHW7-eFAAIYIAACmGnxUPkgVePJtKaaPQQ,34,0.52,Book1-SB-Tracks,2026-09-10T17:43:41.308461
AEF3e_Level_1_SB_3.04.mp3,audio,CQACAgQAAxkBAAIDQmqitAvBlzncdSn3Y3iX08kW56w-AAIaIAACmGnxUOMu7HuJByhIPQQ,100,1.53,Book1-SB-Tracks,2026-09-10T17:43:41.309673
AEF3e_Level_1_SB_12.09.mp3,audio,CQACAgQAAxkBAAIDS2qitAue6MJh_J9syp9qzjHMFQISAAIjIAACmGnxUEaIHPZbE5r9PQQ,15,0.23,Book1-SB-Tracks,2026-09-10T17:43:41.310440
AEF3e_Level_1_SB_1.49.mp3,audio,CQACAgQAAxkBAAIDTGqitAtscW_rJucbs1_gLM57rUmJAAIkIAACmGnxUDt7IhD8Cr8NPQQ,89,1.36,Book1-SB-Tracks,2026-09-10T17:43:41.311236
AEF3e_Level_1_SB_9.10.mp3,audio,CQACAgQAAxkBAAIDTWqitAvTI19L7f97YHWXXOdGG4j7AAIlIAACmGnxUEKx4TZttw3APQQ,35,0.55,Book1-SB-Tracks,2026-09-10T17:43:41.312052
AEF3e_Level_1_SB_6.17.mp3,audio,CQACAgQAAxkBAAIDTmqitAsYUBhhH9Po0W_-ff3TjDq_AAImIAACmGnxUFRoYuPhlKLGPQQ,58,0.88,Book1-SB-Tracks,2026-09-10T17:43:41.312741
AEF3e_Level_1_SB_4.01.mp3,audio,CQACAgQAAxkBAAIDT2qitAvvqIBc-rd3Su3J74LxJm1CAAInIAACmGnxUAiHRaamwC_cPQQ,34,0.52,Book1-SB-Tracks,2026-09-10T17:43:41.313534
AEF3e_Level_1_SB_11.15.mp3,audio,CQACAgQAAxkBAAIDUGqitAv_pTfc86DpJ1g3Jm_phSdMAAIoIAACmGnxUB3V8lVfLGF0PQQ,34,0.53,Book1-SB-Tracks,2026-09-10T17:43:41.314556
AEF3e_Level_1_SB_1.21.mp3,audio,CQACAgQAAxkBAAIDP2qitAv1W8M3xyo6CyZ7hLytmRKpAAIUIAACmGnxUL-_6OwuGJPZPQQ,26,0.4,Book1-SB-Tracks,2026-09-10T17:43:41.315430
AEF3e_Level_1_SB_1.36.mp3,audio,CQACAgQAAxkBAAIDUWqitAt5tnZ6x3mSMh8HbEL_Y-HdAAIqIAACmGnxUJZLT8sPRJgKPQQ,30,0.46,Book1-SB-Tracks,2026-09-10T17:43:41.316446
AEF3e_Level_1_SB_10.08.mp3,audio,CQACAgQAAxkBAAIDQ2qitAuAzuk79BT6P91LDNEw5v0GAAIbIAACmGnxUI2y1whOIR0tPQQ,82,1.26,Book1-SB-Tracks,2026-09-10T17:43:41.317244
AEF3e_Level_1_SB_1.08.mp3,audio,CQACAgQAAxkBAAIDRGqitAvUJPI95DdTbsgBcDSDibMVAAIcIAACmGnxUAKUZ-T_kT2uPQQ,32,0.5,Book1-SB-Tracks,2026-09-10T17:43:41.318064
AEF3e_Level_1_SB_7.18.mp3,audio,CQACAgQAAxkBAAIDRWqitAsVRbe_IajsiASYFtxGylCTAAIdIAACmGnxUK5kbS7vhnkyPQQ,65,1,Book1-SB-Tracks,2026-09-10T17:43:41.318847
AEF3e_Level_1_SB_3.19.mp3,audio,CQACAgQAAxkBAAIDVGqitAv_Z1sPKLU5OQ5_MVnpUbmtAAItIAACmGnxUDla4G-6j_vcPQQ,26,0.4,Book1-SB-Tracks,2026-09-10T17:43:41.407167
AEF3e_Level_1_SB_8.22.mp3,audio,CQACAgQAAxkBAAIDUmqitAtBP6GY_voNEJ4Ht5ihyt9lAAIrIAACmGnxUExyOyr5GYaTPQQ,54,0.83,Book1-SB-Tracks,2026-09-10T17:43:41.409250
AEF3e_Level_1_SB_6.04.mp3,audio,CQACAgQAAxkBAAIDU2qitAszMHg0X3ltU6bXmdeBwjgsAAIsIAACmGnxUJCiKx5VxYDePQQ,173,2.64,Book1-SB-Tracks,2026-09-10T17:43:41.411090
AEF3e_Level_1_SB_11.02.mp3,audio,CQACAgQAAxkBAAIDVWqitAseZ7WU6Q2XY89nqt7v6Rk_AAIuIAACmGnxUO_fO_LHWU43PQQ,16,0.26,Book1-SB-Tracks,2026-09-10T17:43:41.412736
AEF3e_Level_1_SB_8.09.mp3,audio,CQACAgQAAxkBAAIDV2qitAtRw85IFvoSeJtppvDjx5OuAAIwIAACmGnxUEa3XP0jXH2gPQQ,81,1.24,Book1-SB-Tracks,2026-09-10T17:43:41.414079
AEF3e_Level_1_SB_1.23.mp3,audio,CQACAgQAAxkBAAIDVmqitAu_vyrR-RQJw-cDrjWme6NlAAIvIAACmGnxUF92pLjSA4ogPQQ,60,0.93,Book1-SB-Tracks,2026-09-10T17:43:41.415799
AEF3e_Level_1_SB_5.19.mp3,audio,CQACAgQAAxkBAAIDWWqitBIivIf2NhNLR3FTEFe534HOAAIyIAACmGnxUJB2Nwyz32KZPQQ,98,1.51,Book1-SB-Tracks,2026-09-10T17:43:47.733018
AEF3e_Level_1_SB_3.06.mp3,audio,CQACAgQAAxkBAAIDWmqitBIsF3E2bgXhQUZjX1_bM53mAAIzIAACmGnxUJ_nH5QvnjBKPQQ,37,0.57,Book1-SB-Tracks,2026-09-10T17:43:47.733936
AEF3e_Level_1_SB_9.12.mp3,audio,CQACAgQAAxkBAAIDZWqitBK3q8HS5GYG61cLlEACgoB4AAI_IAACmGnxUCQ-BvfKUT2RPQQ,154,2.35,Book1-SB-Tracks,2026-09-10T17:43:47.734726
AEF3e_Level_1_SB_10.10.mp3,audio,CQACAgQAAxkBAAIDW2qitBKWYX5Evh8xuv92XZ8JPDosAAI0IAACmGnxUMUy86a7eg_ZPQQ,72,1.11,Book1-SB-Tracks,2026-09-10T17:43:47.735556
AEF3e_Level_1_SB_6.19.mp3,audio,CQACAgQAAxkBAAIDZmqitBLiFYuH_oEbEThrhjU71a7nAAJAIAACmGnxUHK55_yrEGLhPQQ,26,0.4,Book1-SB-Tracks,2026-09-10T17:43:47.736307
AEF3e_Level_1_SB_5.06.mp3,audio,CQACAgQAAxkBAAIDXmqitBLyl0OKQuAbICltW0U-NrMFAAI3IAACmGnxUFPF8DgpP0XNPQQ,30,0.46,Book1-SB-Tracks,2026-09-10T17:43:47.736989
AEF3e_Level_1_SB_4.03.mp3,audio,CQACAgQAAxkBAAIDZ2qitBKnofFY2oEPxIJL9B0yDJ9WAAJBIAACmGnxUFW7h_PVQF8aPQQ,137,2.09,Book1-SB-Tracks,2026-09-10T17:43:47.737743
AEF3e_Level_1_SB_2.11.mp3,audio,CQACAgQAAxkBAAIDX2qitBIBhkmRBpWag53t0j3pBsEXAAI4IAACmGnxUP7R75cVt79_PQQ,34,0.52,Book1-SB-Tracks,2026-09-10T17:43:47.738508
AEF3e_Level_1_SB_7.07.mp3,audio,CQACAgQAAxkBAAIDYWqitBJKuh3ex4-qga4lflBfuL3OAAI6IAACmGnxUHBEJAQzlikJPQQ,78,1.2,Book1-SB-Tracks,2026-09-10T17:43:47.739306
AEF3e_Level_1_SB_4.16.mp3,audio,CQACAgQAAxkBAAIDYmqitBICkj9mLHH4iPDbZXB5k1GUAAI7IAACmGnxUOa9bSLudwWdPQQ,27,0.42,Book1-SB-Tracks,2026-09-10T17:43:47.740093
AEF3e_Level_1_SB_11.17.mp3,audio,CQACAgQAAxkBAAIDaGqitBKs2CR1Uru0G5gUjz-H9IpyAAJDIAACmGnxUMOkdxlEpuLJPQQ,72,1.1,Book1-SB-Tracks,2026-09-10T17:43:47.741220
AEF3e_Level_1_SB_1.51.mp3,audio,CQACAgQAAxkBAAIDZGqitBKOWwvWwhU1rleWZZpxmZjvAAI-IAACmGnxUJxl-vgT9lq0PQQ,77,1.18,Book1-SB-Tracks,2026-09-10T17:43:47.742535
AEF3e_Level_1_SB_1.38.mp3,audio,CQACAgQAAxkBAAIDaWqitBKSUBL5VY1RLqQkes4ZQwITAAJEIAACmGnxUK67BDS1Z3RTPQQ,71,1.09,Book1-SB-Tracks,2026-09-10T17:43:47.743414
AEF3e_Level_1_SB_8.24.mp3,audio,CQACAgQAAxkBAAIDamqitBI7U5ir1VCz8wdT0TwhtsE6AAJFIAACmGnxUBr5Ls-9_-XjPQQ,37,0.58,Book1-SB-Tracks,2026-09-10T17:43:47.744212
AEF3e_Level_1_SB_6.06.mp3,audio,CQACAgQAAxkBAAIDa2qitBLLU3-KeCMh6aVNpB4P8-VmAAJGIAACmGnxUGJhJSnmOLcMPQQ,36,0.55,Book1-SB-Tracks,2026-09-10T17:43:47.745048
AEF3e_Level_1_SB_1.10.mp3,audio,CQACAgQAAxkBAAIDXGqitBK5ecSKyq1MZd-E0FgySBczAAI1IAACmGnxUJOxZ4dXcrMFPQQ,9,0.14,Book1-SB-Tracks,2026-09-10T17:43:47.745858
AEF3e_Level_1_SB_3.21.mp3,audio,CQACAgQAAxkBAAIDbGqitBLgIyZg3hkTa8YvHKTMlM4mAAJHIAACmGnxUFnWqyHHa3NRPQQ,25,0.38,Book1-SB-Tracks,2026-09-10T17:43:47.746703
AEF3e_Level_1_SB_11.04.mp3,audio,CQACAgQAAxkBAAIDbWqitBKENEjRL1GCS9xcOcwK7mI2AAJIIAACmGnxUNoAAXoM3Li2uz0E,167,2.56,Book1-SB-Tracks,2026-09-10T17:43:47.747502
AEF3e_Level_1_SB_1.25.mp3,audio,CQACAgQAAxkBAAIDbmqitBKyDdBAgJoRQvtIbHzP-g4sAAJJIAACmGnxUBOTaeu0qYnXPQQ,79,1.21,Book1-SB-Tracks,2026-09-10T17:43:47.748253
AEF3e_Level_1_SB_8.11.mp3,audio,CQACAgQAAxkBAAIDb2qitBKSQX8jzziBgdOba6bDRwUzAAJKIAACmGnxUJAzA9bDu5qMPQQ,111,1.7,Book1-SB-Tracks,2026-09-10T17:43:47.748992
AEF3e_Level_1_SB_5.21.mp3,audio,CQACAgQAAxkBAAIDcGqitBLWqji6xzlOds5CAh-8NuDOAAJLIAACmGnxUNyHU7CMUgSkPQQ,42,0.65,Book1-SB-Tracks,2026-09-10T17:43:47.750061
AEF3e_Level_1_SB_3.08.mp3,audio,CQACAgQAAxkBAAIDcWqitBLj4wABvi8XkPu1noLPg2rGnAACTCAAAphp8VA5EPsydQgYzz0E,81,1.24,Book1-SB-Tracks,2026-09-10T17:43:47.751575
AEF3e_Level_1_SB_10.12.mp3,audio,CQACAgQAAxkBAAIDcmqitBKfVENVgxJm21kYz5ogjcnKAAJNIAACmGnxUKx_YwE4v3wxPQQ,173,2.65,Book1-SB-Tracks,2026-09-10T17:43:47.752435
AEF3e_Level_1_SB_1.12.mp3,audio,CQACAgQAAxkBAAIDc2qitBIS3n8qAkKgZgmZ_Rz3CB7gAAJOIAACmGnxUFhDimRAgGSiPQQ,25,0.39,Book1-SB-Tracks,2026-09-10T17:43:47.753278
AEF3e_Level_1_SB_7.22.mp3,audio,CQACAgQAAxkBAAIDdGqitBJ93A-zArb3f3jyU45RZnoRAAJPIAACmGnxUPN4nqJuUgWqPQQ,83,1.27,Book1-SB-Tracks,2026-09-10T17:43:47.754091
AEF3e_Level_1_SB_5.08.mp3,audio,CQACAgQAAxkBAAIDdWqitBKEtuGQ2Zh2wP8rxqcNo2RfAAJQIAACmGnxUEgYI2MQJ4UxPQQ,34,0.53,Book1-SB-Tracks,2026-09-10T17:43:47.754807
AEF3e_Level_1_SB_2.13.mp3,audio,CQACAgQAAxkBAAIDdmqitBJnv2TLoczvD6FSpehA_rctAAJRIAACmGnxUKAVz3yGadxQPQQ,64,0.98,Book1-SB-Tracks,2026-09-10T17:43:47.755570
AEF3e_Level_1_SB_9.27.mp3,audio,CQACAgQAAxkBAAIDd2qitBLENHZNXBZIWfQpegLdNt20AAJSIAACmGnxUD4hHYFcKKb2PQQ,116,1.78,Book1-SB-Tracks,2026-09-10T17:43:47.756236
AEF3e_Level_1_SB_7.09.mp3,audio,CQACAgQAAxkBAAIDeGqitBKG5b5QWIbz-_B90XMLsdG_AAJTIAACmGnxUIlVcBOoB7TMPQQ,23,0.36,Book1-SB-Tracks,2026-09-10T17:43:47.756887
AEF3e_Level_1_SB_7.20.mp3,audio,CQACAgQAAxkBAAIDXWqitBKdrvnbHlqxHJvhsaqsAAHK1gACNiAAAphp8VAwEMVlSMmoiz0E,51,0.78,Book1-SB-Tracks,2026-09-10T17:43:47.757638
AEF3e_Level_1_SB_4.18.mp3,audio,CQACAgQAAxkBAAIDeWqitBLrKcxaCm_hY1ZWg1rHE_YZAAJUIAACmGnxUAQk3Q_LI2klPQQ,61,0.94,Book1-SB-Tracks,2026-09-10T17:43:47.759318
AEF3e_Level_1_SB_12.13.mp3,audio,CQACAgQAAxkBAAIDemqitBK2dXpNKyXTDCv4_8ivWjRNAAJVIAACmGnxUCqORjRngI1gPQQ,108,1.64,Book1-SB-Tracks,2026-09-10T17:43:47.760295
AEF3e_Level_1_SB_9.25.mp3,audio,CQACAgQAAxkBAAIDYGqitBIx6CtrBHAPDk_xNppz5fkbAAI5IAACmGnxUG6PnCvwXbHhPQQ,60,0.93,Book1-SB-Tracks,2026-09-10T17:43:47.761260
AEF3e_Level_1_SB_1.53.mp3,audio,CQACAgQAAxkBAAIDe2qitBJ2-7R315i7A55-LuuChQzZAAJWIAACmGnxUIUehv-th2u3PQQ,34,0.53,Book1-SB-Tracks,2026-09-10T17:43:47.762019
AEF3e_Level_1_SB_9.14.mp3,audio,CQACAgQAAxkBAAIDfGqitBKyPiXEQf3CKqceCcEd-1mvAAJXIAACmGnxUKGnUX_XAgkpPQQ,60,0.92,Book1-SB-Tracks,2026-09-10T17:43:47.762728
AEF3e_Level_1_SB_6.21.mp3,audio,CQACAgQAAxkBAAIDfWqitBLJqfbzJYChfHqVWCP24BCeAAJYIAACmGnxUL2yfpZaJp3KPQQ,46,0.71,Book1-SB-Tracks,2026-09-10T17:43:47.763378
AEF3e_Level_1_SB_4.05.mp3,audio,CQACAgQAAxkBAAIDfmqitBKcXLgi4GBe5UCpaz5zwYEYAAJZIAACmGnxUIGLzDUOTfDcPQQ,41,0.63,Book1-SB-Tracks,2026-09-10T17:43:47.764146
AEF3e_Level_1_SB_11.19.mp3,audio,CQACAgQAAxkBAAIDf2qitBL7boEucoQpqeAv9rATdttiAAJaIAACmGnxUM78zynSNe-rPQQ,28,0.43,Book1-SB-Tracks,2026-09-10T17:43:47.764926
AEF3e_Level_1_SB_1.40.mp3,audio,CQACAgQAAxkBAAIDgGqitBIam0Hwv8FsDwABQF6gMzc_fAACWyAAAphp8VBeQOgKNRyq1z0E,50,0.76,Book1-SB-Tracks,2026-09-10T17:43:47.766065
AEF3e_Level_1_SB_9.01.mp3,audio,CQACAgQAAxkBAAIDgWqitBIkyWetSUjkjylzYTi_MwtFAAJcIAACmGnxUPfdQYPLPl1WPQQ,240,3.65,Book1-SB-Tracks,2026-09-10T17:43:47.767563
AEF3e_Level_1_SB_6.08.mp3,audio,CQACAgQAAxkBAAIDgmqitBLCPdviYheMnQwIOvEU0zQ2AAJdIAACmGnxUPttTU7r5bW-PQQ,39,0.6,Book1-SB-Tracks,2026-09-10T17:43:47.768625
AEF3e_Level_1_SB_3.23.mp3,audio,CQACAgQAAxkBAAIDg2qitBIl8qzf-kGZU5Ejx5nkZ54vAAJeIAACmGnxULXRvpTlhzl7PQQ,29,0.46,Book1-SB-Tracks,2026-09-10T17:43:47.769773
AEF3e_Level_1_SB_11.06.mp3,audio,CQACAgQAAxkBAAIDhGqitBLUwEnz5rAO41gzFwLZvo4mAAJfIAACmGnxUC2nJlalqU48PQQ,32,0.5,Book1-SB-Tracks,2026-09-10T17:43:47.770444
AEF3e_Level_1_SB_1.27.mp3,audio,CQACAgQAAxkBAAIDhWqitBKXnMII6n_mL9VCSz9Yn-N8AAJgIAACmGnxUBFy0n8cU6hPPQQ,52,0.79,Book1-SB-Tracks,2026-09-10T17:43:47.771245
AEF3e_Level_1_SB_8.13.mp3,audio,CQACAgQAAxkBAAIDhmqitBJZUArDzl1VjHcSYjv37cy-AAJhIAACmGnxUOsEgnB6oWJJPQQ,39,0.6,Book1-SB-Tracks,2026-09-10T17:43:47.771938
AEF3e_Level_1_SB_5.23.mp3,audio,CQACAgQAAxkBAAIDh2qitBIJjuEkvVzVQuMCU5zBI8E_AAJiIAACmGnxUCThaES4U9i9PQQ,73,1.12,Book1-SB-Tracks,2026-09-10T17:43:47.772683
AEF3e_Level_1_SB_3.10.mp3,audio,CQACAgQAAxkBAAIDiGqitBLuiAABa5sCMO3FKE811k9hkwACYyAAAphp8VCKDeHMT6PmqD0E,154,2.35,Book1-SB-Tracks,2026-09-10T17:43:47.773360
AEF3e_Level_1_SB_10.14.mp3,audio,CQACAgQAAxkBAAIDiWqitBJw_CysN3R5a71V-7r-W4jMAAJkIAACmGnxUJDef0V_tOTAPQQ,57,0.87,Book1-SB-Tracks,2026-09-10T17:43:47.774173
AEF3e_Level_1_SB_1.14.mp3,audio,CQACAgQAAxkBAAIDimqitBIEJhECFZGE5T5-TjXFc7k2AAJlIAACmGnxUMP_3glXQ4-hPQQ,56,0.86,Book1-SB-Tracks,2026-09-10T17:43:47.775440
AEF3e_Level_1_SB_7.24.mp3,audio,CQACAgQAAxkBAAIDi2qitBJQR1ikgtgn53_JdYQrozmqAAJmIAACmGnxULE2ZFaXmfQKPQQ,50,0.77,Book1-SB-Tracks,2026-09-10T17:43:47.776450
AEF3e_Level_1_SB_5.10.mp3,audio,CQACAgQAAxkBAAIDjGqitBKTqFZ0vDWq4xM2IZcV7G7rAAJnIAACmGnxUJhgWJxGO1tZPQQ,66,1.02,Book1-SB-Tracks,2026-09-10T17:43:47.777482
AEF3e_Level_1_SB_2.15.mp3,audio,CQACAgQAAxkBAAIDjWqitBIo1yBM_7Kj97d9kx0lVEkWAAJoIAACmGnxUPe2AhF5zxAjPQQ,89,1.36,Book1-SB-Tracks,2026-09-10T17:43:47.778204
AEF3e_Level_1_SB_10.01.mp3,audio,CQACAgQAAxkBAAIDjmqitBJbQ1r13mMyqp7aaVTfIgxXAAJpIAACmGnxUHD_Hj6dqYBRPQQ,52,0.8,Book1-SB-Tracks,2026-09-10T17:43:47.778917
AEF3e_Level_1_SB_7.11.mp3,audio,CQACAgQAAxkBAAIDj2qitBKvgsBIyXY9k1olN6tvMhTLAAJqIAACmGnxUFPux-cB5iXqPQQ,41,0.63,Book1-SB-Tracks,2026-09-10T17:43:47.779604
AEF3e_Level_1_SB_12.11.mp3,audio,CQACAgQAAxkBAAIDY2qitBLJ1AsRSVoPRSXKx4qkJ3bCAAI8IAACmGnxUCnTK-rt7Q5YPQQ,42,0.64,Book1-SB-Tracks,2026-09-10T17:43:47.780242
AEF3e_Level_1_SB_4.20.mp3,audio,CQACAgQAAxkBAAIDkGqitBLq3Bshg3cloXLjZ6hEiPQxAAJrIAACmGnxUBzLkiVM7ASCPQQ,45,0.69,Book1-SB-Tracks,2026-09-10T17:43:47.781015
AEF3e_Level_1_SB_2.02.mp3,audio,CQACAgQAAxkBAAIDkWqitBL0Az_k_eh4QUWA6oUbf7ueAAJsIAACmGnxUB-nFYriY-nXPQQ,28,0.43,Book1-SB-Tracks,2026-09-10T17:43:47.781972
AEF3e_Level_1_SB_9.16.mp3,audio,CQACAgQAAxkBAAIDkmqitBIpKljLHUbKQ-jNmN7YzPrGAAJtIAACmGnxULK0E4cAAXQYnj0E,94,1.44,Book1-SB-Tracks,2026-09-10T17:43:47.783051
AEF3e_Level_1_SB_6.23.mp3,audio,CQACAgQAAxkBAAIDk2qitBL3hjuemy_ABypNCZML5K1YAAJuIAACmGnxUNYq549bbB7aPQQ,29,0.45,Book1-SB-Tracks,2026-09-10T17:43:47.784385
AEF3e_Level_1_SB_4.07.mp3,audio,CQACAgQAAxkBAAIDlGqitBI52dlkG6tkyBGADnHzqqFFAAJvIAACmGnxUHgQcqXnrQUFPQQ,126,1.92,Book1-SB-Tracks,2026-09-10T17:43:47.785337
AEF3e_Level_1_SB_12.02.mp3,audio,CQACAgQAAxkBAAIDlWqitBJYjXqn5YIE1cBbr8OeFrwZAAJxIAACmGnxUMCVn8pFF67HPQQ,34,0.52,Book1-SB-Tracks,2026-09-10T17:43:47.786109
AEF3e_Level_1_SB_1.42.mp3,audio,CQACAgQAAxkBAAIDlmqitBL0jA0fSJjQvYnkXwNl2IzaAAJyIAACmGnxUFMq_vJUxyrKPQQ,53,0.81,Book1-SB-Tracks,2026-09-10T17:43:47.786882
AEF3e_Level_1_SB_9.03.mp3,audio,CQACAgQAAxkBAAIDl2qitBJLTMqrqSFbP-3ByAEbykgyAAJzIAACmGnxUAk5zfBjzjmcPQQ,76,1.16,Book1-SB-Tracks,2026-09-10T17:43:47.787580
AEF3e_Level_1_SB_6.10.mp3,audio,CQACAgQAAxkBAAIDmGqitBIK1_V7R1sBsPO4yzzdxjwrAAJ0IAACmGnxUJ9veYeceYtRPQQ,70,1.08,Book1-SB-Tracks,2026-09-10T17:43:47.788230
AEF3e_Level_1_SB_3.25.mp3,audio,CQACAgQAAxkBAAIDmWqitBIrq97cSz73qnYZS5_LT3DSAAJ1IAACmGnxUDx_L9zkGtBQPQQ,20,0.31,Book1-SB-Tracks,2026-09-10T17:43:47.788849
AEF3e_Level_1_SB_11.08.mp3,audio,CQACAgQAAxkBAAIDmmqitBJEFLmhs0KEX2LDiN5Dn5s4AAJ2IAACmGnxUPs-ilpb4vlVPQQ,13,0.2,Book1-SB-Tracks,2026-09-10T17:43:47.789478
AEF3e_Level_1_SB_1.29.mp3,audio,CQACAgQAAxkBAAIDm2qitBLVTRYrrZXqYoZFfjAvjhnCAAJ3IAACmGnxUGh7nHHUWB8jPQQ,52,0.8,Book1-SB-Tracks,2026-09-10T17:43:47.790117
AEF3e_Level_1_SB_8.15.mp3,audio,CQACAgQAAxkBAAIDnGqitBJLG74VYHevL8r_Fw16UpfYAAJ4IAACmGnxUHcmEI46bncWPQQ,34,0.52,Book1-SB-Tracks,2026-09-10T17:43:47.791001
AEF3e_Level_1_SB_5.25.mp3,audio,CQACAgQAAxkBAAIDnWqitBJdDZ73CqEHnbH6cdMgf_1QAAJ5IAACmGnxUJ2Ppf9JV508PQQ,40,0.61,Book1-SB-Tracks,2026-09-10T17:43:47.792321
AEF3e_Level_1_SB_3.12.mp3,audio,CQACAgQAAxkBAAIDnmqitBLcmBlFhJW13qYBqt9kb3R9AAJ6IAACmGnxUFUMKwSu9BXKPQQ,15,0.23,Book1-SB-Tracks,2026-09-10T17:43:47.793503
AEF3e_Level_1_SB_10.16.mp3,audio,CQACAgQAAxkBAAIDn2qitBIcjV6jvtUk9YAGp7zLWoWUAAJ7IAACmGnxUGpZoMLHG1LtPQQ,106,1.62,Book1-SB-Tracks,2026-09-10T17:43:47.794237
AEF3e_Level_1_SB_1.16.mp3,audio,CQACAgQAAxkBAAIDoGqitBJaemp7nLoWYTdR-3FodXKhAAJ8IAACmGnxUOs-nWcmzRCwPQQ,47,0.73,Book1-SB-Tracks,2026-09-10T17:43:47.794878
AEF3e_Level_1_SB_8.02.mp3,audio,CQACAgQAAxkBAAIDoWqitBJrMOCw2vUGTjItct5XW2D-AAJ9IAACmGnxUBsR_5JpezrNPQQ,104,1.58,Book1-SB-Tracks,2026-09-10T17:43:47.795500
AEF3e_Level_1_SB_5.12.mp3,audio,CQACAgQAAxkBAAIDomqitBIclC8s2G_RXPlLjwzWqn5lAAJ-IAACmGnxUP8AAVRhB1wY0T0E,17,0.27,Book1-SB-Tracks,2026-09-10T17:43:47.796126
AEF3e_Level_1_SB_2.17.mp3,audio,CQACAgQAAxkBAAIDo2qitBLZUK_4bWHJ4njivZRWBU6WAAJ_IAACmGnxUNoQOBhsE3ZaPQQ,31,0.48,Book1-SB-Tracks,2026-09-10T17:43:47.797027
AEF3e_Level_1_SB_10.03.mp3,audio,CQACAgQAAxkBAAIDpGqitBIYIfEKWM8crf5dz5R4G_NjAAKAIAACmGnxULjodMsFKlUQPQQ,87,1.33,Book1-SB-Tracks,2026-09-10T17:43:47.797764
AEF3e_Level_1_SB_1.03.mp3,audio,CQACAgQAAxkBAAIDpWqitBJ_aHD9b2aOaheBy4M1TWG9AAKBIAACmGnxUCIRYkmaJqkwPQQ,104,1.59,Book1-SB-Tracks,2026-09-10T17:43:47.798342
AEF3e_Level_1_SB_7.13.mp3,audio,CQACAgQAAxkBAAIDpmqitBIPNzJe_KB-LrlK5iLbnAL6AAKCIAACmGnxUJkHYgu-FHCZPQQ,60,0.92,Book1-SB-Tracks,2026-09-10T17:43:47.799137
AEF3e_Level_1_SB_4.22.mp3,audio,CQACAgQAAxkBAAIDp2qitBLPEnJNiwABaSd0NVTbNrMHYAACgyAAAphp8VCLOWb9fdGfwD0E,28,0.43,Book1-SB-Tracks,2026-09-10T17:43:47.800491
AEF3e_Level_1_SB_2.04.mp3,audio,CQACAgQAAxkBAAIDqGqitBJbv7dyTWfJ08k4zja6U20uAAKEIAACmGnxUCpcxefBL86FPQQ,41,0.64,Book1-SB-Tracks,2026-09-10T17:43:47.801467
AEF3e_Level_1_SB_9.18.mp3,audio,CQACAgQAAxkBAAIDqWqitBJscaEM2nnnkdO6xmQY2RZIAAKFIAACmGnxUJOx5j4heoIiPQQ,27,0.42,Book1-SB-Tracks,2026-09-10T17:43:47.802436
AEF3e_Level_1_SB_6.25.mp3,audio,CQACAgQAAxkBAAIDqmqitBJ8yfc2OWjcVohgrgN0XAwpAAKGIAACmGnxUEevuzS7dQLRPQQ,107,1.63,Book1-SB-Tracks,2026-09-10T17:43:47.803150
AEF3e_Level_1_SB_4.09.mp3,audio,CQACAgQAAxkBAAIDq2qitBJ4Wmc8GMrP7dYo0xdLHcFdAAKHIAACmGnxUDbwoVR2mYmqPQQ,36,0.56,Book1-SB-Tracks,2026-09-10T17:43:47.803789
AEF3e_Level_1_SB_12.04.mp3,audio,CQACAgQAAxkBAAIDrGqitBJxS3tMioqwORrdXF40lNApAAKIIAACmGnxUBQgEOftOIQJPQQ,61,0.93,Book1-SB-Tracks,2026-09-10T17:43:47.804382
AEF3e_Level_1_SB_1.44.mp3,audio,CQACAgQAAxkBAAIDrWqitBIMWpTpcNaGyMCeIfEQgt0BAAKJIAACmGnxULU3UI0vaTfgPQQ,50,0.77,Book1-SB-Tracks,2026-09-10T17:43:47.805002
AEF3e_Level_1_SB_9.05.mp3,audio,CQACAgQAAxkBAAIDrmqitBJWSKsOk9VjwGSUJ8dLkisvAAKKIAACmGnxUE9WvYqDvz4ePQQ,28,0.43,Book1-SB-Tracks,2026-09-10T17:43:47.805689
AEF3e_Level_1_SB_6.12.mp3,audio,CQACAgQAAxkBAAIDr2qitBKiZdqnafJyr6MXgT_kH5IGAAKLIAACmGnxUGNm559WHwv_PQQ,16,0.25,Book1-SB-Tracks,2026-09-10T17:43:47.806492
AEF3e_Level_1_SB_3.27.mp3,audio,CQACAgQAAxkBAAIDsGqitBKdRAGXoJ9AyRK7qEM1wLE1AAKMIAACmGnxUKCdqtlSj2F7PQQ,65,1,Book1-SB-Tracks,2026-09-10T17:43:47.807140
AEF3e_Level_1_SB_11.10.mp3,audio,CQACAgQAAxkBAAIDsWqitBLYaYP_Hvo59bUP6wVB-tfsAAKNIAACmGnxUHKNmKi8qqDiPQQ,28,0.43,Book1-SB-Tracks,2026-09-10T17:43:47.808105
AEF3e_Level_1_SB_1.31.mp3,audio,CQACAgQAAxkBAAIDsmqitBLBS1L457NrqxWnoG2gY-7iAAKOIAACmGnxUFyin5-n-NVHPQQ,48,0.74,Book1-SB-Tracks,2026-09-10T17:43:47.809467
AEF3e_Level_1_SB_8.17.mp3,audio,CQACAgQAAxkBAAIDs2qitBJGa_RqOzALupe-RIKUQ6UeAAKPIAACmGnxUGB7iJJPx90TPQQ,28,0.43,Book1-SB-Tracks,2026-09-10T17:43:47.810578
AEF3e_Level_1_SB_5.27.mp3,audio,CQACAgQAAxkBAAIDtGqitBKbkby0atmysGRNxzCK3P45AAKQIAACmGnxUAbsATKNQFizPQQ,95,1.45,Book1-SB-Tracks,2026-09-10T17:43:47.811457
AEF3e_Level_1_SB_3.14.mp3,audio,CQACAgQAAxkBAAIDtWqitBKls2CRJYNYmcLteeurM-ymAAKRIAACmGnxUHUm3coJFCbIPQQ,108,1.66,Book1-SB-Tracks,2026-09-10T17:43:47.812350
AEF3e_Level_1_SB_10.18.mp3,audio,CQACAgQAAxkBAAIDtmqitBL_CzOGMIVE5rRD0nE_2axhAAKXIAACmGnxUG6qXLBk6yuZPQQ,288,4.4,Book1-SB-Tracks,2026-09-10T17:43:47.812995
AEF3e_Level_1_SB_1.18.mp3,audio,CQACAgQAAxkBAAIDt2qitBLFyUQW-PQfw_puMogwhTGqAAKYIAACmGnxUHDS2pxs_rGmPQQ,48,0.73,Book1-SB-Tracks,2026-09-10T17:43:47.813664
AEF3e_Level_1_SB_5.14.mp3,audio,CQACAgQAAxkBAAIDuWqitBKAyRB7uVWSPsz-INt6vnDxAAKaIAACmGnxUK8mXa94t2L6PQQ,23,0.36,Book1-SB-Tracks,2026-09-10T17:43:47.886529
AEF3e_Level_1_SB_8.04.mp3,audio,CQACAgQAAxkBAAIDuGqitBImD-BpMPPevMvT87uqRF3eAAKZIAACmGnxUCd0SJKvFwpaPQQ,58,0.89,Book1-SB-Tracks,2026-09-10T17:43:47.888625
AEF3e_Level_1_SB_1.05.mp3,audio,CQACAgQAAxkBAAIDvGqitBLRInXgzw3HTxmHSK6Sn44NAAKdIAACmGnxUHFvF0JLeaf5PQQ,48,0.74,Book1-SB-Tracks,2026-09-10T17:43:47.891356
AEF3e_Level_1_SB_10.05.mp3,audio,CQACAgQAAxkBAAIDu2qitBItlzbSu3NahzEl1IysrdtsAAKcIAACmGnxUM16LViJa5vyPQQ,54,0.83,Book1-SB-Tracks,2026-09-10T17:43:47.894019
AEF3e_Level_1_SB_3.01.mp3,audio,CQACAgQAAxkBAAIDumqitBJNsju-tJyMx-AfaL0RZ51PAAKbIAACmGnxUGuGGizi986_PQQ,68,1.14,Book1-SB-Tracks,2026-09-10T17:43:47.896339
AEF3e_Level_1_SB_12.14.mp3,audio,CQACAgQAAxkBAAIDxmqitCvrjwhKJxF9vRRNbxamMj4DAAIBIQACmGnxUExnpCz4CZ9VPQQ,137,2.09,Book1-SB-Tracks,2026-09-10T17:44:11.221387
AEF3e_Level_1_SB_2.01.mp3,audio,CQACAgQAAxkBAAIDx2qitCtvwQe2E2B3tl9Fvdmys7LfAAICIQACmGnxUN4ETVgRnf-SPQQ,157,2.4,Book1-SB-Tracks,2026-09-10T17:44:11.224161
AEF3e_Level_1_SB_7.23.mp3,audio,CQACAgQAAxkBAAIDwGqitCumBdCFs0W9IbKzvstvxbAJAAL7IAACmGnxUE6cEdVBZoj3PQQ,129,1.97,Book1-SB-Tracks,2026-09-10T17:44:11.225976
AEF3e_Level_1_SB_9.28.mp3,audio,CQACAgQAAxkBAAIDw2qitCvgajOlXL-a30trUpHAnmiOAAL-IAACmGnxUA5e6ALOBmWIPQQ,53,0.81,Book1-SB-Tracks,2026-09-10T17:44:11.227744
AEF3e_Level_1_SB_7.10.mp3,audio,CQACAgQAAxkBAAIDxGqitCsv70jgay7EKaDE_2dIpnW5AAL_IAACmGnxUBQJeglLatu2PQQ,38,0.58,Book1-SB-Tracks,2026-09-10T17:44:11.230092
AEF3e_Level_1_SB_2.14.mp3,audio,CQACAgQAAxkBAAIDwmqitCu8bVXq-XPK0DAJXIxWfj59AAL9IAACmGnxUDOHUki40MWePQQ,113,1.72,Book1-SB-Tracks,2026-09-10T17:44:11.232374
AEF3e_Level_1_SB_5.09.mp3,audio,CQACAgQAAxkBAAIDwWqitCtqjpN-kcpP6nzvP0jMWXvUAAL8IAACmGnxUPTTD6xVu_kVPQQ,125,1.91,Book1-SB-Tracks,2026-09-10T17:44:11.234758
AEF3e_Level_1_SB_1.13.mp3,audio,CQACAgQAAxkBAAIDv2qitCvUX2Yp874Xa-hXByW5yjT4AAL6IAACmGnxULWRq7ExS8vePQQ,57,0.87,Book1-SB-Tracks,2026-09-10T17:44:11.236305
AEF3e_Level_1_SB_10.13.mp3,audio,CQACAgQAAxkBAAIDvmqitCv_nb83sGcAAWWqT-OIeR1EiQAC-SAAAphp8VBTPLQRQp9pYD0E,51,0.79,Book1-SB-Tracks,2026-09-10T17:44:11.237296
AEF3e_Level_1_SB_4.19.mp3,audio,CQACAgQAAxkBAAIDxWqitCue3oPfu6Kx3p6CkIfQ2sDdAAMhAAKYafFQ2RjWMWGIBKY9BA,27,0.41,Book1-SB-Tracks,2026-09-10T17:44:11.238402
AEF3e_Level_1_SB_2.06.mp3,audio,CQACAgQAAxkBAAID0mqitCvCT_v6SySeiA-DTwWrr2zsAAKgIAACmGnxUHAFaG2yhV5HPQQ,30,0.46,Book1-SB-Tracks,2026-09-10T17:44:13.283116
AEF3e_Level_1_SB_9.15.mp3,audio,CQACAgQAAxkBAAIDyGqitCvVR0Uihnxgw7kVfniemCwdAAIDIQACmGnxUMOdKXg5Xpk-PQQ,64,0.98,Book1-SB-Tracks,2026-09-10T17:44:13.284146
AEF3e_Level_1_SB_7.02.mp3,audio,CQACAgQAAxkBAAID1GqitCuyz40_jYSRMInas_8EOww6AAKiIAACmGnxUOFN4Zrj9imfPQQ,27,0.42,Book1-SB-Tracks,2026-09-10T17:44:13.284949
AEF3e_Level_1_SB_4.06.mp3,audio,CQACAgQAAxkBAAIDymqitCsCffbwK-GQsJggoX9TTX9EAAIFIQACmGnxULZ8N40sOwV-PQQ,78,1.2,Book1-SB-Tracks,2026-09-10T17:44:13.285685
AEF3e_Level_1_SB_4.11.mp3,audio,CQACAgQAAxkBAAID1WqitCtYr3g90cksJ_YNZub7nBw7AAKjIAACmGnxUC7isfHVpgfMPQQ,137,2.1,Book1-SB-Tracks,2026-09-10T17:44:13.287439
AEF3e_Level_1_SB_3.24.mp3,audio,CQACAgQAAxkBAAIDz2qitCsuf910JbifSOwydDoU7OEWAAIKIQACmGnxUMeFHHBbGyl-PQQ,63,0.97,Book1-SB-Tracks,2026-09-10T17:44:13.288107
AEF3e_Level_1_SB_12.06.mp3,audio,CQACAgQAAxkBAAID1mqitCtc1H9HKwapIC6ow2dkuNBRAAKkIAACmGnxUOS4t2l1wfXsPQQ,90,1.38,Book1-SB-Tracks,2026-09-10T17:44:13.288689
AEF3e_Level_1_SB_5.01.mp3,audio,CQACAgQAAxkBAAID0WqitCu7oKHIF3h4uoGkK4vV-Mp8AAKfIAACmGnxUJpoMiWWj8cjPQQ,142,1.47,Book1-SB-Tracks,2026-09-10T17:44:13.289466
AEF3e_Level_1_SB_6.22.mp3,audio,CQACAgQAAxkBAAIDyWqitCs8wHRczhJZ1737RuE0UnpGAAIEIQACmGnxUPcyEzr-_t6DPQQ,15,0.23,Book1-SB-Tracks,2026-09-10T17:44:13.290631
AEF3e_Level_1_SB_1.46.mp3,audio,CQACAgQAAxkBAAID12qitCt-Hj8OgTVqRBMM842sGqzkAAKlIAACmGnxUDvFv5jEWwS5PQQ,30,0.46,Book1-SB-Tracks,2026-09-10T17:44:13.291575
AEF3e_Level_1_SB_9.07.mp3,audio,CQACAgQAAxkBAAID2GqitCscS4VVy8XmyR7xklx4wkV4AAKmIAACmGnxUCXgOMfK98mKPQQ,82,1.26,Book1-SB-Tracks,2026-09-10T17:44:13.292434
AEF3e_Level_1_SB_6.14.mp3,audio,CQACAgQAAxkBAAID2WqitCsCTcyMbVC8TP7eXPwzCDGgAAKoIAACmGnxUBfx_vwjwG-tPQQ,119,1.82,Book1-SB-Tracks,2026-09-10T17:44:13.293282
AEF3e_Level_1_SB_3.29.mp3,audio,CQACAgQAAxkBAAID2mqitCu0ckO8W08aVQGdfFqCaOahAAKpIAACmGnxUFuI4CSm_-_jPQQ,76,1.17,Book1-SB-Tracks,2026-09-10T17:44:13.294105
AEF3e_Level_1_SB_11.12.mp3,audio,CQACAgQAAxkBAAID22qitCtfmOoLjl0sn9x3QCNAGO2KAAKqIAACmGnxUJhgJM-0-gyOPQQ,50,0.76,Book1-SB-Tracks,2026-09-10T17:44:13.295027
AEF3e_Level_1_SB_1.33.mp3,audio,CQACAgQAAxkBAAID3GqitCtkITG6XDuudBeDkJM1Yv6qAAKrIAACmGnxUEZMjxezdwt6PQQ,77,1.18,Book1-SB-Tracks,2026-09-10T17:44:13.295966
AEF3e_Level_1_SB_9.20.mp3,audio,CQACAgQAAxkBAAID02qitCvUplOXukbQzGKfeBEVgNZAAAKhIAACmGnxUNF3ZKntDIO0PQQ,48,0.74,Book1-SB-Tracks,2026-09-10T17:44:13.296644
AEF3e_Level_1_SB_8.19.mp3,audio,CQACAgQAAxkBAAID3WqitCvVE5kdLcqLKQbiRh9AiIBIAAKsIAACmGnxULdOsM6PotErPQQ,211,3.23,Book1-SB-Tracks,2026-09-10T17:44:13.297327
AEF3e_Level_1_SB_6.01.mp3,audio,CQACAgQAAxkBAAID3mqitCsH2A2xuXUgUFoOZzg4clBfAAKtIAACmGnxUAAByIDO4bAf8j0E,127,1.93,Book1-SB-Tracks,2026-09-10T17:44:13.298202
AEF3e_Level_1_SB_3.16.mp3,audio,CQACAgQAAxkBAAID32qitCu_HsjnZQqZGdZo_XY-4DorAAKuIAACmGnxUJIfu6jgLPp7PQQ,55,0.85,Book1-SB-Tracks,2026-09-10T17:44:13.299074
AEF3e_Level_1_SB_10.20.mp3,audio,CQACAgQAAxkBAAID4GqitCuSn28q_imr6DumpmaZF9s5AAKvIAACmGnxUP1f-eaXk1VUPQQ,14,0.22,Book1-SB-Tracks,2026-09-10T17:44:13.300170
AEF3e_Level_1_SB_1.20.mp3,audio,CQACAgQAAxkBAAID4WqitCscQ5mXe4-uMlfpx0OcsweTAAKwIAACmGnxUEhNEmNp98mkPQQ,13,0.2,Book1-SB-Tracks,2026-09-10T17:44:13.301202
AEF3e_Level_1_SB_7.15.mp3,audio,CQACAgQAAxkBAAID0GqitCu5-RtN_b1NyhRuybTma99fAAKeIAACmGnxUHyNs873FGcHPQQ,15,0.24,Book1-SB-Tracks,2026-09-10T17:44:13.302563
AEF3e_Level_1_SB_8.06.mp3,audio,CQACAgQAAxkBAAID4mqitCsVVdItKi_YWm_8-p9VKL2iAAKxIAACmGnxUDnp1yCKzV-JPQQ,93,1.43,Book1-SB-Tracks,2026-09-10T17:44:13.303430
AEF3e_Level_1_SB_5.16.mp3,audio,CQACAgQAAxkBAAID42qitCt6tRk-r25RItKlhD5YyjPoAAKyIAACmGnxUHNmI3jdsQJpPQQ,140,2.14,Book1-SB-Tracks,2026-09-10T17:44:13.304379
AEF3e_Level_1_SB_3.03.mp3,audio,CQACAgQAAxkBAAID5GqitCutBxvFauQvJMhQ_sz_iMFDAAKzIAACmGnxULonBa3GMTxHPQQ,68,1.05,Book1-SB-Tracks,2026-09-10T17:44:13.305364
AEF3e_Level_1_SB_9.02.mp3,audio,CQACAgQAAxkBAAIDzWqitCuMhrX_DXjc_LoDIZKqOL40AAIIIQACmGnxUCA7CIDbuT4oPQQ,29,0.45,Book1-SB-Tracks,2026-09-10T17:44:13.306320
AEF3e_Level_1_SB_10.07.mp3,audio,CQACAgQAAxkBAAID5WqitCv-17FrekaZWmS9G3CCU5hNAAK0IAACmGnxUO0S5NLxBm2NPQQ,58,0.89,Book1-SB-Tracks,2026-09-10T17:44:13.307246
AEF3e_Level_1_SB_1.41.mp3,audio,CQACAgQAAxkBAAIDzGqitCsiildr2cO5j34Rr9uGOt7WAAIHIQACmGnxUL15aflgsieEPQQ,172,2.62,Book1-SB-Tracks,2026-09-10T17:44:13.308223
AEF3e_Level_1_SB_1.07.mp3,audio,CQACAgQAAxkBAAID5mqitCtNCOk6-TIaLQTYH-jklWzTAAK1IAACmGnxUFSL1ahgBtEGPQQ,56,0.87,Book1-SB-Tracks,2026-09-10T17:44:13.309657
AEF3e_Level_1_SB_12.01.mp3,audio,CQACAgQAAxkBAAIDy2qitCsCXw7mGRDjGfsOSbywa-3AAAIGIQACmGnxUFoBvrYaEpJAPQQ,61,0.94,Book1-SB-Tracks,2026-09-10T17:44:13.310570
AEF3e_Level_1_SB_7.17.mp3,audio,CQACAgQAAxkBAAID52qitCs5afOUrhhQ4tDpjqZwxnYuAAK2IAACmGnxUJOUVDo4tEl2PQQ,130,1.99,Book1-SB-Tracks,2026-09-10T17:44:13.311512
AEF3e_Level_1_SB_5.03.mp3,audio,CQACAgQAAxkBAAID6GqitCuvTBbv5Xe-dohA2XjHgetTAAK3IAACmGnxUMTVMSECgJB-PQQ,167,2.56,Book1-SB-Tracks,2026-09-10T17:44:13.312228
AEF3e_Level_1_SB_2.08.mp3,audio,CQACAgQAAxkBAAID6WqitCsTqomZtSv2M6gJN3rwA8d-AAK4IAACmGnxUBxsLOzYF1Q5PQQ,38,0.59,Book1-SB-Tracks,2026-09-10T17:44:13.312935
AEF3e_Level_1_SB_9.22.mp3,audio,CQACAgQAAxkBAAID6mqitCt-uEvqYu8YhXXNd0IGqZFlAAK5IAACmGnxUNK52_btLWQMPQQ,48,0.74,Book1-SB-Tracks,2026-09-10T17:44:13.313578
AEF3e_Level_1_SB_7.04.mp3,audio,CQACAgQAAxkBAAID62qitCto-aQfqDsqMyf8buGHTbSsAAK6IAACmGnxUI1C97uw6prMPQQ,81,1.25,Book1-SB-Tracks,2026-09-10T17:44:13.314293
AEF3e_Level_1_SB_4.13.mp3,audio,CQACAgQAAxkBAAID7GqitCsZ3WGngyEZYrgbQezp3BuqAAK7IAACmGnxUC2RvYyxe-yAPQQ,43,0.66,Book1-SB-Tracks,2026-09-10T17:44:13.315000
AEF3e_Level_1_SB_6.09.mp3,audio,CQACAgQAAxkBAAIDzmqitCt6N9oQ-E3mS_9jPYZRnIwkAAIJIQACmGnxUHG7xGu9vdfpPQQ,31,0.48,Book1-SB-Tracks,2026-09-10T17:44:13.316187
AEF3e_Level_1_SB_12.08.mp3,audio,CQACAgQAAxkBAAID7WqitCvWAxryftMBQl2XFe4lrzpKAAK8IAACmGnxUHVWNU6EjqtRPQQ,16,0.25,Book1-SB-Tracks,2026-09-10T17:44:13.317808
AEF3e_Level_1_SB_1.48.mp3,audio,CQACAgQAAxkBAAID7mqitCu436WXuHyUH5lqqV_b8qEoAAK9IAACmGnxUMR7B06vRTvFPQQ,58,0.88,Book1-SB-Tracks,2026-09-10T17:44:13.318854
AEF3e_Level_1_SB_9.09.mp3,audio,CQACAgQAAxkBAAID72qitCu-n-ipX5mt-7yVtKAr0Ri0AAK-IAACmGnxUCAOUswqsxeYPQQ,17,0.27,Book1-SB-Tracks,2026-09-10T17:44:13.319631
AEF3e_Level_1_SB_6.16.mp3,audio,CQACAgQAAxkBAAID8GqitCsAAWGLv8BgwpX1h23YyZd9rAACvyAAAphp8VBMSFhBW81kdz0E,42,0.65,Book1-SB-Tracks,2026-09-10T17:44:13.320674
AEF3e_Level_1_SB_3.31.mp3,audio,CQACAgQAAxkBAAID8WqitCsDxLcOVj3fHIeXBZ3jt9RaAALAIAACmGnxUGUOmbzpbjKkPQQ,27,0.42,Book1-SB-Tracks,2026-09-10T17:44:13.321640
AEF3e_Level_1_SB_11.14.mp3,audio,CQACAgQAAxkBAAID8mqitCupwylMvNqT2F-bwzVBP0yiAALBIAACmGnxUJy1WzKrwzP6PQQ,86,1.31,Book1-SB-Tracks,2026-09-10T17:44:13.322362
AEF3e_Level_1_SB_1.35.mp3,audio,CQACAgQAAxkBAAID82qitCt-zbO2e63QIdyVnDFSB1MLAALCIAACmGnxUHo0fuFwPXYYPQQ,55,0.85,Book1-SB-Tracks,2026-09-10T17:44:13.323144
AEF3e_Level_1_SB_8.21.mp3,audio,CQACAgQAAxkBAAID9GqitCs2TFSpGN8ugVgoJ8aA2s8HAALDIAACmGnxUKxSLQ7CU3ruPQQ,33,0.51,Book1-SB-Tracks,2026-09-10T17:44:13.324102
AEF3e_Level_1_SB_6.03.mp3,audio,CQACAgQAAxkBAAID9WqitCuGnh3HVi475vYPsoOVCi-3AALEIAACmGnxUG7WnwqCDOAlPQQ,80,1.22,Book1-SB-Tracks,2026-09-10T17:44:13.325394
AEF3e_Level_1_SB_3.18.mp3,audio,CQACAgQAAxkBAAID9mqitCvz2ASyx5VFTs6WhOJoixuWAALFIAACmGnxUBtTOZaX-E_jPQQ,83,1.27,Book1-SB-Tracks,2026-09-10T17:44:13.326804
AEF3e_Level_1_SB_11.01.mp3,audio,CQACAgQAAxkBAAID92qitCujDm89zVE4H9M7vxomd1WSAALGIAACmGnxUK0RdHP2CRcrPQQ,27,0.42,Book1-SB-Tracks,2026-09-10T17:44:13.327633
AEF3e_Level_1_SB_1.22.mp3,audio,CQACAgQAAxkBAAID-GqitCuwMDl-jCbXHfTl2BSi77JoAALHIAACmGnxUIeP7SSSO215PQQ,67,1.02,Book1-SB-Tracks,2026-09-10T17:44:13.328348
AEF3e_Level_1_SB_8.08.mp3,audio,CQACAgQAAxkBAAID-WqitCvMdbtcuw2TjONwbj8ZOxMfAALIIAACmGnxULkEMhNHE_P1PQQ,48,0.74,Book1-SB-Tracks,2026-09-10T17:44:13.329052
AEF3e_Level_1_SB_5.18.mp3,audio,CQACAgQAAxkBAAID-mqitCsH2U-Vo1RzkrsQ2qBY_LpXAALJIAACmGnxUNQgApmCltg_PQQ,25,0.38,Book1-SB-Tracks,2026-09-10T17:44:13.329743
AEF3e_Level_1_SB_3.05.mp3,audio,CQACAgQAAxkBAAID-2qitCsjicB3BDPY46-jPV7-IVx_AALKIAACmGnxUC8QcfTHV-AwPQQ,28,0.43,Book1-SB-Tracks,2026-09-10T17:44:13.330678
AEF3e_Level_1_SB_10.09.mp3,audio,CQACAgQAAxkBAAID_GqitCuzDyiBLwUL-v7vRXycw6FyAALLIAACmGnxULZ1Nz3spoF4PQQ,16,0.26,Book1-SB-Tracks,2026-09-10T17:44:13.331468
AEF3e_Level_1_SB_1.09.mp3,audio,CQACAgQAAxkBAAID_WqitCumOIBjjP-sgAe-gmlAFEHSAALMIAACmGnxUEWn-9yl8yptPQQ,42,0.65,Book1-SB-Tracks,2026-09-10T17:44:13.332586
AEF3e_Level_1_SB_7.19.mp3,audio,CQACAgQAAxkBAAID_mqitCvXXw-lXAw3r2PLY1CDBCv9AALNIAACmGnxUNt33NCE5ThHPQQ,84,1.29,Book1-SB-Tracks,2026-09-10T17:44:13.334107
AEF3e_Level_1_SB_5.05.mp3,audio,CQACAgQAAxkBAAID_2qitCu9iXvTnnk3tLrW2fI-tV9EAALOIAACmGnxUPoCqPIF8qxdPQQ,31,0.48,Book1-SB-Tracks,2026-09-10T17:44:13.335134
AEF3e_Level_1_SB_2.10.mp3,audio,CQACAgQAAxkBAAIEAAFqorQrF-lX-F7ZLolbzeQEQYiv5gACzyAAAphp8VB03RNMSaU_kD0E,41,0.63,Book1-SB-Tracks,2026-09-10T17:44:13.336196
AEF3e_Level_1_SB_9.24.mp3,audio,CQACAgQAAxkBAAIEAWqitCtFw9b3_KH7vzv16TEYu-mVAALQIAACmGnxUJ_4WokQyjcpPQQ,21,0.32,Book1-SB-Tracks,2026-09-10T17:44:13.337040
AEF3e_Level_1_SB_7.06.mp3,audio,CQACAgQAAxkBAAIEAmqitCv1CO1qxk1oach2Mu0OFnVyAALRIAACmGnxUKGKVI-F3A54PQQ,52,0.79,Book1-SB-Tracks,2026-09-10T17:44:13.337830
AEF3e_Level_1_SB_4.15.mp3,audio,CQACAgQAAxkBAAIEA2qitCvJtHI1-wHaEM15CLrYwAxlAALSIAACmGnxUNqAex0IR-7qPQQ,68,1.04,Book1-SB-Tracks,2026-09-10T17:44:13.338578
AEF3e_Level_1_SB_12.10.mp3,audio,CQACAgQAAxkBAAIEBGqitCvuLv3DcJ4IlCqpq06reWomAALTIAACmGnxUJTsIiNtKRFZPQQ,31,0.49,Book1-SB-Tracks,2026-09-10T17:44:13.339359
AEF3e_Level_1_SB_1.50.mp3,audio,CQACAgQAAxkBAAIEBWqitCsp_w9a2uyM8hxiYdABHV59AALUIAACmGnxUMquKkqW3nhLPQQ,22,0.34,Book1-SB-Tracks,2026-09-10T17:44:13.340116
AEF3e_Level_1_SB_9.11.mp3,audio,CQACAgQAAxkBAAIEBmqitCsAAQW5WGaNMVnhkwliXJkBMAAC1SAAAphp8VDcMXefXYrFmT0E,21,0.33,Book1-SB-Tracks,2026-09-10T17:44:13.341331
AEF3e_Level_1_SB_6.18.mp3,audio,CQACAgQAAxkBAAIEB2qitCsDDVKKxBh5yNB5O7mTUEGGAALWIAACmGnxUFtSPHXMQUD7PQQ,143,2.18,Book1-SB-Tracks,2026-09-10T17:44:13.342977
AEF3e_Level_1_SB_4.02.mp3,audio,CQACAgQAAxkBAAIECGqitCs8lrcbB2HsE6qC_r4aR3QfAALXIAACmGnxUAk4PHZqIQMFPQQ,32,0.5,Book1-SB-Tracks,2026-09-10T17:44:13.343844
AEF3e_Level_1_SB_11.16.mp3,audio,CQACAgQAAxkBAAIECWqitCvH8039GWDDbeZSVvI01-PoAALYIAACmGnxUBzl4et2PqEPPQQ,56,0.85,Book1-SB-Tracks,2026-09-10T17:44:13.344565
AEF3e_Level_1_SB_1.37.mp3,audio,CQACAgQAAxkBAAIECmqitCu5QxI4BBSpzXB5zzo4ztP4AALZIAACmGnxUF1rDlSRMGvwPQQ,52,0.79,Book1-SB-Tracks,2026-09-10T17:44:13.345509
AEF3e_Level_1_SB_8.23.mp3,audio,CQACAgQAAxkBAAIEC2qitCvNwdkg86UgXW4N_d7uLqZZAALaIAACmGnxUEx3fGuaJSDiPQQ,36,0.56,Book1-SB-Tracks,2026-09-10T17:44:13.346558
AEF3e_Level_1_SB_6.05.mp3,audio,CQACAgQAAxkBAAIEDGqitCtPlJer4KIUlOMk-F2UP_IpAALbIAACmGnxUKhoSGjF2IJ-PQQ,122,1.86,Book1-SB-Tracks,2026-09-10T17:44:13.347413
AEF3e_Level_1_SB_3.20.mp3,audio,CQACAgQAAxkBAAIEDWqitCuOTwWt62Vs9cUX6cyhN10QAALcIAACmGnxUL5lo762CmcoPQQ,87,1.34,Book1-SB-Tracks,2026-09-10T17:44:13.348304
AEF3e_Level_1_SB_11.03.mp3,audio,CQACAgQAAxkBAAIEDmqitCu2DX3dOaEH0O14UGsPsXlBAALdIAACmGnxUCuKvG3WRnHSPQQ,104,1.59,Book1-SB-Tracks,2026-09-10T17:44:13.349196
AEF3e_Level_1_SB_1.24.mp3,audio,CQACAgQAAxkBAAIED2qitCuw315vUAraYxSZg_1z2imPAALeIAACmGnxUJqRz9JnJghWPQQ,30,0.46,Book1-SB-Tracks,2026-09-10T17:44:13.350362
AEF3e_Level_1_SB_8.10.mp3,audio,CQACAgQAAxkBAAIEEGqitCt3ThkyUouWFLPwKqD0PqMUAALfIAACmGnxUM1-MIjlFjP0PQQ,186,2.84,Book1-SB-Tracks,2026-09-10T17:44:13.351558
AEF3e_Level_1_SB_5.20.mp3,audio,CQACAgQAAxkBAAIEEWqitCvL5PHJ9nmtF_yETPuFvzZDAALgIAACmGnxUHRFUPPyRMQiPQQ,23,0.36,Book1-SB-Tracks,2026-09-10T17:44:13.352548
AEF3e_Level_1_SB_3.07.mp3,audio,CQACAgQAAxkBAAIEEmqitCtWXUi6k7ijf3aFyPD8InwiAALhIAACmGnxUBSR5WKEHb4DPQQ,99,1.52,Book1-SB-Tracks,2026-09-10T17:44:13.353380
AEF3e_Level_1_SB_10.11.mp3,audio,CQACAgQAAxkBAAIEE2qitCucIhfdq_L1udOgezayB8sdAALiIAACmGnxUIy-oYaXDG1jPQQ,21,0.32,Book1-SB-Tracks,2026-09-10T17:44:13.354117
AEF3e_Level_1_SB_1.11.mp3,audio,CQACAgQAAxkBAAIEFGqitCvXsEFjtCTrSmYb5FgiUsWZAALjIAACmGnxUBxtnA5mxCQAAT0E,32,0.5,Book1-SB-Tracks,2026-09-10T17:44:13.354868
AEF3e_Level_1_SB_7.21.mp3,audio,CQACAgQAAxkBAAIEFWqitCt-qQLvrIPfXLvFQkXOn_b9AALkIAACmGnxUKaYwKoRW0UNPQQ,70,1.07,Book1-SB-Tracks,2026-09-10T17:44:13.355615
AEF3e_Level_1_SB_5.07.mp3,audio,CQACAgQAAxkBAAIEFmqitCvGqK7ro_KjfAr6ljPtqyu8AALlIAACmGnxUIBaDSvIETZpPQQ,50,0.77,Book1-SB-Tracks,2026-09-10T17:44:13.356614
AEF3e_Level_1_SB_2.12.mp3,audio,CQACAgQAAxkBAAIEF2qitCutzGkoUYJsPCmaeymMnHtYAALmIAACmGnxUFaPcQkKQZ4uPQQ,98,1.5,Book1-SB-Tracks,2026-09-10T17:44:13.357710
AEF3e_Level_1_SB_9.26.mp3,audio,CQACAgQAAxkBAAIEGGqitCtyiWBwMI3FztHMtBNPvBI2AALnIAACmGnxUFaCoQctP_XDPQQ,82,1.25,Book1-SB-Tracks,2026-09-10T17:44:13.359047
AEF3e_Level_1_SB_7.08.mp3,audio,CQACAgQAAxkBAAIEGWqitCuGR5isAV2gHUMEzudwCstjAALoIAACmGnxUHUJjDPoo0ApPQQ,12,0.19,Book1-SB-Tracks,2026-09-10T17:44:13.360005
AEF3e_Level_1_SB_4.17.mp3,audio,CQACAgQAAxkBAAIEGmqitCtuHTbsqaXm0RvO6oCQ_5NCAALpIAACmGnxUM6uQ8V9EaDTPQQ,47,0.73,Book1-SB-Tracks,2026-09-10T17:44:13.360938
AEF3e_Level_1_SB_12.12.mp3,audio,CQACAgQAAxkBAAIEG2qitCs2aoVCs4BrttoWDWiX-zfcAALqIAACmGnxUKdtua8BniI8PQQ,55,0.84,Book1-SB-Tracks,2026-09-10T17:44:13.361915
AEF3e_Level_1_SB_1.52.mp3,audio,CQACAgQAAxkBAAIEHGqitCvxFE6WkSPwg80ImQSCFNiUAALrIAACmGnxUK_guscWrASsPQQ,18,0.29,Book1-SB-Tracks,2026-09-10T17:44:13.362734
AEF3e_Level_1_SB_9.13.mp3,audio,CQACAgQAAxkBAAIEHWqitCtMXyDxDC2snZCrhJspAAEdYAAC7CAAAphp8VDdm1iVVGGb3j0E,91,1.39,Book1-SB-Tracks,2026-09-10T17:44:13.363673
AEF3e_Level_1_SB_6.20.mp3,audio,CQACAgQAAxkBAAIEHmqitCusU8hOn_t_m9gHv1727-5CAALtIAACmGnxUAUdOwABcX0ITz0E,30,0.46,Book1-SB-Tracks,2026-09-10T17:44:13.364610
AEF3e_Level_1_SB_8.25.mp3,audio,CQACAgQAAxkBAAIEImqitCvT-qNau_gmW_sNRE9dotY-AALxIAACmGnxUFzYvwhXnhSdPQQ,87,1.33,Book1-SB-Tracks,2026-09-10T17:44:13.603069
AEF3e_Level_1_SB_6.07.mp3,audio,CQACAgQAAxkBAAIEI2qitCuwpJled5etcdsvwIElvNl7AALyIAACmGnxUD7tlVvp1af4PQQ,46,0.71,Book1-SB-Tracks,2026-09-10T17:44:13.604208
AEF3e_Level_1_SB_11.05.mp3,audio,CQACAgQAAxkBAAIEJWqitCu8nuYe8n24TPKT9jiqpUBFAAL0IAACmGnxUMBB8yLeLS36PQQ,42,0.64,Book1-SB-Tracks,2026-09-10T17:44:13.605399
AEF3e_Level_1_SB_1.26.mp3,audio,CQACAgQAAxkBAAIEJmqitCsyXz6pY6z3rNGgQbuLcpPPAAL1IAACmGnxUGpytY8WS04BPQQ,70,1.08,Book1-SB-Tracks,2026-09-10T17:44:13.606368
AEF3e_Level_1_SB_8.12.mp3,audio,CQACAgQAAxkBAAIEJ2qitCv1m6idpsKJOrIPophc1AW7AAL2IAACmGnxUOxLyadNgTvMPQQ,94,1.43,Book1-SB-Tracks,2026-09-10T17:44:13.607341
AEF3e_Level_1_SB_5.22.mp3,audio,CQACAgQAAxkBAAIEKGqitCsYD-Afy2QE77NDXXK0N-eaAAL3IAACmGnxULtQNwatTZ0ZPQQ,39,0.61,Book1-SB-Tracks,2026-09-10T17:44:13.608359
AEF3e_Level_1_SB_4.04.mp3,audio,CQACAgQAAxkBAAIEH2qitCvL95mzM7mL1UG4p_-m6i0NAALuIAACmGnxUHRdTYySakQQPQQ,16,0.25,Book1-SB-Tracks,2026-09-10T17:44:13.609280
AEF3e_Level_1_SB_3.09.mp3,audio,CQACAgQAAxkBAAIEKWqitCv60nfR4V93DwL7R2q-WgPTAAL4IAACmGnxUJMNhAtnZJ-9PQQ,14,0.21,Book1-SB-Tracks,2026-09-10T17:44:13.610147
AEF3e_Level_1_SB_1.39.mp3,audio,CQACAgQAAxkBAAIEIWqitCvRrJL1Y1NUPBm0ZN4-suseAALwIAACmGnxUNuP7UoTQJQmPQQ,52,0.79,Book1-SB-Tracks,2026-09-10T17:44:13.611132
AEF3e_Level_1_SB_11.18.mp3,audio,CQACAgQAAxkBAAIEIGqitCv4bK91uRG4FZva5XoPvlYVAALvIAACmGnxUDQAAQRzqO8n5T0E,91,1.4,Book1-SB-Tracks,2026-09-10T17:44:13.612201
AEF3e_Level_1_SB_3.22.mp3,audio,CQACAgQAAxkBAAIEJGqitCthen4K634fZsZISWxY1JDUAALzIAACmGnxUKwjSc-znm8VPQQ,29,0.45,Book1-SB-Tracks,2026-09-10T17:44:13.613718
AEF3e_Level_1_WB_5.3.mp3,audio,CQACAgQAAxkBAAIELmqitE74qP5_Pvj8Qfh4to7XhZuLAAIMIQACmGnxUH-fgDXYY_LdPQQ,87,1.34,Book1-WB-Tracks,2026-09-10T17:44:47.004336
AEF3e_Level_1_WB_1.3.mp3,audio,CQACAgQAAxkBAAIEL2qitE7bRhYjcNjys7-CVoUo01k0AAINIQACmGnxUL2JkM3eHPz4PQQ,44,0.68,Book1-WB-Tracks,2026-09-10T17:44:47.005414
AEF3e_Level_1_WB_10.1.mp3,audio,CQACAgQAAxkBAAIEMGqitE7Bed02tZGND7jdndntJJNvAAIOIQACmGnxUG_UL9sEe3FSPQQ,83,1.27,Book1-WB-Tracks,2026-09-10T17:44:47.006225
AEF3e_Level_1_WB_6.2.mp3,audio,CQACAgQAAxkBAAIEMWqitE7JJxXW8yBxfXgQqyAIZDXOAAIPIQACmGnxUPEUZ1kv_fFoPQQ,71,1.08,Book1-WB-Tracks,2026-09-10T17:44:47.007173
AEF3e_Level_1_WB_1.6.mp3,audio,CQACAgQAAxkBAAIEMmqitE4_6-FarTcsPAKOz6Iwnak9AAIQIQACmGnxUE_tRxyihcwcPQQ,48,0.74,Book1-WB-Tracks,2026-09-10T17:44:47.008393
AEF3e_Level_1_WB_11.1.mp3,audio,CQACAgQAAxkBAAIEM2qitE4O_CrVUjmCw5kR2yyYZHhOAAIRIQACmGnxUE7Ziyhp9iLFPQQ,55,0.85,Book1-WB-Tracks,2026-09-10T17:44:47.009191
AEF3e_Level_1_WB_8.1.mp3,audio,CQACAgQAAxkBAAIEOmqitE6B4LHa53NrU1zIxRk1cUKPAAIYIQACmGnxUCSRInE1wteZPQQ,54,0.83,Book1-WB-Tracks,2026-09-10T17:44:47.010053
AEF3e_Level_1_WB_2.3.mp3,audio,CQACAgQAAxkBAAIENWqitE6pMY-l0FlAirqUfyHRXsXfAAITIQACmGnxUFHW6CqcQzJLPQQ,45,0.69,Book1-WB-Tracks,2026-09-10T17:44:47.010897
AEF3e_Level_1_WB_4.2.mp3,audio,CQACAgQAAxkBAAIEO2qitE4pSZixghGKRZBejmBycYhFAAIZIQACmGnxUPgWS6CY2rzXPQQ,33,0.51,Book1-WB-Tracks,2026-09-10T17:44:47.011827
AEF3e_Level_1_WB_12.1.mp3,audio,CQACAgQAAxkBAAIENmqitE7MJnODE2IDL6dct3VkkkQpAAIUIQACmGnxUPjT6X0kScJLPQQ,45,0.69,Book1-WB-Tracks,2026-09-10T17:44:47.012816
AEF3e_Level_1_WB_3.3.mp3,audio,CQACAgQAAxkBAAIEOGqitE5hhPkv_inRDz9gCy20Lv7VAAIWIQACmGnxUA0dUty7r1LcPQQ,55,0.85,Book1-WB-Tracks,2026-09-10T17:44:47.014007
AEF3e_Level_1_WB_9.1.mp3,audio,CQACAgQAAxkBAAIEPGqitE50ynM6k94MZjScL_H3RdbiAAIaIQACmGnxUDeqpQGgeaXQPQQ,43,0.66,Book1-WB-Tracks,2026-09-10T17:44:47.015111
AEF3e_Level_1_WB_5.1.mp3,audio,CQACAgQAAxkBAAIEPWqitE7RbMD3pdRiqXeht_-13WnMAAIbIQACmGnxUPXYbeErtDPHPQQ,43,0.67,Book1-WB-Tracks,2026-09-10T17:44:47.016027
AEF3e_Level_1_WB_1.1.mp3,audio,CQACAgQAAxkBAAIEPmqitE4iljwvveQKRj-mGsxZ_vXGAAIcIQACmGnxUFrZoNKAe0y7PQQ,45,0.69,Book1-WB-Tracks,2026-09-10T17:44:47.016898
AEF3e_Level_1_WB_9.4.mp3,audio,CQACAgQAAxkBAAIEP2qitE4Tozbp9OMad9qQxkMhYCMfAAIdIQACmGnxUCrkgvvrda_pPQQ,37,0.57,Book1-WB-Tracks,2026-09-10T17:44:47.017667
AEF3e_Level_1_WB_5.4.mp3,audio,CQACAgQAAxkBAAIEQGqitE7VK69SsLVOg0nQTbru0zQLAAIeIQACmGnxUHATcBt44YAOPQQ,42,0.65,Book1-WB-Tracks,2026-09-10T17:44:47.018767
AEF3e_Level_1_WB_1.4.mp3,audio,CQACAgQAAxkBAAIEQWqitE5yTFSGAAEX6kGlZWza-j6GowACHyEAAphp8VBD4HGqyW0ZZT0E,43,0.66,Book1-WB-Tracks,2026-09-10T17:44:47.019883
AEF3e_Level_1_WB_10.2.mp3,audio,CQACAgQAAxkBAAIEQmqitE7jLtBYWeV-iMjMmDnZySrVAAIgIQACmGnxUN3zgkxhPdV6PQQ,44,0.68,Book1-WB-Tracks,2026-09-10T17:44:47.021117
AEF3e_Level_1_WB_6.3.mp3,audio,CQACAgQAAxkBAAIEQ2qitE4EmS4PxVI85U3SVrOU2zlbAAIhIQACmGnxUKcmbzSsjpKAPQQ,50,0.77,Book1-WB-Tracks,2026-09-10T17:44:47.021909
AEF3e_Level_1_WB_2.1.mp3,audio,CQACAgQAAxkBAAIERGqitE4bO0f9j1ttSP6JFWn-WLfbAAIiIQACmGnxUKhmHViYCX21PQQ,56,0.86,Book1-WB-Tracks,2026-09-10T17:44:47.022706
AEF3e_Level_1_WB_11.2.mp3,audio,CQACAgQAAxkBAAIERWqitE7PmLI81UbhK09qBlFPgpOjAAIjIQACmGnxUID2_C21_YMMPQQ,44,0.67,Book1-WB-Tracks,2026-09-10T17:44:47.023712
AEF3e_Level_1_WB_6.6.mp3,audio,CQACAgQAAxkBAAIERmqitE4o-u1JKFNHzVkuMFRjWa1QAAIkIQACmGnxUC1gEmBq-8PdPQQ,37,0.56,Book1-WB-Tracks,2026-09-10T17:44:47.024863
AEF3e_Level_1_WB_3.1.mp3,audio,CQACAgQAAxkBAAIER2qitE6odqvLPbH-tcG7sP6W7O4WAAIlIQACmGnxUIkRBWAGhBYbPQQ,67,1.03,Book1-WB-Tracks,2026-09-10T17:44:47.026059
AEF3e_Level_1_WB_12.4.mp3,audio,CQACAgQAAxkBAAIEOWqitE50no1nYHEYNOU1iYBYfYxsAAIXIQACmGnxUNidcGT_mRFkPQQ,123,1.88,Book1-WB-Tracks,2026-09-10T17:44:47.027089
AEF3e_Level_1_WB_12.2.mp3,audio,CQACAgQAAxkBAAIESGqitE43bB6hfnH3NUyMTUpmKN46AAImIQACmGnxUDWKJmCj3XZaPQQ,19,0.3,Book1-WB-Tracks,2026-09-10T17:44:47.027886
AEF3e_Level_1_WB_7.3.mp3,audio,CQACAgQAAxkBAAIESWqitE4TXdCg7op81WLa_07hG9IlAAInIQACmGnxUEUFfPdJ5CySPQQ,81,1.24,Book1-WB-Tracks,2026-09-10T17:44:47.028643
AEF3e_Level_1_WB_3.4.mp3,audio,CQACAgQAAxkBAAIESmqitE50rWzuU3wjQ7XR06F32UYLAAIoIQACmGnxUMlY6ocYtfFqPQQ,39,0.6,Book1-WB-Tracks,2026-09-10T17:44:47.029411
AEF3e_Level_1_WB_7.2.mp3,audio,CQACAgQAAxkBAAIEN2qitE7O9HEpkHiBVvDZQK7rxcBVAAIVIQACmGnxUFU9sV1BGVyLPQQ,58,0.89,Book1-WB-Tracks,2026-09-10T17:44:47.030095
AEF3e_Level_1_WB_12.5.mp3,audio,CQACAgQAAxkBAAIES2qitE4JkbNMdwxZcCtIr_8pXt3tAAIpIQACmGnxUPPGUMv9eiXNPQQ,64,0.99,Book1-WB-Tracks,2026-09-10T17:44:47.030933
AEF3e_Level_1_WB_8.2.mp3,audio,CQACAgQAAxkBAAIETGqitE6hQZxn2hXPuAcwv2TErP-ZAAIqIQACmGnxUCM_XALfeOzRPQQ,45,0.7,Book1-WB-Tracks,2026-09-10T17:44:47.032313
AEF3e_Level_1_WB_4.3.mp3,audio,CQACAgQAAxkBAAIETWqitE5mCqmeu867elSlJwkkmPBdAAIrIQACmGnxUArcRg1qnNwlPQQ,49,0.76,Book1-WB-Tracks,2026-09-10T17:44:47.033293
AEF3e_Level_1_WB_9.2.mp3,audio,CQACAgQAAxkBAAIETmqitE5-qLSsSxJ8VuTaB-4fUIrOAAIsIQACmGnxUCclOm5EI4NqPQQ,45,0.69,Book1-WB-Tracks,2026-09-10T17:44:47.034656
AEF3e_Level_1_WB_5.2.mp3,audio,CQACAgQAAxkBAAIET2qitE40q-XMBZASEuUSXeEdJvDJAAItIQACmGnxUCE4fOvVVUd5PQQ,31,0.48,Book1-WB-Tracks,2026-09-10T17:44:47.035589
AEF3e_Level_1_WB_1.2.mp3,audio,CQACAgQAAxkBAAIEUGqitE68FIzWT8lFXJViXXV9q6edAAIuIQACmGnxUPU-U5VRewj8PQQ,53,0.82,Book1-WB-Tracks,2026-09-10T17:44:47.036407
AEF3e_Level_1_WB_9.5.mp3,audio,CQACAgQAAxkBAAIEUWqitE5q3KVGxVv-tLoNuPGAV19rAAIvIQACmGnxUOL1SJcKMj2LPQQ,45,0.7,Book1-WB-Tracks,2026-09-10T17:44:47.037196
AEF3e_Level_1_WB_6.1.mp3,audio,CQACAgQAAxkBAAIEUmqitE6cihmMaVlI5TetCbtXbsSnAAIwIQACmGnxUBg0g71T4yfVPQQ,42,0.65,Book1-WB-Tracks,2026-09-10T17:44:47.038047
AEF3e_Level_1_WB_1.5.mp3,audio,CQACAgQAAxkBAAIEU2qitE6Y0lACYhhZe4QcvP__weKKAAIxIQACmGnxUCtNDct-FPROPQQ,52,0.8,Book1-WB-Tracks,2026-09-10T17:44:47.038783
AEF3e_Level_1_WB_10.3.mp3,audio,CQACAgQAAxkBAAIEVGqitE4T8ren11Fio1x0mTYFQ3YfAAIyIQACmGnxUAAB4qPcnPjv0z0E,61,0.94,Book1-WB-Tracks,2026-09-10T17:44:47.039639
AEF3e_Level_1_WB_6.4.mp3,audio,CQACAgQAAxkBAAIEVWqitE7yVe9CqN9TNkiYs7ysUKMbAAIzIQACmGnxUMDGDXX9FEebPQQ,80,1.22,Book1-WB-Tracks,2026-09-10T17:44:47.040672
AEF3e_Level_1_WB_2.2.mp3,audio,CQACAgQAAxkBAAIEVmqitE6R-cZTaunn6BWvGPrUSV6xAAI0IQACmGnxULl2egjyG_uvPQQ,37,0.57,Book1-WB-Tracks,2026-09-10T17:44:47.041766
AEF3e_Level_1_WB_11.3.mp3,audio,CQACAgQAAxkBAAIEV2qitE6H4rz6wscX2tr86Z09-h2WAAI1IQACmGnxUJZjuc4-mfMBPQQ,64,0.98,Book1-WB-Tracks,2026-09-10T17:44:47.043136
AEF3e_Level_1_WB_7.1.mp3,audio,CQACAgQAAxkBAAIEWGqitE7f2PztpDIyBRQhF5m8cezTAAI2IQACmGnxUJ2lgz7Dl7YFPQQ,27,0.41,Book1-WB-Tracks,2026-09-10T17:44:47.044069
AEF3e_Level_1_WB_3.2.mp3,audio,CQACAgQAAxkBAAIEWWqitE4QcYOGHzl8mwspVHP-p3EFAAI3IQACmGnxUPnBFBPStcMjPQQ,24,0.38,Book1-WB-Tracks,2026-09-10T17:44:47.044837
AEF3e_Level_1_WB_12.3.mp3,audio,CQACAgQAAxkBAAIEWmqitE4EFDlPrHIGiWfivJqPybxVAAI4IQACmGnxUDEpYhws2oxBPQQ,81,1.23,Book1-WB-Tracks,2026-09-10T17:44:47.045528
AEF3e_Level_1_WB_7.4.mp3,audio,CQACAgQAAxkBAAIEW2qitE66r-nUdRPxiz-jPFa-KIfjAAI5IQACmGnxUH071zW4nuinPQQ,43,0.67,Book1-WB-Tracks,2026-09-10T17:44:47.046185
AEF3e_Level_1_WB_4.1.mp3,audio,CQACAgQAAxkBAAIEXGqitE4S9YbJXVl9fhz-m-7-ufG1AAI6IQACmGnxUHKAPr4VFkZ1PQQ,48,0.73,Book1-WB-Tracks,2026-09-10T17:44:47.046877
AEF3e_Level_1_WB_8.3.mp3,audio,CQACAgQAAxkBAAIEXWqitE6eh9pozuIqhvh33GTwU0tiAAI7IQACmGnxUPiXejHn7E1dPQQ,44,0.68,Book1-WB-Tracks,2026-09-10T17:44:47.047859
AEF3e_Level_1_WB_4.4.mp3,audio,CQACAgQAAxkBAAIEXmqitE5gjhlAt4QI-Q-pM-kWqQGcAAI8IQACmGnxUO2dSZgyb_GnPQQ,49,0.75,Book1-WB-Tracks,2026-09-10T17:44:47.048894
AEF3e_Level_1_WB_9.3.mp3,audio,CQACAgQAAxkBAAIEX2qitE5j32rX_dBMZK8hk3hQyMWEAAI9IQACmGnxUJ8HV4X6mT9hPQQ,56,0.87,Book1-WB-Tracks,2026-09-10T17:44:47.050043
AEF3e_Level_1_WB_6.5.mp3,audio,CQACAgQAAxkBAAIENGqitE49-s9pePsAAbFLOeBvMXCD7AACEiEAAphp8VBo1MLmPwT6VT0E,70,1.08,Book1-WB-Tracks,2026-09-10T17:44:47.051661
AEF3e_Level_2_SB_8.23.mp3,audio,CQACAgQAAxkBAAIEaWqitHyGsS-A3W__b3j9mTXk7ZVxAAIyIAACmGn5UIN0cGbNSom9PQQ,74,2.85,Book2-SB-Tracks,2026-09-10T17:45:34.145860
AEF3e_Level_2_SB_6.15.mp3,audio,CQACAgQAAxkBAAIEZWqitHytfEG675Y6Q3HvjhwC3AoqAAIrIAACmGn5UBj0dL1F7_OvPQQ,136,5.19,Book2-SB-Tracks,2026-09-10T17:45:34.149353
AEF3e_Level_2_SB_5.16.mp3,audio,CQACAgQAAxkBAAIEb2qitHwSilNW1Dv2YBbQtIfVWDpUAAKaHQAC4FzwUBRRcmOvLJaYPQQ,47,1.81,Book2-SB-Tracks,2026-09-10T17:45:34.150079
AEF3e_Level_2_SB_1.28.mp3,audio,CQACAgQAAxkBAAIEY2qitHw9vY0sPxt4xi6fhFDzhjtqAAIkIAACmGn5UCckdIy_yqsnPQQ,177,6.79,Book2-SB-Tracks,2026-09-10T17:45:34.150845
AEF3e_Level_2_SB_2.22.mp3,audio,CQACAgQAAxkBAAIEcGqitHxAQj4zOtifTWYh7lnzss50AAKbHQAC4FzwUPo2fKxVHEtOPQQ,173,6.63,Book2-SB-Tracks,2026-09-10T17:45:34.151652
AEF3e_Level_2_SB_1.2.mp3,audio,CQACAgQAAxkBAAIEbWqitHwGwV6TkI0UuGs2k4ia5L9LAAI6IAACmGn5UPfCO_Yq6PGIPQQ,116,4.43,Book2-SB-Tracks,2026-09-10T17:45:34.152461
AEF3e_Level_2_SB_6.2.mp3,audio,CQACAgQAAxkBAAIEamqitHwhbbLDs6OafRPoBmpjRfOsAAIzIAACmGn5UHjPn2yKEfkePQQ,132,5.04,Book2-SB-Tracks,2026-09-10T17:45:34.153092
AEF3e_Level_2_SB_10.15.mp3,audio,CQACAgQAAxkBAAIEcWqitHyy8S-m7WQoNKni7SzMAwSoAAKfHQAC4FzwUKrlyX-aX8yqPQQ,130,4.99,Book2-SB-Tracks,2026-09-10T17:45:34.153993
AEF3e_Level_2_SB_3.25.mp3,audio,CQACAgQAAxkBAAIEZmqitHyKDtStv1quO6prF4S-vXi0AAItIAACmGn5UBrsnyo2vXRLPQQ,51,1.97,Book2-SB-Tracks,2026-09-10T17:45:34.154939
AEF3e_Level_2_SB_1.15.mp3,audio,CQACAgQAAxkBAAIEaGqitHxFZ52gvG17bRsGLRGU0czTAAIvIAACmGn5UCqj8SxS7IluPQQ,36,1.38,Book2-SB-Tracks,2026-09-10T17:45:34.156360
AEF3e_Level_2_SB_9.9.mp3,audio,CQACAgQAAxkBAAIEZGqitHwwXLcRPb2T8UJ44hC5ksdXAAIlIAACmGn5UIOjbGOy-k9hPQQ,54,2.07,Book2-SB-Tracks,2026-09-10T17:45:34.157352
AEF3e_Level_2_SB_7.22.mp3,audio,CQACAgQAAxkBAAIEcmqitHwAASAHZ5TUrGlO4WfNML6m7gACoR0AAuBc8FA3-wzdSVf8xj0E,120,4.6,Book2-SB-Tracks,2026-09-10T17:45:34.158166
AEF3e_Level_2_SB_5.3.mp3,audio,CQACAgQAAxkBAAIEc2qitHwZs4Bnd5YhtvYPeICwdS0lAAKiHQAC4FzwUITos4M03qavPQQ,63,2.42,Book2-SB-Tracks,2026-09-10T17:45:34.159071
AEF3e_Level_2_SB_8.10.mp3,audio,CQACAgQAAxkBAAIEbmqitHyYCul29ZOM1zQT1RIqRAqBAAI7IAACmGn5UN3vkAH67O9OPQQ,58,2.23,Book2-SB-Tracks,2026-09-10T17:45:34.160269
AEF3e_Level_2_SB_2.9.mp3,audio,CQACAgQAAxkBAAIEdGqitHxcrxhXwEPBuHwGFwzrbxsPAAKjHQAC4FzwULCgFylwoQ5oPQQ,40,1.56,Book2-SB-Tracks,2026-09-10T17:45:34.161578
AEF3e_Level_2_SB_10.2.mp3,audio,CQACAgQAAxkBAAIEdWqitHw5ubeMfHAfErmt8K3Bjz-UAAKkHQAC4FzwUKgIiQ1nAAFELj0E,33,1.3,Book2-SB-Tracks,2026-09-10T17:45:34.162404
AEF3e_Level_2_SB_7.9.mp3,audio,CQACAgQAAxkBAAIEdmqitHwsO9jSQ3WR9Hz6RnAMMy6VAAKlHQAC4FzwUFodFQ9g3ljjPQQ,17,0.67,Book2-SB-Tracks,2026-09-10T17:45:34.163203
AEF3e_Level_2_SB_11.13.mp3,audio,CQACAgQAAxkBAAIEbGqitHxfVAABIkXt3ud3bwTzK290kQACOSAAAphp-VA9xrVOPbWHoD0E,49,1.9,Book2-SB-Tracks,2026-09-10T17:45:34.164243
AEF3e_Level_2_SB_4.15.mp3,audio,CQACAgQAAxkBAAIEd2qitHySV2W697EVpbLnF6_V377OAAKmHQAC4FzwUGr97Y8QUKlnPQQ,29,1.13,Book2-SB-Tracks,2026-09-10T17:45:34.165333
AEF3e_Level_2_SB_1.30.mp3,audio,CQACAgQAAxkBAAIEeGqitHztTy8JaaaTjGfsZPdkiTh7AAKnHQAC4FzwUDOI1cCLmgyUPQQ,78,2.98,Book2-SB-Tracks,2026-09-10T17:45:34.166435
AEF3e_Level_2_SB_9.11.mp3,audio,CQACAgQAAxkBAAIEeWqitHwBQL-irnK48MWwzTn_4sy9AAKpHQAC4FzwUC9QwJa3x8-_PQQ,69,2.65,Book2-SB-Tracks,2026-09-10T17:45:34.167640
AEF3e_Level_2_SB_6.17.mp3,audio,CQACAgQAAxkBAAIEemqitHw6JS8_X4aAPCPAsvptiTUCAAKqHQAC4FzwUB2HAvAmu8doPQQ,83,3.2,Book2-SB-Tracks,2026-09-10T17:45:34.168507
AEF3e_Level_2_SB_4.2.mp3,audio,CQACAgQAAxkBAAIEe2qitHxXOAvo__wacnKOKf2sIza5AAKrHQAC4FzwUKU3vhuG7bg9PQQ,56,2.17,Book2-SB-Tracks,2026-09-10T17:45:34.169457
AEF3e_Level_2_SB_3.12.mp3,audio,CQACAgQAAxkBAAIEa2qitHy6_m9lqQQPXa5gcS4AAUY3awACNCAAAphp-VCwsnBK475YWz0E,28,1.09,Book2-SB-Tracks,2026-09-10T17:45:34.170310
AEF3e_Level_2_SB_12.1.mp3,audio,CQACAgQAAxkBAAIEfGqitHyZ-_9EQs4odXhgcWmXmXz7AAKsHQAC4FzwUD5XlhRhPw2cPQQ,37,1.42,Book2-SB-Tracks,2026-09-10T17:45:34.171100
AEF3e_Level_2_SB_1.17.mp3,audio,CQACAgQAAxkBAAIEfWqitHwLb-8AAXgOJcVZgD_d7fsi0gACrR0AAuBc8FBzYpazwc0OBz0E,38,1.47,Book2-SB-Tracks,2026-09-10T17:45:34.171844
AEF3e_Level_2_SB_8.25.mp3,audio,CQACAgQAAxkBAAIEfmqitHxN3rqnWgsT9zlpjZsGW51AAAKuHQAC4FzwUGXK7FuLFak7PQQ,84,3.23,Book2-SB-Tracks,2026-09-10T17:45:34.172677
AEF3e_Level_2_SB_6.4.mp3,audio,CQACAgQAAxkBAAIEf2qitHz5S3k1MH_1I6iIxcQhN4QaAAKvHQAC4FzwUN7oy9Kbg57ZPQQ,23,0.92,Book2-SB-Tracks,2026-09-10T17:45:34.173735
AEF3e_Level_2_SB_3.14.mp3,audio,CQACAgQAAxkBAAIEgGqitHw0lcxO6EF0NMXZy21q8yanAAIxIgAC4Fz4UIUcwYHBzdFfPQQ,98,3.77,Book2-SB-Tracks,2026-09-10T17:45:34.174896
AEF3e_Level_2_SB_11.15.mp3,audio,CQACAgQAAxkBAAIEgWqitHxNgMec4eVVqU7aJNDfxqD6AAI3IgAC4Fz4UBtzPWzZuZNxPQQ,91,3.48,Book2-SB-Tracks,2026-09-10T17:45:34.176125
AEF3e_Level_2_SB_1.4.mp3,audio,CQACAgQAAxkBAAIEgmqitHy954Cdbn7vvEHbDv8_E0WqAAI4IgAC4Fz4UNl59pX3ve5fPQQ,20,0.8,Book2-SB-Tracks,2026-09-10T17:45:34.176936
AEF3e_Level_2_SB_8.12.mp3,audio,CQACAgQAAxkBAAIEg2qitHyZrKt4YgQzJVSCGyy26lSTAAI5IgAC4Fz4UNumlj8Mjji2PQQ,41,1.57,Book2-SB-Tracks,2026-09-10T17:45:34.177710
AEF3e_Level_2_SB_5.18.mp3,audio,CQACAgQAAxkBAAIEhGqitHxZWGf_pF3szg8H1-cvx2hJAAI6IgAC4Fz4UGltAecG46KHPQQ,31,1.21,Book2-SB-Tracks,2026-09-10T17:45:34.178409
AEF3e_Level_2_SB_3.1.mp3,audio,CQACAgQAAxkBAAIEhWqitHwCva1HBdynd1wprVTXAx2rAAI8IgAC4Fz4UMtAbh1yRB4sPQQ,60,2.31,Book2-SB-Tracks,2026-09-10T17:45:34.179081
AEF3e_Level_2_SB_11.2.mp3,audio,CQACAgQAAxkBAAIEhmqitHyMiSXwbdXy3wa1KVLsyr04AAI_IgAC4Fz4UP_IMk6ULQRYPQQ,256,9.77,Book2-SB-Tracks,2026-09-10T17:45:34.179918
AEF3e_Level_2_SB_7.24.mp3,audio,CQACAgQAAxkBAAIEh2qitHxWAW0G7AloSyNS2N0PLCDXAAJAIgAC4Fz4ULBywJh2yW1hPQQ,31,1.19,Book2-SB-Tracks,2026-09-10T17:45:34.180913
AEF3e_Level_2_SB_11.26.mp3,audio,CQACAgQAAxkBAAIEZ2qitHwB_2sn55z9GMFNdIpg6NvTAAIuIAACmGn5UK1XUbxj5pICPQQ,105,4.02,Book2-SB-Tracks,2026-09-10T17:45:34.181873
AEF3e_Level_2_SB_5.5.mp3,audio,CQACAgQAAxkBAAIEiGqitHw74r4MX5LyLiem-GVhbPdJAAJBIgAC4Fz4UOdnqsOQBQNTPQQ,22,0.88,Book2-SB-Tracks,2026-09-10T17:45:34.182942
AEF3e_Level_2_SB_2.11.mp3,audio,CQACAgQAAxkBAAIEiWqitHyr3CifWSeFZTNndCA0v0ckAAJCIgAC4Fz4UKK6hB4eRhSEPQQ,29,1.15,Book2-SB-Tracks,2026-09-10T17:45:34.184152
AEF3e_Level_2_SB_10.4.mp3,audio,CQACAgQAAxkBAAIEimqitHxjso2X4BbbibKf7RKscr30AAJDIgAC4Fz4UC1EAr4gyah9PQQ,19,0.76,Book2-SB-Tracks,2026-09-10T17:45:34.185006
AEF3e_Level_2_SB_7.11.mp3,audio,CQACAgQAAxkBAAIEi2qitHyD7cvTmA34bCFZfrZDKDdtAAJFIgAC4Fz4UIop3UxtYBm7PQQ,31,1.2,Book2-SB-Tracks,2026-09-10T17:45:34.185640
AEF3e_Level_2_SB_4.17.mp3,audio,CQACAgQAAxkBAAIEjGqitHyNidBFXjWjpIJORMRV2elEAAJHIgAC4Fz4ULm3rApWDt3CPQQ,97,3.74,Book2-SB-Tracks,2026-09-10T17:45:34.186322
AEF3e_Level_2_SB_1.32.mp3,audio,CQACAgQAAxkBAAIEjWqitHz7CQ-HrJsFWM3IszTC22eoAAJJIgAC4Fz4UOBT4gthvJF4PQQ,76,2.9,Book2-SB-Tracks,2026-09-10T17:45:34.186965
AEF3e_Level_2_SB_9.13.mp3,audio,CQACAgQAAxkBAAIEjmqitHziLTF8wOdlKNI7t7lwshtZAAJKIgAC4Fz4UKGt0FeRJR6LPQQ,14,0.57,Book2-SB-Tracks,2026-09-10T17:45:34.187586
AEF3e_Level_2_SB_6.19.mp3,audio,CQACAgQAAxkBAAIEj2qitHzsacAeJqhBiWXPZB9G4GtOAAJLIgAC4Fz4UAJQFibcr2QkPQQ,66,2.54,Book2-SB-Tracks,2026-09-10T17:45:34.188201
AEF3e_Level_2_SB_4.4.mp3,audio,CQACAgQAAxkBAAIEkGqitHySIDSgqcWRiiPp9A9_FX_lAAJMIgAC4Fz4UJxUTreAx4PmPQQ,31,1.22,Book2-SB-Tracks,2026-09-10T17:45:34.188969
AEF3e_Level_2_SB_12.3.mp3,audio,CQACAgQAAxkBAAIEkWqitHzKdEqKpUXZu6CVPI5bFhebAAJOIgAC4Fz4UF3OH78aHnoxPQQ,104,3.98,Book2-SB-Tracks,2026-09-10T17:45:34.189959
AEF3e_Level_2_SB_1.19.mp3,audio,CQACAgQAAxkBAAIEkmqitHyW6GKCxKpMZBNAuatoLyYKAAJPIgAC4Fz4UBLOoDHv5o7TPQQ,66,2.54,Book2-SB-Tracks,2026-09-10T17:45:34.190968
AEF3e_Level_2_SB_8.27.mp3,audio,CQACAgQAAxkBAAIEk2qitHwI7o-0rtZPlUm8P1UcGIqZAAJQIgAC4Fz4UBZtCWPgUwu7PQQ,113,4.33,Book2-SB-Tracks,2026-09-10T17:45:34.192185
AEF3e_Level_2_SB_6.6.mp3,audio,CQACAgQAAxkBAAIElGqitHx5bsLuo161q5_tQMF2h7BnAAJRIgAC4Fz4UIvkB0Vx-PzoPQQ,35,1.36,Book2-SB-Tracks,2026-09-10T17:45:34.192935
AEF3e_Level_2_SB_3.16.mp3,audio,CQACAgQAAxkBAAIElWqitHzXWIldkKipRJS4UPTgqWoZAAJSIgAC4Fz4UDUFdf9TKe2mPQQ,38,1.47,Book2-SB-Tracks,2026-09-10T17:45:34.193702
AEF3e_Level_2_SB_11.17.mp3,audio,CQACAgQAAxkBAAIElmqitHzlCoTvTPm373qOcE7eiFKnAAJTIgAC4Fz4UMILtcj4jJRDPQQ,46,1.77,Book2-SB-Tracks,2026-09-10T17:45:34.194445
AEF3e_Level_2_SB_1.6.mp3,audio,CQACAgQAAxkBAAIEl2qitHw4cDBIebwXuhdCf8LsQH70AAJXIgAC4Fz4UH1SNyRqGt1qPQQ,52,1.99,Book2-SB-Tracks,2026-09-10T17:45:34.195135
AEF3e_Level_2_SB_8.14.mp3,audio,CQACAgQAAxkBAAIEmGqitHzIKRSVtWR-PIZKyGL5eRBkAAJZIgAC4Fz4UD5On5a24Vz2PQQ,180,6.89,Book2-SB-Tracks,2026-09-10T17:45:34.195771
AEF3e_Level_2_SB_5.20.mp3,audio,CQACAgQAAxkBAAIEmWqitHzRA7xEeEG4CHcZeGk5Vd_LAAJbIgAC4Fz4UEsgXWXORXGfPQQ,61,2.37,Book2-SB-Tracks,2026-09-10T17:45:34.196430
AEF3e_Level_2_SB_3.3.mp3,audio,CQACAgQAAxkBAAIEmmqitHzJBTPKb5r7iv8gkkVvqe4wAAJcIgAC4Fz4UCGwaDMSthXXPQQ,42,1.64,Book2-SB-Tracks,2026-09-10T17:45:34.197292
AEF3e_Level_2_SB_11.4.mp3,audio,CQACAgQAAxkBAAIEm2qitHykalpCFzQ-I5FtyjqLK83BAAJdIgAC4Fz4UKuJsJv10dW1PQQ,39,1.5,Book2-SB-Tracks,2026-09-10T17:45:34.198268
AEF3e_Level_2_SB_8.1.mp3,audio,CQACAgQAAxkBAAIEnGqitHxwu3n-Su93Glet5Gpf5a0xAAJoIgAC4Fz4UPrVpDZw-W0yPQQ,84,3.24,Book2-SB-Tracks,2026-09-10T17:45:34.199199
AEF3e_Level_2_SB_5.7.mp3,audio,CQACAgQAAxkBAAIEnWqitHyki-YQlerRVQGD8D4zs6tZAAJwIgAC4Fz4UBP54cgbC09DPQQ,177,6.78,Book2-SB-Tracks,2026-09-10T17:45:34.200554
AEF3e_Level_2_SB_2.13.mp3,audio,CQACAgQAAxkBAAIEnmqitHyBMtJv-0Zfp2aaIrgO19xFAAJyIgAC4Fz4UAX2cNCmxG5ePQQ,84,3.24,Book2-SB-Tracks,2026-09-10T17:45:34.201289
AEF3e_Level_2_SB_9.2.mp3,audio,CQACAgQAAxkBAAIEn2qitHzwqRz3bTXdsv4CO-680tRoAALvIgAC4Fz4UNJHdTlGAuHzPQQ,168,6.43,Book2-SB-Tracks,2026-09-10T17:45:34.201967
AEF3e_Level_2_SB_7.21.mp3,audio,CQACAgQAAxkBAAIEoGqitHzVqgTPLKOLkCT3S4AiuzllAALwIgAC4Fz4UGGGt-_XpGM4PQQ,80,3.05,Book2-SB-Tracks,2026-09-10T17:45:34.202601
AEF3e_Level_2_SB_7.17.mp3,audio,CQACAgQAAxkBAAIEoWqitHx2jRTZmZQw_cHI0Dz9VJOaAALxIgAC4Fz4UM5ejMrOCeYlPQQ,33,1.28,Book2-SB-Tracks,2026-09-10T17:45:34.203183
AEF3e_Level_2_SB_4.19.mp3,audio,CQACAgQAAxkBAAIEomqitHwRKAZX_dU5FLOLlFG7IZnIAALzIgAC4Fz4UOHG8AABhhPpnT0E,21,0.82,Book2-SB-Tracks,2026-09-10T17:45:34.203798
AEF3e_Level_2_SB_6.1.mp3,audio,CQACAgQAAxkBAAIEo2qitHzsIm4P0a5UqqN20ptcK-2YAAL0IgAC4Fz4UO1fNQL7XQEQPQQ,31,1.2,Book2-SB-Tracks,2026-09-10T17:45:34.204651
AEF3e_Level_2_SB_5.24.mp3,audio,CQACAgQAAxkBAAIEpGqitHwDN3zvjycT5yTPrW2gN_17AAL1IgAC4Fz4UMk59saf2sHVPQQ,99,3.81,Book2-SB-Tracks,2026-09-10T17:45:34.205587
AEF3e_Level_2_SB_1.27.mp3,audio,CQACAgQAAxkBAAIEpWqitHxrhmWvF6SC3swUErVNHR_OAAL2IgAC4Fz4UATeQRjNuQ3JPQQ,24,0.92,Book2-SB-Tracks,2026-09-10T17:45:34.206699
AEF3e_Level_2_SB_1.23.mp3,audio,CQACAgQAAxkBAAIEpmqitHy91WowJgs-veD10DRzN7LWAAL3IgAC4Fz4UHMqcgfx1QMxPQQ,176,6.73,Book2-SB-Tracks,2026-09-10T17:45:34.207846
AEF3e_Level_2_SB_10.12.mp3,audio,CQACAgQAAxkBAAIEp2qitHzf2YCONkfeGE5JL0CprF8wAAL4IgAC4Fz4UOQocKC-prYrPQQ,32,1.26,Book2-SB-Tracks,2026-09-10T17:45:34.208970
AEF3e_Level_2_SB_7.15.mp3,audio,CQACAgQAAxkBAAIEqGqitHzefA-GYf6blIFYWXq90cs2AAL5IgAC4Fz4UCsjmZbFvJ1pPQQ,269,10.29,Book2-SB-Tracks,2026-09-10T17:45:34.209706
AEF3e_Level_2_SB_8.20.mp3,audio,CQACAgQAAxkBAAIEqWqitHxzWA3An64pmxc2OFHHpqeEAAL6IgAC4Fz4UAyeZn0TMUVpPQQ,25,0.99,Book2-SB-Tracks,2026-09-10T17:45:34.210362
AEF3e_Level_2_SB_5.22.mp3,audio,CQACAgQAAxkBAAIEqmqitHxIgUZCHI4YAaR_2q68rR-LAAL7IgAC4Fz4UDsliXIdVuntPQQ,17,0.65,Book2-SB-Tracks,2026-09-10T17:45:34.211014
AEF3e_Level_2_SB_12.9.mp3,audio,CQACAgQAAxkBAAIEq2qitHztrpvUwvVvlAe43wFgwEGEAAL8IgAC4Fz4UGkvGYRGtZSIPQQ,20,0.78,Book2-SB-Tracks,2026-09-10T17:45:34.211722
AEF3e_Level_2_SB_1.21.mp3,audio,CQACAgQAAxkBAAIErGqitHyuTKaL3yN8j7mXRdipJjgGAAL9IgAC4Fz4UMuehZGcDHYhPQQ,55,2.13,Book2-SB-Tracks,2026-09-10T17:45:34.212410
AEF3e_Level_2_SB_10.14.mp3,audio,CQACAgQAAxkBAAIErWqitHxWl8EpUARj-3G5Io8i-0JbAAL-IgAC4Fz4UIAfCHiHyHLJPQQ,49,1.9,Book2-SB-Tracks,2026-09-10T17:45:34.213133
AEF3e_Level_2_SB_10.10.mp3,audio,CQACAgQAAxkBAAIErmqitHzzbfqHAAFxiYMJQ84Ydyjb6QAC_yIAAuBc-FCpVQL6g1rm5T0E,78,2.98,Book2-SB-Tracks,2026-09-10T17:45:34.214027
AEF3e_Level_2_SB_7.13.mp3,audio,CQACAgQAAxkBAAIEr2qitHzWhuS9L1LnbnSxp08BcUXfAAMjAALgXPhQ4F46ITdUVl09BA,32,1.24,Book2-SB-Tracks,2026-09-10T17:45:34.214999
AEF3e_Level_2_SB_8.22.mp3,audio,CQACAgQAAxkBAAIEsGqitHzaG-k3zKSo5rSjsfK1WFUDAAIBIwAC4Fz4UMxoWSyPigdrPQQ,39,1.49,Book2-SB-Tracks,2026-09-10T17:45:34.216242
AEF3e_Level_2_SB_8.18.mp3,audio,CQACAgQAAxkBAAIEsWqitHzbFNR-cVY8ZbCVSTNpPdfWAAICIwAC4Fz4UH-weGnuM7vcPQQ,119,4.56,Book2-SB-Tracks,2026-09-10T17:45:34.217356
AEF3e_Level_2_SB_4.12.mp3,audio,CQACAgQAAxkBAAIEsmqitHw0RMDlRztmpXXyYdzKSwABlAACAyMAAuBc-FDxQxvgOSNQtj0E,60,2.32,Book2-SB-Tracks,2026-09-10T17:45:34.218040
AEF3e_Level_2_SB_12.7.mp3,audio,CQACAgQAAxkBAAIEs2qitHxnthZRztnz-fy2Jt5WU0C_AAIEIwAC4Fz4UMGWdViETM8PPQQ,76,2.93,Book2-SB-Tracks,2026-09-10T17:45:34.218689
AEF3e_Level_2_SB_2.19.mp3,audio,CQACAgQAAxkBAAIEtGqitHy3vrrJ2VpuFPcaeprkcxWTAAIFIwAC4Fz4UOki82-WCVkOPQQ,24,0.94,Book2-SB-Tracks,2026-09-10T17:45:34.219496
AEF3e_Level_2_SB_10.8.mp3,audio,CQACAgQAAxkBAAIEtWqitHwlD8OEyYxo_BtlqzVaVu15AAIGIwAC4Fz4ULTf46pdcQtUPQQ,86,3.32,Book2-SB-Tracks,2026-09-10T17:45:34.220202
AEF3e_Level_2_SB_1.12.mp3,audio,CQACAgQAAxkBAAIEtmqitHxvo_Du2bZlQHvHkJTbzsG0AAIHIwAC4Fz4UELLEVl-wrB3PQQ,25,0.98,Book2-SB-Tracks,2026-09-10T17:45:34.220820
AEF3e_Level_2_SB_8.16.mp3,audio,CQACAgQAAxkBAAIEt2qitHyfTMrhcxgfeuGM7qLkblLLAAIIIwAC4Fz4ULmxNcpPaXnKPQQ,94,3.6,Book2-SB-Tracks,2026-09-10T17:45:34.221382
AEF3e_Level_2_SB_4.14.mp3,audio,CQACAgQAAxkBAAIEuGqitHwKsOtRTrEVJ_t2uLuabVowAAIJIwAC4Fz4UDPv0tfvNljJPQQ,92,3.54,Book2-SB-Tracks,2026-09-10T17:45:34.222337
AEF3e_Level_2_SB_4.10.mp3,audio,CQACAgQAAxkBAAIEuWqitHycFMgrOWc10RzmbGWyyD1dAAILIwAC4Fz4UJ4XrVJkpzjoPQQ,64,2.46,Book2-SB-Tracks,2026-09-10T17:45:34.223349
AEF3e_Level_2_SB_12.5.mp3,audio,CQACAgQAAxkBAAIEumqitHxJ85NvXb8Gf4LNsdR8cBr6AAIMIwAC4Fz4UPjojQvGdE7PPQQ,30,1.18,Book2-SB-Tracks,2026-09-10T17:45:34.224316
AEF3e_Level_2_SB_2.21.mp3,audio,CQACAgQAAxkBAAIEu2qitHzK62e-CMMKs0xi83VrnVf_AAINIwAC4Fz4UO6VFpvgo_4NPQQ,113,4.34,Book2-SB-Tracks,2026-09-10T17:45:34.225841
AEF3e_Level_2_SB_2.17.mp3,audio,CQACAgQAAxkBAAIEvGqitHy_N8ar_ahrrDkfCp1qyEUxAAIOIwAC4Fz4UC9N8rvRcSVWPQQ,38,1.48,Book2-SB-Tracks,2026-09-10T17:45:34.226663
AEF3e_Level_2_SB_10.6.mp3,audio,CQACAgQAAxkBAAIEvWqitHxjG5RzLB0T-Nn02ViMQOJHAAIPIwAC4Fz4UBDgWaJnXIblPQQ,45,1.73,Book2-SB-Tracks,2026-09-10T17:45:34.227318
AEF3e_Level_2_SB_1.14.mp3,audio,CQACAgQAAxkBAAIEvmqitHyDdsdA3pz7uX8JF6bjk8L7AAIQIwAC4Fz4UBC_qNrIiXA-PQQ,53,2.06,Book2-SB-Tracks,2026-09-10T17:45:34.228017
AEF3e_Level_2_SB_1.10.mp3,audio,CQACAgQAAxkBAAIEv2qitHzgo98o8YwnDdZMD5HhOwz-AAIRIwAC4Fz4UO_9YeSVYEBpPQQ,212,8.12,Book2-SB-Tracks,2026-09-10T17:45:34.228754
AEF3e_Level_2_SB_7.6.mp3,audio,CQACAgQAAxkBAAIEwGqitHyOrwkBHfMekzN0OV6pwSRcAAISIwAC4Fz4UM8e2S0OthW3PQQ,78,2.99,Book2-SB-Tracks,2026-09-10T17:45:34.229656
AEF3e_Level_2_SB_4.8.mp3,audio,CQACAgQAAxkBAAIEwWqitHzKttKI5g0CL6RPHlBx3MHzAAITIwAC4Fz4UCAysUDJpSEhPQQ,17,0.66,Book2-SB-Tracks,2026-09-10T17:45:34.230389
AEF3e_Level_2_SB_5.13.mp3,audio,CQACAgQAAxkBAAIEwmqitHwUnDr9dcsTumWwxueCI3pSAAIUIwAC4Fz4UHQ7sqZ7xrHtPQQ,203,7.76,Book2-SB-Tracks,2026-09-10T17:45:34.231369
AEF3e_Level_2_SB_2.15.mp3,audio,CQACAgQAAxkBAAIEw2qitHx5EEn60IgtgY32NczP3nERAAIVIwAC4Fz4UNTx_ouC9FDOPQQ,148,5.68,Book2-SB-Tracks,2026-09-10T17:45:34.232270
AEF3e_Level_2_SB_11.23.mp3,audio,CQACAgQAAxkBAAIExGqitHz1_RvYNj-3KyclHq8QQjfgAAIWIwAC4Fz4UPxdK-EUpEp4PQQ,106,4.08,Book2-SB-Tracks,2026-09-10T17:45:34.233349
AEF3e_Level_2_SB_1.8.mp3,audio,CQACAgQAAxkBAAIExWqitHwiRAxg98S64xvELUYrfOU3AAIXIwAC4Fz4UCGhGH2mBnzbPQQ,67,2.58,Book2-SB-Tracks,2026-09-10T17:45:34.233937
AEF3e_Level_2_SB_7.8.mp3,audio,CQACAgQAAxkBAAIExmqitHzOXivGU0kO2J7RZ1TFCwEQAAIYIwAC4Fz4UJa_TVec6avgPQQ,173,6.61,Book2-SB-Tracks,2026-09-10T17:45:34.234772
AEF3e_Level_2_SB_7.4.mp3,audio,CQACAgQAAxkBAAIEyGqitIM4xCjOm7uTFghtnFwLSFs5AAIZIwAC4Fz4UHCK5jT34fElPQQ,13,0.54,Book2-SB-Tracks,2026-09-10T17:45:41.083552
AEF3e_Level_2_SB_4.6.mp3,audio,CQACAgQAAxkBAAIEyWqitINA-2f9k8hX2s8_O1izKuwhAAIaIwAC4Fz4UECbs30coFGDPQQ,11,0.46,Book2-SB-Tracks,2026-09-10T17:45:41.084512
AEF3e_Level_2_SB_5.15.mp3,audio,CQACAgQAAxkBAAIEymqitIOOacPqju2a-xZYcFsXOur_AAIbIwAC4Fz4UFcy6XK2E7zmPQQ,66,2.52,Book2-SB-Tracks,2026-09-10T17:45:41.085244
AEF3e_Level_2_SB_10.1.mp3,audio,CQACAgQAAxkBAAIE1GqitIOEu0GmCYV2mYnE4WraSoM5AAIlIwAC4Fz4UIy7iA8JwpM3PQQ,44,1.69,Book2-SB-Tracks,2026-09-10T17:45:41.085957
AEF3e_Level_2_SB_5.11.mp3,audio,CQACAgQAAxkBAAIEy2qitIOU5QJbyVBMs-CO54uENgs2AAIcIwAC4Fz4UMbxDp96Gfu9PQQ,60,2.31,Book2-SB-Tracks,2026-09-10T17:45:41.086704
AEF3e_Level_2_SB_9.19.mp3,audio,CQACAgQAAxkBAAIE1WqitIPzPz8ovkq7H-VY88AmtvRHAAImIwAC4Fz4UMZJKQMVKyGfPQQ,65,2.49,Book2-SB-Tracks,2026-09-10T17:45:41.087277
AEF3e_Level_2_SB_6.21.mp3,audio,CQACAgQAAxkBAAIE1mqitIOYmqbczd3Xh77nWC8jW2meAAInIwAC4Fz4UNL8aZBx3v-APQQ,125,4.8,Book2-SB-Tracks,2026-09-10T17:45:41.087859
AEF3e_Level_2_SB_9.21.mp3,audio,CQACAgQAAxkBAAIEzmqitIM-v4IKZCW-MSTSECD-3NowAAIfIwAC4Fz4UNV4fK0miYRnPQQ,108,4.14,Book2-SB-Tracks,2026-09-10T17:45:41.088493
AEF3e_Level_2_SB_8.7.mp3,audio,CQACAgQAAxkBAAIE0GqitIOVqwABlzsbYGx2fZX05gUfEAACISMAAuBc-FBKbTI2rlIufD0E,59,2.29,Book2-SB-Tracks,2026-09-10T17:45:41.089223
AEF3e_Level_2_SB_8.9.mp3,audio,CQACAgQAAxkBAAIE12qitIPIqpTmnj2Yy-Sx7Ec81WseAAIoIwAC4Fz4UGZceMRrgdzbPQQ,46,1.77,Book2-SB-Tracks,2026-09-10T17:45:41.090098
AEF3e_Level_2_SB_5.9.mp3,audio,CQACAgQAAxkBAAIE0WqitIPW5UkrvIx9DzZydIVOcUw7AAIiIwAC4Fz4UK96f5pHov12PQQ,35,1.36,Book2-SB-Tracks,2026-09-10T17:45:41.090977
AEF3e_Level_2_SB_11.19.mp3,audio,CQACAgQAAxkBAAIE02qitIPkVlLFqhfiHJqtDArzyBVJAAIkIwAC4Fz4UGCp3hzapyv1PQQ,27,1.05,Book2-SB-Tracks,2026-09-10T17:45:41.091976
AEF3e_Level_2_SB_8.5.mp3,audio,CQACAgQAAxkBAAIE2GqitIPrXUFU9m6gwPtgshOFVU4cAAIpIwAC4Fz4UGTV4RXGKUCyPQQ,68,2.6,Book2-SB-Tracks,2026-09-10T17:45:41.093114
AEF3e_Level_2_SB_3.24.mp3,audio,CQACAgQAAxkBAAIE2WqitIP3REqnfCUs6JO3kD3nf8PnAAIqIwAC4Fz4ULV2gVzmZvoRPQQ,85,3.26,Book2-SB-Tracks,2026-09-10T17:45:41.093775
AEF3e_Level_2_SB_3.20.mp3,audio,CQACAgQAAxkBAAIE2mqitINC_oYXGEuLYo7PadXtTza4AAIrIwAC4Fz4UEMGKjXcsIlKPQQ,88,3.39,Book2-SB-Tracks,2026-09-10T17:45:41.094612
AEF3e_Level_2_SB_2.6.mp3,audio,CQACAgQAAxkBAAIE22qitINxc39s00cqpw7iDTG20bEfAAIsIwAC4Fz4UL9RbuDUhGVPPQQ,59,2.25,Book2-SB-Tracks,2026-09-10T17:45:41.095297
AEF3e_Level_2_SB_11.25.mp3,audio,CQACAgQAAxkBAAIEzGqitIOkOhedQvKO2UZKltYFZchVAAIdIwAC4Fz4UMZ59VwwinNMPQQ,127,4.86,Book2-SB-Tracks,2026-09-10T17:45:41.096034
AEF3e_Level_2_SB_11.21.mp3,audio,CQACAgQAAxkBAAIEzWqitIPBox5IrBmSgQABQ2fMxBln7AACHiMAAuBc-FA2_5206pYyMT0E,23,0.9,Book2-SB-Tracks,2026-09-10T17:45:41.096662
AEF3e_Level_2_SB_9.17.mp3,audio,CQACAgQAAxkBAAIE3GqitIOss5qlKXOJxFdW__0o5VZyAAItIwAC4Fz4UH2WYi2Q_8EFPQQ,96,3.69,Book2-SB-Tracks,2026-09-10T17:45:41.097415
AEF3e_Level_2_SB_11.10.mp3,audio,CQACAgQAAxkBAAIE3WqitIMjzM51f8sZEoJFyBaOETnMAAIuIwAC4Fz4UFudwOpuGX6SPQQ,28,1.09,Book2-SB-Tracks,2026-09-10T17:45:41.098182
AEF3e_Level_2_SB_7.2.mp3,audio,CQACAgQAAxkBAAIEz2qitIPUsw3J76sILObAVkqN8C2uAAIgIwAC4Fz4UMFJc0ojhlMQPQQ,100,3.85,Book2-SB-Tracks,2026-09-10T17:45:41.098986
AEF3e_Level_2_SB_8.3.mp3,audio,CQACAgQAAxkBAAIE3mqitIOn8xEdUIiIhfCMLtxDghDNAAIvIwAC4Fz4UERcZ3BUekEiPQQ,25,0.97,Book2-SB-Tracks,2026-09-10T17:45:41.099820
AEF3e_Level_2_SB_6.12.mp3,audio,CQACAgQAAxkBAAIE32qitIPglIFAgkIJ8Wo7lRLODbwgAAIwIwAC4Fz4UD9Q6ZySBwhmPQQ,45,1.76,Book2-SB-Tracks,2026-09-10T17:45:41.100745
AEF3e_Level_2_SB_3.18.mp3,audio,CQACAgQAAxkBAAIE4GqitIMQ04K3wOicxnHZDX5BGoPUAAIxIwAC4Fz4UIF2BmYroDTiPQQ,47,1.81,Book2-SB-Tracks,2026-09-10T17:45:41.102536
AEF3e_Level_2_SB_2.8.mp3,audio,CQACAgQAAxkBAAIE4WqitIPjFWooCjeyrvUlRCbkeeuMAAIyIwAC4Fz4UKVO2znHqG4ZPQQ,73,2.8,Book2-SB-Tracks,2026-09-10T17:45:41.103287
AEF3e_Level_2_SB_2.4.mp3,audio,CQACAgQAAxkBAAIE4mqitINjN0HzoAUEW1KWPBl48oV6AAIzIwAC4Fz4UN6N-J23C7AkPQQ,32,1.26,Book2-SB-Tracks,2026-09-10T17:45:41.103924
AEF3e_Level_2_SB_9.15.mp3,audio,CQACAgQAAxkBAAIE42qitIPnlq3Aye_jzeO9xL5S-RHbAAI0IwAC4Fz4UNDIEVl6uiTOPQQ,29,1.15,Book2-SB-Tracks,2026-09-10T17:45:41.104987
AEF3e_Level_2_SB_3.22.mp3,audio,CQACAgQAAxkBAAIE0mqitIMHMn6cWx5ORwjNrfj_LnpPAAIjIwAC4Fz4UEUal7upa-14PQQ,77,2.95,Book2-SB-Tracks,2026-09-10T17:45:41.105730
AEF3e_Level_2_SB_11.12.mp3,audio,CQACAgQAAxkBAAIE5GqitIO88oZN9NJQ6zHt7cne_lrYAAI1IwAC4Fz4UEPP0LdBspytPQQ,97,3.72,Book2-SB-Tracks,2026-09-10T17:45:41.106539
AEF3e_Level_2_SB_11.8.mp3,audio,CQACAgQAAxkBAAIE5WqitINN9BJXqbFzfF13RbJm0dh6AAI3IwAC4Fz4UIri0FwG3_iwPQQ,102,3.91,Book2-SB-Tracks,2026-09-10T17:45:41.107614
AEF3e_Level_2_SB_6.14.mp3,audio,CQACAgQAAxkBAAIE5mqitIPXcI0DQ9idkPjBzCClJp0RAAI4IwAC4Fz4UEWUDcBJwzvAPQQ,90,3.44,Book2-SB-Tracks,2026-09-10T17:45:41.108822
AEF3e_Level_2_SB_6.10.mp3,audio,CQACAgQAAxkBAAIE52qitINX0pmJ07wbFsPX1XBdTerZAAI5IwAC4Fz4UKq-KjbPsqzlPQQ,23,0.89,Book2-SB-Tracks,2026-09-10T17:45:41.109691
AEF3e_Level_2_SB_4.25.mp3,audio,CQACAgQAAxkBAAIE6GqitIMpRsW9qHmWYjdFwUgWs22mAAI6IwAC4Fz4UBlFzOoY2qDXPQQ,99,3.81,Book2-SB-Tracks,2026-09-10T17:45:41.110379
AEF3e_Level_2_SB_2.2.mp3,audio,CQACAgQAAxkBAAIE6WqitIMZ5cYT1WtAmsflmFuXHuGqAAI7IwAC4Fz4UAUNJsKpcoNAPQQ,41,1.58,Book2-SB-Tracks,2026-09-10T17:45:41.111031
AEF3e_Level_2_SB_3.9.mp3,audio,CQACAgQAAxkBAAIE6mqitINNudGn1AeJO96tckiin6laAAI8IwAC4Fz4UDpUrreLuo7JPQQ,120,4.61,Book2-SB-Tracks,2026-09-10T17:45:41.111640
AEF3e_Level_2_SB_11.6.mp3,audio,CQACAgQAAxkBAAIE62qitIPkmFmgKfuUVpAMqtjU6CcHAAI_IwAC4Fz4UCqWhbtct8RGPQQ,111,4.25,Book2-SB-Tracks,2026-09-10T17:45:41.112315
AEF3e_Level_2_SB_9.6.mp3,audio,CQACAgQAAxkBAAIE7GqitIPe4PSvIlp9evkICl4WkcRaAAJBIwAC4Fz4UBZ3Zm5ppmK0PQQ,209,8.01,Book2-SB-Tracks,2026-09-10T17:45:41.112934
AEF3e_Level_2_SB_6.8.mp3,audio,CQACAgQAAxkBAAIE7WqitIOvGlRCy6ye10NdkrLZKW5JAAJDIwAC4Fz4UOv1cl1vwVOgPQQ,165,6.31,Book2-SB-Tracks,2026-09-10T17:45:41.113686
AEF3e_Level_2_SB_5.2.mp3,audio,CQACAgQAAxkBAAIE7mqitINQp85nLxWnRbpD1Ms0ucVlAAJEIwAC4Fz4UPDAJpW6xhlWPQQ,32,1.24,Book2-SB-Tracks,2026-09-10T17:45:41.114600
AEF3e_Level_2_SB_4.23.mp3,audio,CQACAgQAAxkBAAIE72qitIPEC4bUmtnLu9Ry-a7ZaN_YAAJFIwAC4Fz4UAABNu7sfqWW2j0E,47,1.81,Book2-SB-Tracks,2026-09-10T17:45:41.115577
AEF3e_Level_2_SB_1.34.mp3,audio,CQACAgQAAxkBAAIE8GqitIPbu7AJpwnwBKJXgrL5FHRiAAJGIwAC4Fz4UHTBEl28A-PxPQQ,34,1.31,Book2-SB-Tracks,2026-09-10T17:45:41.116856
AEF3e_Level_2_SB_3.11.mp3,audio,CQACAgQAAxkBAAIE8WqitIP5vG1XCb7AWYnlOReyQTkYAAJHIwAC4Fz4UL0ckHKJutslPQQ,33,1.28,Book2-SB-Tracks,2026-09-10T17:45:41.117532
AEF3e_Level_2_SB_3.7.mp3,audio,CQACAgQAAxkBAAIE8mqitIMov_03oo4SKUW_S9S5YlzdAAJIIwAC4Fz4UIpfmXgqDV-hPQQ,106,4.06,Book2-SB-Tracks,2026-09-10T17:45:41.118146
AEF3e_Level_2_SB_9.8.mp3,audio,CQACAgQAAxkBAAIE82qitIPJfzj8eLpHy9JXPCsz4HtjAAJJIwAC4Fz4UPnEuJE2oJk6PQQ,45,1.75,Book2-SB-Tracks,2026-09-10T17:45:41.118781
AEF3e_Level_2_SB_9.4.mp3,audio,CQACAgQAAxkBAAIE9GqitIO67S0FJ1KWuwaJSpCT8fTgAAJLIwAC4Fz4UPUhU8XVQ84SPQQ,175,6.7,Book2-SB-Tracks,2026-09-10T17:45:41.119558
AEF3e_Level_2_SB_7.19.mp3,audio,CQACAgQAAxkBAAIE9WqitIM6EoVF6E5-ftJuHMTcnkIPAAJMIwAC4Fz4UNJt5bjzv9Q0PQQ,32,1.25,Book2-SB-Tracks,2026-09-10T17:45:41.120194
AEF3e_Level_2_SB_4.21.mp3,audio,CQACAgQAAxkBAAIE9mqitIPS2aXMHWUoeQERwv0xiPR3AAJNIwAC4Fz4UOJG7HWdzvBBPQQ,83,3.18,Book2-SB-Tracks,2026-09-10T17:45:41.120837
AEF3e_Level_2_SB_5.26.mp3,audio,CQACAgQAAxkBAAIE92qitIOZjzzUTSl5pW7yjntVlocSAAJOIwAC4Fz4UBFUyoD8SHtRPQQ,103,3.94,Book2-SB-Tracks,2026-09-10T17:45:41.121482
AEF3e_Level_2_SB_3.5.mp3,audio,CQACAgQAAxkBAAIE-GqitIPV6_vseOohOfc4rH-mWldbAAJPIwAC4Fz4UJnNLzRmJY6gPQQ,37,1.45,Book2-SB-Tracks,2026-09-10T17:45:41.122337
AEF3e_Level_2_SB_1.25.mp3,audio,CQACAgQAAxkBAAIE-WqitINhkiHo8R5cpspsei1-wxP1AAJQIwAC4Fz4UB2QjWo7Y1rhPQQ,51,1.96,Book2-SB-Tracks,2026-09-10T17:45:41.123130
AEF3e_Level_2_SB_2.20.mp3,audio,CQACAgQAAxkBAAIE-mqitIPYa67XZeT5Ue0xQFCBCKALAAJRIwAC4Fz4UJ8NikV5E4mGPQQ,37,1.43,Book2-SB-Tracks,2026-09-10T17:45:41.124064
AEF3e_Level_2_SB_9.20.mp3,audio,CQACAgQAAxkBAAIE-2qitIP0eIaj2Sm6LRHq_Jw_woZVAAJSIwAC4Fz4UI0IVWTijfmqPQQ,82,3.15,Book2-SB-Tracks,2026-09-10T17:45:41.125286
AEF3e_Level_2_SB_9.5.mp3,audio,CQACAgQAAxkBAAIE_GqitIMXxRwuO-2HMEv95FhIZE3dAAJTIwAC4Fz4UGD3y-0asAspPQQ,38,1.48,Book2-SB-Tracks,2026-09-10T17:45:41.125959
AEF3e_Level_2_SB_8.17.mp3,audio,CQACAgQAAxkBAAIE_WqitINs9TBN7j0oXZF_AAFyNUSptgACVCMAAuBc-FDCRv_PAlKfRj0E,26,1.02,Book2-SB-Tracks,2026-09-10T17:45:41.126619
AEF3e_Level_2_SB_5.8.mp3,audio,CQACAgQAAxkBAAIE_mqitIMni1zbBAy78G6VJUwTojoGAAJVIwAC4Fz4UPj2D_YnA9ktPQQ,171,6.54,Book2-SB-Tracks,2026-09-10T17:45:41.127241
AEF3e_Level_2_SB_1.33.mp3,audio,CQACAgQAAxkBAAIE_2qitINYKGsSKl1TfCD0oPoceNxgAAJWIwAC4Fz4ULge7ZRrDL2rPQQ,102,3.92,Book2-SB-Tracks,2026-09-10T17:45:41.127857
AEF3e_Level_2_SB_1.18.mp3,audio,CQACAgQAAxkBAAIFAAFqorSDbUhMCjoEEVZUuGLdf3-fKQACVyMAAuBc-FD-nbFBKkeHlz0E,39,1.51,Book2-SB-Tracks,2026-09-10T17:45:41.128519
AEF3e_Level_2_SB_1.3.mp3,audio,CQACAgQAAxkBAAIFAWqitIPkV3ZA6J0gAAFRfmfzGJkY_gACWCMAAuBc-FCiCvMO3aq3oz0E,37,1.42,Book2-SB-Tracks,2026-09-10T17:45:41.129150
AEF3e_Level_2_SB_5.27.mp3,audio,CQACAgQAAxkBAAIFAmqitIM4kun-lbQBIpp4zz0UYckJAAJZIwAC4Fz4UDAGVY6184eEPQQ,34,1.31,Book2-SB-Tracks,2026-09-10T17:45:41.130006
AEF3e_Level_2_SB_2.18.mp3,audio,CQACAgQAAxkBAAIFA2qitIPLBicvOhB4zp__Y3TPksV0AAJaIwAC4Fz4UIC8nQTJlkJRPQQ,13,0.54,Book2-SB-Tracks,2026-09-10T17:45:41.130917
AEF3e_Level_2_SB_9.18.mp3,audio,CQACAgQAAxkBAAIFBGqitIOCYIN5g-XUMEJLPHFtJ3xBAAJbIwAC4Fz4UA2UqizleXybPQQ,24,0.95,Book2-SB-Tracks,2026-09-10T17:45:41.131822
AEF3e_Level_2_SB_9.3.mp3,audio,CQACAgQAAxkBAAIFBWqitIPvrgxdbIrejlBush00IC3EAAJcIwAC4Fz4UIrya7sP5a0GPQQ,27,1.04,Book2-SB-Tracks,2026-09-10T17:45:41.133089
AEF3e_Level_2_SB_8.15.mp3,audio,CQACAgQAAxkBAAIFBmqitIPUifPCkTjdwqyD-Z09M1mmAAJdIwAC4Fz4UHkRDUC8K-k_PQQ,191,7.3,Book2-SB-Tracks,2026-09-10T17:45:41.133916
AEF3e_Level_2_SB_5.6.mp3,audio,CQACAgQAAxkBAAIFB2qitIOHLNudh6uJzKTcJmpdaP6-AAJeIwAC4Fz4UMTBpx_XgUpSPQQ,49,1.91,Book2-SB-Tracks,2026-09-10T17:45:41.134752
AEF3e_Level_2_SB_1.31.mp3,audio,CQACAgQAAxkBAAIFCGqitINtDNGoeEE80QLJBdUuAUMZAAJfIwAC4Fz4UJuCdBIoTWJVPQQ,52,1.99,Book2-SB-Tracks,2026-09-10T17:45:41.135398
AEF3e_Level_2_SB_1.16.mp3,audio,CQACAgQAAxkBAAIFCWqitIPOfUNZvTWQVZrwCj6VTcFPAAJgIwAC4Fz4UGRh5XOCv8hMPQQ,33,1.27,Book2-SB-Tracks,2026-09-10T17:45:41.136035
AEF3e_Level_2_SB_7.7.mp3,audio,CQACAgQAAxkBAAIFCmqitIOO_Qz8YoTeVJOyJ_OtzHiZAAJhIwAC4Fz4UPQHuS7knZ7cPQQ,35,1.36,Book2-SB-Tracks,2026-09-10T17:45:41.136637
AEF3e_Level_2_SB_6.13.mp3,audio,CQACAgQAAxkBAAIFC2qitIOA0Vak64pJCmjLohIeMtmcAAJiIwAC4Fz4UM_DQ-y6IzbQPQQ,62,2.38,Book2-SB-Tracks,2026-09-10T17:45:41.137273
AEF3e_Level_2_SB_5.25.mp3,audio,CQACAgQAAxkBAAIFDGqitIN-erwnid-gCN1t3lEzmNQKAAJjIwAC4Fz4UAPpCVLchhCzPQQ,136,5.22,Book2-SB-Tracks,2026-09-10T17:45:41.137875
AEF3e_Level_2_SB_2.16.mp3,audio,CQACAgQAAxkBAAIFDWqitIN3_uBQ2kdWvOJKxT_URdGHAAJkIwAC4Fz4UOohabh40S81PQQ,154,5.88,Book2-SB-Tracks,2026-09-10T17:45:41.138482
AEF3e_Level_2_SB_9.16.mp3,audio,CQACAgQAAxkBAAIFDmqitIPMO-wx83hdPalsWO8nbVEmAAJlIwAC4Fz4UPzyfjRQYAvhPQQ,193,7.36,Book2-SB-Tracks,2026-09-10T17:45:41.139294
AEF3e_Level_2_SB_9.1.mp3,audio,CQACAgQAAxkBAAIFD2qitIPnkFT98hJWOVHzBxvWM6EfAAJmIwAC4Fz4UJT9hiiiRNPYPQQ,75,2.89,Book2-SB-Tracks,2026-09-10T17:45:41.140223
AEF3e_Level_2_SB_8.13.mp3,audio,CQACAgQAAxkBAAIFEGqitIMO-4NSe2GCTKC_1wT4OFfTAAJnIwAC4Fz4ULD9gEEQhAdRPQQ,45,1.74,Book2-SB-Tracks,2026-09-10T17:45:41.141621
AEF3e_Level_2_SB_5.4.mp3,audio,CQACAgQAAxkBAAIFEWqitIPq7EA-xpqQxjIYoFVZjwhdAAJoIwAC4Fz4UA6SvNdlDhoHPQQ,29,1.11,Book2-SB-Tracks,2026-09-10T17:45:41.142362
AEF3e_Level_2_SB_1.29.mp3,audio,CQACAgQAAxkBAAIFEmqitIPur2EzltpXhHaJ5dcEsNc4AAJpIwAC4Fz4UMwOznsjAAGG3z0E,73,2.8,Book2-SB-Tracks,2026-09-10T17:45:41.143010
AEF3e_Level_2_SB_10.13.mp3,audio,CQACAgQAAxkBAAIFE2qitIPRZ-89n0QEosTgWSFY9L-bAAJqIwAC4Fz4UKmERBxj3GrgPQQ,171,6.55,Book2-SB-Tracks,2026-09-10T17:45:41.143650
AEF3e_Level_2_SB_7.5.mp3,audio,CQACAgQAAxkBAAIFFGqitIMRVXUUjuK7sxvi_c6y3gWlAAJrIwAC4Fz4UCZXz3QGuTz0PQQ,104,3.98,Book2-SB-Tracks,2026-09-10T17:45:41.144512
AEF3e_Level_2_SB_6.11.mp3,audio,CQACAgQAAxkBAAIFFWqitIOwcr8lXyqJkxfipXQx90UhAAJsIwAC4Fz4UJmfv86dDRgsPQQ,60,2.32,Book2-SB-Tracks,2026-09-10T17:45:41.145177
AEF3e_Level_2_SB_5.23.mp3,audio,CQACAgQAAxkBAAIFFmqitIMN3F3PCcdDwOXvvyQzPj3qAAJtIwAC4Fz4UBkx7Z3x6VZ3PQQ,56,2.18,Book2-SB-Tracks,2026-09-10T17:45:41.145795
AEF3e_Level_2_SB_2.14.mp3,audio,CQACAgQAAxkBAAIFF2qitIMV40f0FkEdCbK_PeyR9NgVAAJuIwAC4Fz4UOSF_hXbdObMPQQ,39,1.51,Book2-SB-Tracks,2026-09-10T17:45:41.146467
AEF3e_Level_2_SB_9.14.mp3,audio,CQACAgQAAxkBAAIFGGqitIPwolTnSGcYMcE6-JbBNncMAAJvIwAC4Fz4UDYzqoDgIeySPQQ,37,1.42,Book2-SB-Tracks,2026-09-10T17:45:41.147351
AEF3e_Level_2_SB_8.26.mp3,audio,CQACAgQAAxkBAAIFGWqitINAHQwVBU0-oIeiJwT8iZJ1AAJwIwAC4Fz4UDYUWEORMlYXPQQ,44,1.68,Book2-SB-Tracks,2026-09-10T17:45:41.148246
AEF3e_Level_2_SB_8.11.mp3,audio,CQACAgQAAxkBAAIFGmqitIPufddBvfvE1DK8nXxA-tu5AAJxIwAC4Fz4UBZB2IJekz5RPQQ,115,4.41,Book2-SB-Tracks,2026-09-10T17:45:41.149262
AEF3e_Level_2_SB_3.10.mp3,audio,CQACAgQAAxkBAAIFG2qitIPH-ndmHDKnJ1Fc3ec-O38SAAJyIwAC4Fz4UHhLXw-fE85cPQQ,74,2.84,Book2-SB-Tracks,2026-09-10T17:45:41.150501
AEF3e_Level_2_SB_10.11.mp3,audio,CQACAgQAAxkBAAIFHGqitIMFjWKcj3Z4qaxsCrmuO2D1AAJzIwAC4Fz4UCN1XBI0_99_PQQ,20,0.78,Book2-SB-Tracks,2026-09-10T17:45:41.151291
AEF3e_Level_2_SB_7.3.mp3,audio,CQACAgQAAxkBAAIFHWqitIN14QS5zKGmD4ALhD89U2yLAAJ0IwAC4Fz4UGiMGCcbHr6IPQQ,41,1.58,Book2-SB-Tracks,2026-09-10T17:45:41.151892
AEF3e_Level_2_SB_6.9.mp3,audio,CQACAgQAAxkBAAIFHmqitIPBgFBEQkKIPC0YhRx5GQQBAAJ1IwAC4Fz4UHUJtNXG9TwaPQQ,83,3.17,Book2-SB-Tracks,2026-09-10T17:45:41.152470
AEF3e_Level_2_SB_5.21.mp3,audio,CQACAgQAAxkBAAIFH2qitIP8inVWR22y45mjbGYNOjGhAAJ2IwAC4Fz4UAlHUKTzF5GdPQQ,96,3.66,Book2-SB-Tracks,2026-09-10T17:45:41.153249
AEF3e_Level_2_SB_2.12.mp3,audio,CQACAgQAAxkBAAIFIGqitIPanc6mOatwQiAnnKqjX-YbAAJ3IwAC4Fz4UKY0b8-fFs10PQQ,13,0.52,Book2-SB-Tracks,2026-09-10T17:45:41.153983
AEF3e_Level_2_SB_9.12.mp3,audio,CQACAgQAAxkBAAIFIWqitIMq0TxTsWovNA6YbsPcjAnLAAJ4IwAC4Fz4UNj3NnFSKf4lPQQ,34,1.31,Book2-SB-Tracks,2026-09-10T17:45:41.154792
AEF3e_Level_2_SB_3.8.mp3,audio,CQACAgQAAxkBAAIFJWqitIOLTkyZqVf0yREm6sL58pz6AAJ8IwAC4Fz4UAig_jToAAGP2T0E,34,1.34,Book2-SB-Tracks,2026-09-10T17:45:41.250137
AEF3e_Level_2_SB_10.9.mp3,audio,CQACAgQAAxkBAAIFJmqitIOpQ9Bx3KgYB6NPDosh5Z8BAAJ9IwAC4Fz4UL3Aj_bhDfd8PQQ,47,1.83,Book2-SB-Tracks,2026-09-10T17:45:41.251155
AEF3e_Level_2_SB_7.1.mp3,audio,CQACAgQAAxkBAAIFJ2qitIO6cgkrqM3DrgOehEGRFvZxAAJ-IwAC4Fz4UJUAAa54x701jD0E,216,8.26,Book2-SB-Tracks,2026-09-10T17:45:41.252053
AEF3e_Level_2_SB_5.19.mp3,audio,CQACAgQAAxkBAAIFKWqitINSLlyGj2XdPSkJYsm-3dOOAAKAIwAC4Fz4UI_85wYSX9ZyPQQ,18,0.69,Book2-SB-Tracks,2026-09-10T17:45:41.252875
AEF3e_Level_2_SB_4.13.mp3,audio,CQACAgQAAxkBAAIFI2qitINwghia42compZyMhtBnJ-xAAJ6IwAC4Fz4UEnlz2jXcXmyPQQ,47,1.81,Book2-SB-Tracks,2026-09-10T17:45:41.253756
AEF3e_Level_2_SB_3.23.mp3,audio,CQACAgQAAxkBAAIFJGqitIPzO3jgPT0AAfdifZSiTgdx6QACeyMAAuBc-FAV9fkYR8Tu3j0E,106,4.05,Book2-SB-Tracks,2026-09-10T17:45:41.254574
AEF3e_Level_2_SB_9.10.mp3,audio,CQACAgQAAxkBAAIFK2qitIMiBnmRafCrKNjx0CMk3reBAAKCIwAC4Fz4UN1l8PLLeL8KPQQ,48,1.84,Book2-SB-Tracks,2026-09-10T17:45:41.256205
AEF3e_Level_2_SB_6.7.mp3,audio,CQACAgQAAxkBAAIFKGqitIM1NduJM7k8vGelWCoY0i2gAAJ_IwAC4Fz4UGB2otDQtf8cPQQ,54,2.08,Book2-SB-Tracks,2026-09-10T17:45:41.257750
AEF3e_Level_2_SB_8.24.mp3,audio,CQACAgQAAxkBAAIFImqitIMBotcjbhtCukh8lB3UNI-DAAJ5IwAC4Fz4UJT9PwUjtT3IPQQ,99,3.8,Book2-SB-Tracks,2026-09-10T17:45:41.258986
AEF3e_Level_2_SB_2.10.mp3,audio,CQACAgQAAxkBAAIFKmqitIPNbBnjFUwKqNXKbkejNIQBAAKBIwAC4Fz4UNlBk5EHtWAdPQQ,124,4.77,Book2-SB-Tracks,2026-09-10T17:45:41.260102
AEF3e_Level_2_SB_4.11.mp3,audio,CQACAgQAAxkBAAIFLmqitJxXIRYBmNHLDvNuF9UIocszAAKFIwAC4Fz4UHUU3oYKKHVSPQQ,203,7.77,Book2-SB-Tracks,2026-09-10T17:46:06.006214
AEF3e_Level_2_SB_3.6.mp3,audio,CQACAgQAAxkBAAIFMGqitJwio8p94Kfo4yvXjp3RSS3mAAKHIwAC4Fz4UAMZorP2xUR4PQQ,25,0.97,Book2-SB-Tracks,2026-09-10T17:46:06.007034
AEF3e_Level_2_SB_5.17.mp3,audio,CQACAgQAAxkBAAIFNGqitJymZ7kzoTUZ7l2COHeyb_IJAAKLIwAC4Fz4UAFLPSEPoHAnPQQ,30,1.16,Book2-SB-Tracks,2026-09-10T17:46:06.007657
AEF3e_Level_2_SB_3.4.mp3,audio,CQACAgQAAxkBAAIFOWqitJxuWYtOOCKjfKbnTAu35IXcAAKQIwAC4Fz4UI68L66VLUdaPQQ,170,6.52,Book2-SB-Tracks,2026-09-10T17:46:06.008274
AEF3e_Level_2_SB_11.11.mp3,audio,CQACAgQAAxkBAAIFNWqitJzazRWGxrRGKwPnYFQ2xLi9AAKMIwAC4Fz4UFYWrvPlDP5_PQQ,48,1.86,Book2-SB-Tracks,2026-09-10T17:46:06.008990
AEF3e_Level_2_SB_4.9.mp3,audio,CQACAgQAAxkBAAIFN2qitJxsKyPgR0e54bJptOdimGvAAAKOIwAC4Fz4UGx3jaEptWd-PQQ,36,1.38,Book2-SB-Tracks,2026-09-10T17:46:06.009697
AEF3e_Level_2_SB_10.5.mp3,audio,CQACAgQAAxkBAAIFOmqitJxnfxMyYoXvYSZC6uJuQ8GPAAKRIwAC4Fz4UDx5g0zb2ex6PQQ,92,3.52,Book2-SB-Tracks,2026-09-10T17:46:06.010356
AEF3e_Level_2_SB_6.18.mp3,audio,CQACAgQAAxkBAAIFO2qitJwY5hIAAdCX-1EmkOpDar451AACkiMAAuBc-FAixT8IVNBLOz0E,39,1.5,Book2-SB-Tracks,2026-09-10T17:46:06.011099
AEF3e_Level_2_SB_6.3.mp3,audio,CQACAgQAAxkBAAIFPGqitJzOBUM1cRtfkNWnmL4MRKh9AAKTIwAC4Fz4UFqSBEy4fHHVPQQ,130,4.96,Book2-SB-Tracks,2026-09-10T17:46:06.011714
AEF3e_Level_2_SB_11.24.mp3,audio,CQACAgQAAxkBAAIFPWqitJxyDoIOR3kBvbBgtMKSoK1uAAKUIwAC4Fz4UO2lx3sbvw8ZPQQ,111,4.26,Book2-SB-Tracks,2026-09-10T17:46:06.012549
AEF3e_Level_2_SB_6.5.mp3,audio,CQACAgQAAxkBAAIFM2qitJwisleudBT2WmXOv03SHT1_AAKKIwAC4Fz4UBADiu6jD0IgPQQ,38,1.48,Book2-SB-Tracks,2026-09-10T17:46:06.013524
AEF3e_Level_2_SB_7.20.mp3,audio,CQACAgQAAxkBAAIFLWqitJyGcrBOSvDtpMyoNrPwQve_AAKDIwAC4Fz4UPoTGIKHVHpqPQQ,57,2.18,Book2-SB-Tracks,2026-09-10T17:46:06.014531
AEF3e_Level_2_SB_3.21.mp3,audio,CQACAgQAAxkBAAIFL2qitJwy4OphKTZjkw8WB80iZjAfAAKGIwAC4Fz4UAFqT7idlHGRPQQ,55,2.11,Book2-SB-Tracks,2026-09-10T17:46:06.015332
AEF3e_Level_2_SB_11.9.mp3,audio,CQACAgQAAxkBAAIFPmqitJzCtDC6A21hUUY7zPEdbMusAAKVIwAC4Fz4UG8IsR8E_H40PQQ,49,1.9,Book2-SB-Tracks,2026-09-10T17:46:06.016008
AEF3e_Level_2_SB_7.16.mp3,audio,CQACAgQAAxkBAAIFP2qitJzcze2kOPWoTkMTdKSr1rWPAAKWIwAC4Fz4UH74lYnlqmvRPQQ,86,3.28,Book2-SB-Tracks,2026-09-10T17:46:06.016761
AEF3e_Level_2_SB_10.7.mp3,audio,CQACAgQAAxkBAAIFMWqitJymXh7zaWHFv4DwIMkAATvnbQACiCMAAuBc-FA3y1QqFVTiXj0E,77,2.97,Book2-SB-Tracks,2026-09-10T17:46:06.017544
AEF3e_Level_2_SB_4.7.mp3,audio,CQACAgQAAxkBAAIFQGqitJyCJLq5loqceRaa0qpV_LgiAAKXIwAC4Fz4UGoI02ElRDSmPQQ,43,1.66,Book2-SB-Tracks,2026-09-10T17:46:06.018170
AEF3e_Level_2_SB_6.20.mp3,audio,CQACAgQAAxkBAAIFMmqitJz_NCHP5tms8xcscaPdoYcWAAKJIwAC4Fz4UPBSMTTswJjCPQQ,29,1.12,Book2-SB-Tracks,2026-09-10T17:46:06.018775
AEF3e_Level_2_SB_3.17.mp3,audio,CQACAgQAAxkBAAIFQWqitJzEUw6nq2kw38FICnKfdjn2AAKYIwAC4Fz4UPKeBErlYB1rPQQ,67,2.57,Book2-SB-Tracks,2026-09-10T17:46:06.019413
AEF3e_Level_2_SB_3.2.mp3,audio,CQACAgQAAxkBAAIFQmqitJwZvNsGE9ssvNXs5jzdiup0AAKZIwAC4Fz4UAXNwNEAAVhFvD0E,78,2.98,Book2-SB-Tracks,2026-09-10T17:46:06.020115
AEF3e_Level_2_SB_10.3.mp3,audio,CQACAgQAAxkBAAIFQ2qitJw5zs18oF5R90Lfc8yyHpWsAAKaIwAC4Fz4UInNwL-bP50vPQQ,63,2.43,Book2-SB-Tracks,2026-09-10T17:46:06.020733
AEF3e_Level_2_SB_6.16.mp3,audio,CQACAgQAAxkBAAIFRGqitJwjHJITqq71I8cmzrlrnBLcAAKbIwAC4Fz4UCWqVjkH_o6pPQQ,42,1.64,Book2-SB-Tracks,2026-09-10T17:46:06.021310
AEF3e_Level_2_SB_5.1.mp3,audio,CQACAgQAAxkBAAIFRWqitJz0ojYaK88xHQABH0XseicgvAACnCMAAuBc-FAUAwIoQMoVbD0E,31,1.21,Book2-SB-Tracks,2026-09-10T17:46:06.021988
AEF3e_Level_2_SB_12.10.mp3,audio,CQACAgQAAxkBAAIFRmqitJwaeK8T4Sqo4lmEVyAEqM26AAKdIwAC4Fz4UFJIJLOhOGxIPQQ,176,6.72,Book2-SB-Tracks,2026-09-10T17:46:06.022938
AEF3e_Level_2_SB_11.22.mp3,audio,CQACAgQAAxkBAAIFR2qitJwqhuFGrUdDclH-5kfHvjgXAAKeIwAC4Fz4UP5Eg6NOF8gNPQQ,49,1.9,Book2-SB-Tracks,2026-09-10T17:46:06.024176
AEF3e_Level_2_SB_11.7.mp3,audio,CQACAgQAAxkBAAIFSGqitJz4IqhUuKOA7rt9tyBGDOhzAAKfIwAC4Fz4UIrxzEOQDiulPQQ,189,7.24,Book2-SB-Tracks,2026-09-10T17:46:06.024988
AEF3e_Level_2_SB_7.14.mp3,audio,CQACAgQAAxkBAAIFSWqitJzkSCAcJs0oeIGGzIlH133nAAKgIwAC4Fz4UKxM0Xxw-VQtPQQ,21,0.84,Book2-SB-Tracks,2026-09-10T17:46:06.025886
AEF3e_Level_2_SB_4.5.mp3,audio,CQACAgQAAxkBAAIFSmqitJw7YokGEPz8f_nzxGnYzdaHAAKhIwAC4Fz4UL-DgBIygFnUPQQ,21,0.82,Book2-SB-Tracks,2026-09-10T17:46:06.026605
AEF3e_Level_2_SB_3.15.mp3,audio,CQACAgQAAxkBAAIFS2qitJwtyWx95OsO1Tb4WXqQD85sAAKiIwAC4Fz4UKIfRxhZvej5PQQ,99,3.78,Book2-SB-Tracks,2026-09-10T17:46:06.027528
AEF3e_Level_2_SB_2.23.mp3,audio,CQACAgQAAxkBAAIFTGqitJy74nMTwkG_KIrAaUAaK5YkAAKjIwAC4Fz4UNlRe7IRxDh7PQQ,116,4.46,Book2-SB-Tracks,2026-09-10T17:46:06.028450
AEF3e_Level_2_SB_3.19.mp3,audio,CQACAgQAAxkBAAIFOGqitJz-iEMDHLeHUM_EsLf2g0qNAAKPIwAC4Fz4UAcCkmwxjhs9PQQ,19,0.75,Book2-SB-Tracks,2026-09-10T17:46:06.029119
AEF3e_Level_2_SB_8.8.mp3,audio,CQACAgQAAxkBAAIFTWqitJyXlNSnbLGxd5N3i6GKB0C8AAKkIwAC4Fz4UIOYEDutHbYUPQQ,32,1.25,Book2-SB-Tracks,2026-09-10T17:46:06.029804
AEF3e_Level_2_SB_4.24.mp3,audio,CQACAgQAAxkBAAIFTmqitJwhuSR1HlDi3Wa_jVZby0Q9AAKlIwAC4Fz4UBR0AmbFjARKPQQ,114,4.38,Book2-SB-Tracks,2026-09-10T17:46:06.030770
AEF3e_Level_2_SB_12.8.mp3,audio,CQACAgQAAxkBAAIFT2qitJxtfMhufIgrej9_PXP5KlAjAAKmIwAC4Fz4ULP6i0vRDzfTPQQ,29,1.12,Book2-SB-Tracks,2026-09-10T17:46:06.032276
AEF3e_Level_2_SB_11.20.mp3,audio,CQACAgQAAxkBAAIFUGqitJxAeduFLTj0xyF655gJ3DHfAAKnIwAC4Fz4UN00vhwTYdEEPQQ,100,3.82,Book2-SB-Tracks,2026-09-10T17:46:06.033394
AEF3e_Level_2_SB_11.5.mp3,audio,CQACAgQAAxkBAAIFUWqitJwo7lF4qdY6uZyeuFW5wJr6AAKoIwAC4Fz4UPDd-h5y-f-5PQQ,32,1.25,Book2-SB-Tracks,2026-09-10T17:46:06.034568
AEF3e_Level_2_SB_7.12.mp3,audio,CQACAgQAAxkBAAIFUmqitJxBWMILlYtEvQABZAu_mHgwlwACqSMAAuBc-FDu1T3q5E1xYz0E,41,1.59,Book2-SB-Tracks,2026-09-10T17:46:06.035401
AEF3e_Level_2_SB_4.3.mp3,audio,CQACAgQAAxkBAAIFU2qitJw2-eyD-tqvnllrXr8Xh6_9AAKqIwAC4Fz4UCE3IdoWCNlLPQQ,62,2.39,Book2-SB-Tracks,2026-09-10T17:46:06.036124
AEF3e_Level_2_SB_3.13.mp3,audio,CQACAgQAAxkBAAIFVGqitJy31g8SjrotohATLtZCUKfhAAKrIwAC4Fz4UEaBjxDE8sGSPQQ,24,0.95,Book2-SB-Tracks,2026-09-10T17:46:06.036700
AEF3e_Level_2_SB_1.13.mp3,audio,CQACAgQAAxkBAAIFVWqitJxC50MDvt7yyu6iQps8c-xkAAKsIwAC4Fz4UFFauu2gqIbcPQQ,62,2.38,Book2-SB-Tracks,2026-09-10T17:46:06.037507
AEF3e_Level_2_SB_8.6.mp3,audio,CQACAgQAAxkBAAIFVmqitJyXYOTx8kY8yEeErBm59CIGAAKtIwAC4Fz4UHhrMQg4KgKfPQQ,50,1.93,Book2-SB-Tracks,2026-09-10T17:46:06.038292
AEF3e_Level_2_SB_7.18.mp3,audio,CQACAgQAAxkBAAIFNmqitJw5Gp6RTPXQDyKKONDquwl-AAKNIwAC4Fz4UFTcQ4dIPcitPQQ,90,3.44,Book2-SB-Tracks,2026-09-10T17:46:06.039274
AEF3e_Level_2_SB_4.22.mp3,audio,CQACAgQAAxkBAAIFV2qitJziEy0Cy8pf4NAXbd4huj3vAAKuIwAC4Fz4UKqBUBVlWoy1PQQ,71,2.72,Book2-SB-Tracks,2026-09-10T17:46:06.040675
AEF3e_Level_2_SB_12.6.mp3,audio,CQACAgQAAxkBAAIFWGqitJwYmr2x8zbUkVg9A0tQFKKKAAKvIwAC4Fz4UMAdAAFPlXK8Kz0E,117,4.49,Book2-SB-Tracks,2026-09-10T17:46:06.041755
AEF3e_Level_2_SB_11.18.mp3,audio,CQACAgQAAxkBAAIFWWqitJyjaUddKCjeGyMZ6X5noTM4AAKxIwAC4Fz4UMHuI44jPwxgPQQ,81,3.11,Book2-SB-Tracks,2026-09-10T17:46:06.042663
AEF3e_Level_2_SB_11.3.mp3,audio,CQACAgQAAxkBAAIFWmqitJxycaq6WkLPZ1HT9rXV1FEFAAKyIwAC4Fz4UAIB2qNMsFCWPQQ,35,1.37,Book2-SB-Tracks,2026-09-10T17:46:06.043413
AEF3e_Level_2_SB_7.10.mp3,audio,CQACAgQAAxkBAAIFW2qitJxY_FPiJ1_-fLGi5k48ZuuCAAKzIwAC4Fz4UOQpY5vTl94UPQQ,39,1.51,Book2-SB-Tracks,2026-09-10T17:46:06.044116
AEF3e_Level_2_SB_4.1.mp3,audio,CQACAgQAAxkBAAIFXGqitJz-AAEJH2tuRQb_MOQk1VCq2wACtCMAAuBc-FBFHoiBoMFmAAE9BA,88,3.37,Book2-SB-Tracks,2026-09-10T17:46:06.044848
AEF3e_Level_2_SB_2.7.mp3,audio,CQACAgQAAxkBAAIFXWqitJzRcxfeTXy-xPVCEA7vzGmzAAK1IwAC4Fz4UGJfIZ1kuwPnPQQ,51,1.95,Book2-SB-Tracks,2026-09-10T17:46:06.045447
AEF3e_Level_2_SB_1.26.mp3,audio,CQACAgQAAxkBAAIFXmqitJwXvx_kzzaDi0fdETci_qSWAAK2IwAC4Fz4UHZqNNgdx2OcPQQ,26,1.03,Book2-SB-Tracks,2026-09-10T17:46:06.046023
AEF3e_Level_2_SB_1.11.mp3,audio,CQACAgQAAxkBAAIFX2qitJwf5kWW0rlQfGvqxcCUEcXfAAK3IwAC4Fz4UO3IXyd0VTTIPQQ,76,2.9,Book2-SB-Tracks,2026-09-10T17:46:06.046825
AEF3e_Level_2_SB_8.4.mp3,audio,CQACAgQAAxkBAAIFYGqitJwu-4AkloF6VdRq1jgJm699AAK4IwAC4Fz4UKkYxHuS8eADPQQ,32,1.23,Book2-SB-Tracks,2026-09-10T17:46:06.048454
AEF3e_Level_2_SB_4.20.mp3,audio,CQACAgQAAxkBAAIFYWqitJzMoyjBUD3fnqZEKbQvwn0JAAK5IwAC4Fz4UFjmzMqKB23uPQQ,20,0.78,Book2-SB-Tracks,2026-09-10T17:46:06.049902
AEF3e_Level_2_SB_12.4.mp3,audio,CQACAgQAAxkBAAIFYmqitJzhHdam-JaEBUfHDC_CwdVrAAK6IwAC4Fz4UCwy-kV98UqJPQQ,73,2.8,Book2-SB-Tracks,2026-09-10T17:46:06.050861
AEF3e_Level_2_SB_11.16.mp3,audio,CQACAgQAAxkBAAIFY2qitJwcTuA-fw9h4g0uvDR3PJkqAAK7IwAC4Fz4UNUiJlssdQWsPQQ,155,5.94,Book2-SB-Tracks,2026-09-10T17:46:06.051513
AEF3e_Level_2_SB_11.1.mp3,audio,CQACAgQAAxkBAAIFZGqitJzKFQjwQ0p5VSHbRWAHR03XAAK8IwAC4Fz4ULW-ULXBwnljPQQ,243,9.3,Book2-SB-Tracks,2026-09-10T17:46:06.052208
AEF3e_Level_2_SB_5.14.mp3,audio,CQACAgQAAxkBAAIFZWqitJzu1b9RYcD6HkFcSA1okj11AAK9IwAC4Fz4UL8hY8lqw78KPQQ,58,2.23,Book2-SB-Tracks,2026-09-10T17:46:06.053222
AEF3e_Level_2_SB_2.5.mp3,audio,CQACAgQAAxkBAAIFZmqitJyAI3F09NGjJL50nv-C91wCAAK-IwAC4Fz4UOpkz6THU0bZPQQ,34,1.31,Book2-SB-Tracks,2026-09-10T17:46:06.054043
AEF3e_Level_2_SB_1.24.mp3,audio,CQACAgQAAxkBAAIFZ2qitJz5c84K3_pKkd-OdPfJfNHUAAK_IwAC4Fz4UL20YvuZlaq4PQQ,27,1.07,Book2-SB-Tracks,2026-09-10T17:46:06.054868
AEF3e_Level_2_SB_1.9.mp3,audio,CQACAgQAAxkBAAIFaGqitJwOs8sujFV8zNMfX1TengABxwACwCMAAuBc-FAR1IImy-w8Cz0E,78,3,Book2-SB-Tracks,2026-09-10T17:46:06.055791
AEF3e_Level_2_SB_8.2.mp3,audio,CQACAgQAAxkBAAIFaWqitJyk9_u1NQABycDHiV0ICICeygACwSMAAuBc-FCnRW2sSIlU2z0E,28,1.1,Book2-SB-Tracks,2026-09-10T17:46:06.057139
AEF3e_Level_2_SB_4.18.mp3,audio,CQACAgQAAxkBAAIFamqitJz4vKTVPTGoE8DyKLZzyrHJAALCIwAC4Fz4UL7lLxZ09hpgPQQ,14,0.55,Book2-SB-Tracks,2026-09-10T17:46:06.058153
AEF3e_Level_2_SB_12.2.mp3,audio,CQACAgQAAxkBAAIFa2qitJxTq0OZhhvitJPvbnjBB3QkAALDIwAC4Fz4UMMdDa6_7U-mPQQ,35,1.35,Book2-SB-Tracks,2026-09-10T17:46:06.058885
AEF3e_Level_2_SB_11.14.mp3,audio,CQACAgQAAxkBAAIFbGqitJx3L4QUR2NFdq0dk0ARAAFQTQACxCMAAuBc-FDN_ms8uRmDlD0E,156,5.97,Book2-SB-Tracks,2026-09-10T17:46:06.059635
AEF3e_Level_2_SB_8.21.mp3,audio,CQACAgQAAxkBAAIFbWqitJwDaEirb2PryiqniKhxFS4OAALFIwAC4Fz4UFahreFHZCE4PQQ,15,0.6,Book2-SB-Tracks,2026-09-10T17:46:06.060289
AEF3e_Level_2_SB_5.12.mp3,audio,CQACAgQAAxkBAAIFbmqitJw2079VrRMU_pradmj_kJfzAALGIwAC4Fz4UKSd_ha24ic1PQQ,33,1.29,Book2-SB-Tracks,2026-09-10T17:46:06.060959
AEF3e_Level_2_SB_2.3.mp3,audio,CQACAgQAAxkBAAIFb2qitJwqcsG8ut6Sv-OXb-5VnuMvAALHIwAC4Fz4UP-qGg5lU5KWPQQ,23,0.9,Book2-SB-Tracks,2026-09-10T17:46:06.061616
AEF3e_Level_2_SB_1.22.mp3,audio,CQACAgQAAxkBAAIFcGqitJwma05n_2LZdaCiqps8XfUYAALIIwAC4Fz4UAg-DN8xdZ1yPQQ,26,1.02,Book2-SB-Tracks,2026-09-10T17:46:06.062430
AEF3e_Level_2_SB_1.7.mp3,audio,CQACAgQAAxkBAAIFcWqitJybSvGM7SAQGD9TfvC2yDzFAALJIwAC4Fz4UM7K78wQdEKyPQQ,42,1.61,Book2-SB-Tracks,2026-09-10T17:46:06.063087
AEF3e_Level_2_SB_7.25.mp3,audio,CQACAgQAAxkBAAIFcmqitJx-l4W9R8EdmKCOu1H4Ms0QAALKIwAC4Fz4UHMLwarOtFAqPQQ,39,1.51,Book2-SB-Tracks,2026-09-10T17:46:06.063957
AEF3e_Level_2_SB_4.16.mp3,audio,CQACAgQAAxkBAAIFc2qitJxSSS3YcXGMdk5BWF1eJdHUAALLIwAC4Fz4UNWsuso5-KN6PQQ,15,0.61,Book2-SB-Tracks,2026-09-10T17:46:06.065258
AEF3e_Level_2_SB_11.27.mp3,audio,CQACAgQAAxkBAAIFdGqitJyVlhr6gWa4x_Jo0FrqBsYHAALMIwAC4Fz4UPnxWWt2c9qbPQQ,34,1.32,Book2-SB-Tracks,2026-09-10T17:46:06.066280
AEF3e_Level_2_SB_9.22.mp3,audio,CQACAgQAAxkBAAIFdWqitJw_R7ll1xqKuxGBYNlDTtTYAALNIwAC4Fz4UFblO6nxqqwxPQQ,30,1.16,Book2-SB-Tracks,2026-09-10T17:46:06.066985
AEF3e_Level_2_SB_9.7.mp3,audio,CQACAgQAAxkBAAIFdmqitJwtLEUa-CdmUb6hG6EcEegoAALOIwAC4Fz4UMcjWvBOGwSuPQQ,20,0.78,Book2-SB-Tracks,2026-09-10T17:46:06.067987
AEF3e_Level_2_SB_8.19.mp3,audio,CQACAgQAAxkBAAIFd2qitJyBneDCZq_kCetBrh0nY7arAALPIwAC4Fz4UHtdvI9TxyL8PQQ,138,5.28,Book2-SB-Tracks,2026-09-10T17:46:06.068821
AEF3e_Level_2_SB_5.10.mp3,audio,CQACAgQAAxkBAAIFeGqitJwuPdPK-EhtWqOAFczIXDGWAALQIwAC4Fz4UI4JAAFS9uXEJT0E,46,1.76,Book2-SB-Tracks,2026-09-10T17:46:06.069553
AEF3e_Level_2_SB_2.1.mp3,audio,CQACAgQAAxkBAAIFeWqitJw70lKxFbdgPMvMn7hRA0eOAALRIwAC4Fz4UNp11Hk8hi--PQQ,108,4.14,Book2-SB-Tracks,2026-09-10T17:46:06.070203
AEF3e_Level_2_SB_1.20.mp3,audio,CQACAgQAAxkBAAIFemqitJxUNHY_zWzRoW_ruhLjbHmYAALSIwAC4Fz4ULFCItiy_Ey8PQQ,90,3.45,Book2-SB-Tracks,2026-09-10T17:46:06.070858
AEF3e_Level_2_SB_1.5.mp3,audio,CQACAgQAAxkBAAIFe2qitJyBmJB0lSK6H5ZLV-2G74ULAALUIwAC4Fz4UPQOC8JTqzBQPQQ,23,0.89,Book2-SB-Tracks,2026-09-10T17:46:06.071536
AEF3e_Level_2_SB_7.23.mp3,audio,CQACAgQAAxkBAAIFfGqitJyEDahRNiTG1H-5OftH_Xy9AALVIwAC4Fz4ULbRUxs7zKTnPQQ,20,0.8,Book2-SB-Tracks,2026-09-10T17:46:06.072454
AEF3e_Level_2_WB_6.1.mp3,audio,CQACAgQAAxkBAAIFgGqitLyHp88lreuwjhp7CYNP9cA3AALXIwAC4Fz4UORD4McvGpsDPQQ,40,0.62,Book2-WB-Tracks,2026-09-10T17:46:36.583820
AEF3e_Level_2_WB_5.1.mp3,audio,CQACAgQAAxkBAAIFjGqitLzBpwAB-zx-IRWfMijgEp9ZagAC4yMAAuBc-FAnAbEnOlrtKj0E,35,0.53,Book2-WB-Tracks,2026-09-10T17:46:36.585609
AEF3e_Level_2_WB_10.3.mp3,audio,CQACAgQAAxkBAAIFgmqitLxByLK-DoOYfTJkT5AsNM-BAALZIwAC4Fz4UAMYall-BO0rPQQ,77,1.19,Book2-WB-Tracks,2026-09-10T17:46:36.586515
AEF3e_Level_2_WB_6.2.mp3,audio,CQACAgQAAxkBAAIFkWqitLy5TeIAAvnH0kqRlMigKpG7AALoIwAC4Fz4UEuP-k8cNK6vPQQ,40,0.62,Book2-WB-Tracks,2026-09-10T17:46:36.587333
AEF3e_Level_2_WB_2.1.mp3,audio,CQACAgQAAxkBAAIFkmqitLyrzv6CMSwIOukGOtKNt5efAALpIwAC4Fz4ULm5AbK6Qd8bPQQ,62,0.95,Book2-WB-Tracks,2026-09-10T17:46:36.588342
AEF3e_Level_2_WB_7.2.mp3,audio,CQACAgQAAxkBAAIFhmqitLwebrBJUu_IjzQg5YEhzqMvAALdIwAC4Fz4UO1MJM3Lqqe-PQQ,28,0.44,Book2-WB-Tracks,2026-09-10T17:46:36.589415
AEF3e_Level_2_WB_10.4.mp3,audio,CQACAgQAAxkBAAIFk2qitLzctgp8Dj8ZC_kaJ8M3c1ewAALqIwAC4Fz4UA0O2lIsWF9_PQQ,38,0.58,Book2-WB-Tracks,2026-09-10T17:46:36.590532
AEF3e_Level_2_WB_6.4.mp3,audio,CQACAgQAAxkBAAIFg2qitLzCsenVS65cLOwsTLDdCnQ9AALaIwAC4Fz4UDjYDYKmAhZyPQQ,72,1.11,Book2-WB-Tracks,2026-09-10T17:46:36.591430
AEF3e_Level_2_WB_5.4.mp3,audio,CQACAgQAAxkBAAIFjmqitLzhMKfyo0xWa_MWzsiekz1zAALlIwAC4Fz4UP4cv12sO5KmPQQ,38,0.59,Book2-WB-Tracks,2026-09-10T17:46:36.592128
AEF3e_Level_2_WB_6.5.mp3,audio,CQACAgQAAxkBAAIFlGqitLzHxMykMsP7bhDj6e5I02V-AALrIwAC4Fz4UB9iVPTmmIbGPQQ,40,0.62,Book2-WB-Tracks,2026-09-10T17:46:36.592895
AEF3e_Level_2_WB_1.3.mp3,audio,CQACAgQAAxkBAAIFgWqitLxzLysQN6kt-WD6rlxkmlltAALYIwAC4Fz4UNvuCpANCiAXPQQ,48,0.74,Book2-WB-Tracks,2026-09-10T17:46:36.593560
AEF3e_Level_2_WB_3.1.mp3,audio,CQACAgQAAxkBAAIFlWqitLyjmlGwBIwPWUmhQYySAbjGAALsIwAC4Fz4UMYxiarIJKQUPQQ,95,1.45,Book2-WB-Tracks,2026-09-10T17:46:36.594276
AEF3e_Level_2_WB_11.3.mp3,audio,CQACAgQAAxkBAAIFlmqitLw1dLt6EaRnf_nlPDT_NilpAALtIwAC4Fz4UKAcAmgsu6XjPQQ,67,1.03,Book2-WB-Tracks,2026-09-10T17:46:36.595014
AEF3e_Level_2_WB_7.3.mp3,audio,CQACAgQAAxkBAAIFl2qitLw4mTDiy4JM3N7rJcYjlTBwAALuIwAC4Fz4UEYFbHyzAAHxjT0E,29,0.44,Book2-WB-Tracks,2026-09-10T17:46:36.595728
AEF3e_Level_2_WB_2.3.mp3,audio,CQACAgQAAxkBAAIFhGqitLx6-Vc4j_xQR5LEOfasbDRUAALbIwAC4Fz4UE4h-kfxi5zCPQQ,61,0.94,Book2-WB-Tracks,2026-09-10T17:46:36.596814
AEF3e_Level_2_WB_9.2.mp3,audio,CQACAgQAAxkBAAIFjWqitLxwwQ0mlrz7FsZl_IVuq_23AALkIwAC4Fz4UMACEUXTgpphPQQ,44,0.68,Book2-WB-Tracks,2026-09-10T17:46:36.597852
AEF3e_Level_2_WB_10.1.mp3,audio,CQACAgQAAxkBAAIFkGqitLyr-O-XXdT08FBjP4zWBUcqAALnIwAC4Fz4UHLgsw4SBDiYPQQ,53,0.81,Book2-WB-Tracks,2026-09-10T17:46:36.599114
AEF3e_Level_2_WB_12.1.mp3,audio,CQACAgQAAxkBAAIFiGqitLyfSYO1L5kxrBfS4NWwj81hAALfIwAC4Fz4UGHEUAEqdmuaPQQ,64,0.98,Book2-WB-Tracks,2026-09-10T17:46:36.600163
AEF3e_Level_2_WB_3.4.mp3,audio,CQACAgQAAxkBAAIFmGqitLx9TgnEq0HwPMZM9druMrGZAALvIwAC4Fz4UMCe8fn1uZ7MPQQ,37,0.57,Book2-WB-Tracks,2026-09-10T17:46:36.600988
AEF3e_Level_2_WB_12.2.mp3,audio,CQACAgQAAxkBAAIFmWqitLxPkAZFYmH6dkXtdhXvQILoAALwIwAC4Fz4UARvy6VFwLuBPQQ,63,0.97,Book2-WB-Tracks,2026-09-10T17:46:36.601802
AEF3e_Level_2_WB_8.4.mp3,audio,CQACAgQAAxkBAAIFi2qitLzP6oT9IyPnapczUU3MIukDAALiIwAC4Fz4UPOdmTs3Dx13PQQ,114,1.75,Book2-WB-Tracks,2026-09-10T17:46:36.602550
AEF3e_Level_2_WB_8.2.mp3,audio,CQACAgQAAxkBAAIFmmqitLyK8JMEHuRsyWwabl28xMXfAALxIwAC4Fz4UKkZ7U0PrhuOPQQ,57,0.87,Book2-WB-Tracks,2026-09-10T17:46:36.603190
AEF3e_Level_2_WB_4.2.mp3,audio,CQACAgQAAxkBAAIFm2qitLw90UnblGB30ealuxYWFp0WAALyIwAC4Fz4UJ-7-H3Wsv2CPQQ,62,0.96,Book2-WB-Tracks,2026-09-10T17:46:36.603950
AEF3e_Level_2_WB_8.5.mp3,audio,CQACAgQAAxkBAAIFnGqitLzQonohNWh9eU057j7GMzzJAALzIwAC4Fz4UFXdIS08CkHXPQQ,57,0.88,Book2-WB-Tracks,2026-09-10T17:46:36.604858
AEF3e_Level_2_WB_11.2.mp3,audio,CQACAgQAAxkBAAIFhWqitLy9h7DCpfjAh3tua6fffTRaAALcIwAC4Fz4UKbcXHXOh1mZPQQ,58,0.89,Book2-WB-Tracks,2026-09-10T17:46:36.605738
AEF3e_Level_2_WB_5.2.mp3,audio,CQACAgQAAxkBAAIFnWqitLyXsud5xIFmyoEQjjw5K1hoAAL0IwAC4Fz4UIyZ2CA5xzmXPQQ,47,0.73,Book2-WB-Tracks,2026-09-10T17:46:36.607448
AEF3e_Level_2_WB_9.3.mp3,audio,CQACAgQAAxkBAAIFnmqitLzY35aH6bLO8vJT7vzbcVuZAAL1IwAC4Fz4UNtCKmjKRSLrPQQ,44,0.68,Book2-WB-Tracks,2026-09-10T17:46:36.608503
AEF3e_Level_2_WB_5.5.mp3,audio,CQACAgQAAxkBAAIFn2qitLzs5L5pzwMbpWVpX6hK4gW5AAL2IwAC4Fz4UKZvG9nHdxh6PQQ,36,0.56,Book2-WB-Tracks,2026-09-10T17:46:36.609229
AEF3e_Level_2_WB_1.2.mp3,audio,CQACAgQAAxkBAAIFoGqitLxvko2lUMZEs_A7vGQrkGWCAAL3IwAC4Fz4UPqKyhniQVAjPQQ,79,1.22,Book2-WB-Tracks,2026-09-10T17:46:36.609980
AEF3e_Level_2_WB_10.2.mp3,audio,CQACAgQAAxkBAAIFoWqitLzrp4R4_Qb8GDbi7UCTvelzAAL4IwAC4Fz4UKiTiZHFrDMcPQQ,52,0.81,Book2-WB-Tracks,2026-09-10T17:46:36.610642
AEF3e_Level_2_WB_6.3.mp3,audio,CQACAgQAAxkBAAIFomqitLw9yz-k4Rx268Rxq2lIEe7_AAL5IwAC4Fz4UEVXfeBnrQ91PQQ,58,0.89,Book2-WB-Tracks,2026-09-10T17:46:36.611425
AEF3e_Level_2_WB_2.2.mp3,audio,CQACAgQAAxkBAAIFo2qitLzC93LbLueiZDSkR0oMXqUeAAL6IwAC4Fz4UN-CUQ7h8B3VPQQ,50,0.77,Book2-WB-Tracks,2026-09-10T17:46:36.612074
AEF3e_Level_2_WB_11.1.mp3,audio,CQACAgQAAxkBAAIFpGqitLyPpZoDHZkxOS2Cm-24U2dWAAL7IwAC4Fz4UOBGB07aqqJ5PQQ,43,0.67,Book2-WB-Tracks,2026-09-10T17:46:36.612852
AEF3e_Level_2_WB_7.1.mp3,audio,CQACAgQAAxkBAAIFpWqitLxWlvKGwc6uuTZRxgABcLRG_wAC_CMAAuBc-FDxkQnena7a8z0E,45,0.69,Book2-WB-Tracks,2026-09-10T17:46:36.613670
AEF3e_Level_2_WB_3.2.mp3,audio,CQACAgQAAxkBAAIFpmqitLxC6Lh0Q7YWsxs7CMpzgxYIAAL9IwAC4Fz4UOCFusa3lp9HPQQ,34,0.53,Book2-WB-Tracks,2026-09-10T17:46:36.614578
AEF3e_Level_2_WB_11.4.mp3,audio,CQACAgQAAxkBAAIFp2qitLxjPGfOaD4Yjn4BuLyAYERfAAL-IwAC4Fz4UCe7rk1Bo9dqPQQ,87,1.33,Book2-WB-Tracks,2026-09-10T17:46:36.615745
AEF3e_Level_2_WB_3.3.mp3,audio,CQACAgQAAxkBAAIFh2qitLyN_JFw6GXRTK18Oc2WFesrAALeIwAC4Fz4UBbVQfZcGbL9PQQ,35,0.54,Book2-WB-Tracks,2026-09-10T17:46:36.616549
AEF3e_Level_2_WB_7.4.mp3,audio,CQACAgQAAxkBAAIFqGqitLyoG-62pNo8NyALuo_UFhmKAAL_IwAC4Fz4UGPeVD_WBTawPQQ,53,0.81,Book2-WB-Tracks,2026-09-10T17:46:36.617309
AEF3e_Level_2_WB_3.5.mp3,audio,CQACAgQAAxkBAAIFqWqitLyeZrwDBRjpy6RxwWdqqEpbAAMkAALgXPhQXNNYMY-dyM89BA,72,1.1,Book2-WB-Tracks,2026-09-10T17:46:36.617955
AEF3e_Level_2_WB_12.3.mp3,audio,CQACAgQAAxkBAAIFqmqitLwD-N75XVs-J0iIU2HrcdsnAAIBJAAC4Fz4UAoFOiVPBX5hPQQ,54,0.83,Book2-WB-Tracks,2026-09-10T17:46:36.618590
AEF3e_Level_2_WB_8.3.mp3,audio,CQACAgQAAxkBAAIFq2qitLwSSVS6QWDwg_qBPcf9PneJAAICJAAC4Fz4UDkTFA2DZxiPPQQ,72,1.1,Book2-WB-Tracks,2026-09-10T17:46:36.619195
AEF3e_Level_2_WB_4.1.mp3,audio,CQACAgQAAxkBAAIFimqitLwEV0g2MiKxZN-s_CVJsfAjAALhIwAC4Fz4UEgs9G8wHLunPQQ,38,0.59,Book2-WB-Tracks,2026-09-10T17:46:36.619749
AEF3e_Level_2_WB_4.3.mp3,audio,CQACAgQAAxkBAAIFrGqitLwCZqLK2_zyEEk1m7umbjZLAAIDJAAC4Fz4UAe71v-dRjsRPQQ,69,1.06,Book2-WB-Tracks,2026-09-10T17:46:36.620456
AEF3e_Level_2_WB_9.1.mp3,audio,CQACAgQAAxkBAAIFrWqitLzAuN5GMzenslJB9RbxmaEFAAIEJAAC4Fz4UMaNQmyoHR4AAT0E,64,0.99,Book2-WB-Tracks,2026-09-10T17:46:36.621247
AEF3e_Level_2_WB_5.3.mp3,audio,CQACAgQAAxkBAAIFrmqitLzochLrl5j9rGOERNmSjwL4AAIFJAAC4Fz4UOgy_txFHxxNPQQ,41,0.64,Book2-WB-Tracks,2026-09-10T17:46:36.622126
AEF3e_Level_2_WB_9.4.mp3,audio,CQACAgQAAxkBAAIFr2qitLxM2-1oFPxIKmT3egZYc1eeAAIGJAAC4Fz4UCRoSbFm_8RHPQQ,47,0.72,Book2-WB-Tracks,2026-09-10T17:46:36.623096
AEF3e_Level_2_WB_1.1.mp3,audio,CQACAgQAAxkBAAIFj2qitLwxSoOgSVJM6mmqfR6uuZzcAALmIwAC4Fz4UMGX_oqtTaljPQQ,89,1.36,Book2-WB-Tracks,2026-09-10T17:46:36.624372
AEF3e_Level_2_WB_8.1.mp3,audio,CQACAgQAAxkBAAIFiWqitLzxvj86ryOTfDoHHONg_GeeAALgIwAC4Fz4UOagvZbDt-9EPQQ,64,0.98,Book2-WB-Tracks,2026-09-10T17:46:36.625156
AEF3e_Level_3_SB_3.19.mp3,audio,CQACAgQAAxkBAAIFs2qitOBYFu_AoVy8EN7Q-xSdcYcYAAIIJAAC4Fz4UE0iBFlHMPXsPQQ,30,1.15,Book3-SB-Tracks,2026-09-10T17:47:13.767530
AEF3e_Level_3_SB_6.11.mp3,audio,CQACAgQAAxkBAAIFtGqitOCHa1yTvELzoPgYSNgSPcGtAAIJJAAC4Fz4UK7I8zjk62mWPQQ,16,0.65,Book3-SB-Tracks,2026-09-10T17:47:13.768438
AEF3e_Level_3_SB_5.05.mp3,audio,CQACAgQAAxkBAAIFtWqitODmdXw9-pS1svbf6PXR6BsRAAIKJAAC4Fz4UDKwIJVSRJwwPQQ,58,2.25,Book3-SB-Tracks,2026-09-10T17:47:13.769111
AEF3e_Level_3_SB_9.05.mp3,audio,CQACAgQAAxkBAAIFtmqitODGfKlAIefuJaQNlH-NnF3OAAILJAAC4Fz4UA2bVCcin7nePQQ,61,2.35,Book3-SB-Tracks,2026-09-10T17:47:13.769895
AEF3e_Level_3_SB_7.22.mp3,audio,CQACAgQAAxkBAAIFt2qitOC4oap70Niv5ppUIROaFsOpAAIOJAAC4Fz4UFCJM5fEiEqfPQQ,288,10.99,Book3-SB-Tracks,2026-09-10T17:47:13.770630
AEF3e_Level_3_SB_7.20.mp3,audio,CQACAgQAAxkBAAIFv2qitOAqZnd4_133Cu-m6gOWYG2QAAIWJAAC4Fz4UI-a9LDhvw9tPQQ,35,1.35,Book3-SB-Tracks,2026-09-10T17:47:13.771327
AEF3e_Level_3_SB_1.20.mp3,audio,CQACAgQAAxkBAAIFwGqitOC0qwJIYogAAYXqxdgltFUtFwACFyQAAuBc-FBilD2uV0SMQT0E,8,0.31,Book3-SB-Tracks,2026-09-10T17:47:13.771988
AEF3e_Level_3_SB_9.11.mp3,audio,CQACAgQAAxkBAAIFuWqitOBAaU_fT3EhEfJ-BMNTJ617AAIQJAAC4Fz4UPSKPTm8LohPPQQ,50,1.93,Book3-SB-Tracks,2026-09-10T17:47:13.772607
AEF3e_Level_3_SB_10.09.mp3,audio,CQACAgQAAxkBAAIFwWqitOATrL-WuALhcDE28VbPL_YjAAIYJAAC4Fz4UGU6PQiq0riVPQQ,110,4.2,Book3-SB-Tracks,2026-09-10T17:47:13.773360
AEF3e_Level_3_SB_4.01.mp3,audio,CQACAgQAAxkBAAIFwmqitOB3-QJciZlUYyqMdRE4qCEAAxkkAALgXPhQoxyctLqA9249BA,142,5.43,Book3-SB-Tracks,2026-09-10T17:47:13.774225
AEF3e_Level_3_SB_10.03.mp3,audio,CQACAgQAAxkBAAIFvmqitOCbUQLFGVXgmJzzZcUYvqsqAAIVJAAC4Fz4UCIafLTtVLYYPQQ,56,2.16,Book3-SB-Tracks,2026-09-10T17:47:13.775265
AEF3e_Level_3_SB_4.08.mp3,audio,CQACAgQAAxkBAAIFw2qitOCaCz6JkZwhuH7sxDN-zsM5AAIaJAAC4Fz4UP_CFX7qu_b7PQQ,55,2.13,Book3-SB-Tracks,2026-09-10T17:47:13.776553
AEF3e_Level_3_SB_5.20.mp3,audio,CQACAgQAAxkBAAIFxGqitOBtcqB99Ngklhs74hC2j9DWAAIbJAAC4Fz4UKkkdbKUhuAdPQQ,72,2.75,Book3-SB-Tracks,2026-09-10T17:47:13.777527
AEF3e_Level_3_SB_7.04.mp3,audio,CQACAgQAAxkBAAIFxWqitOBhpnKIASSVWpPIu_Quxfj1AAIcJAAC4Fz4UJFmGzx80L6wPQQ,55,2.13,Book3-SB-Tracks,2026-09-10T17:47:13.778159
AEF3e_Level_3_SB_8.08.mp3,audio,CQACAgQAAxkBAAIFxmqitOC_4BA3Reydq8Qs0HdeDAABrAACHSQAAuBc-FDqYpoICq6okD0E,21,0.81,Book3-SB-Tracks,2026-09-10T17:47:13.779226
AEF3e_Level_3_SB_6.01.mp3,audio,CQACAgQAAxkBAAIFvWqitOCABxkpEym9DjI3UHkVlCwjAAIUJAAC4Fz4UP8LxRVD8vz5PQQ,45,1.74,Book3-SB-Tracks,2026-09-10T17:47:13.780098
AEF3e_Level_3_SB_1.11.mp3,audio,CQACAgQAAxkBAAIFx2qitOAFBIvr8xfmAUym9f_JiDNtAAIeJAAC4Fz4UJ2bR_tVnAVKPQQ,42,1.63,Book3-SB-Tracks,2026-09-10T17:47:13.781156
AEF3e_Level_3_SB_9.26.mp3,audio,CQACAgQAAxkBAAIFyGqitOAEY56iWoMClNa3q_qUW1VKAAIfJAAC4Fz4UMsBmYuuz5aSPQQ,58,2.23,Book3-SB-Tracks,2026-09-10T17:47:13.781936
AEF3e_Level_3_SB_3.25.mp3,audio,CQACAgQAAxkBAAIFyWqitOAHzHSnv8npmiR-aQiGEZirAAIgJAAC4Fz4UPf6ZjQ3gd3HPQQ,114,4.35,Book3-SB-Tracks,2026-09-10T17:47:13.782734
AEF3e_Level_3_SB_2.12.mp3,audio,CQACAgQAAxkBAAIFymqitODlmHhWA8spbJP3j8kIHLhPAAIhJAAC4Fz4UGhThdqQJEoHPQQ,298,11.39,Book3-SB-Tracks,2026-09-10T17:47:13.783809
AEF3e_Level_3_SB_5.11.mp3,audio,CQACAgQAAxkBAAIFy2qitOCpU0itcHoeu0smaPpASnKjAAIiJAAC4Fz4UEUu3sRb5vawPQQ,30,1.18,Book3-SB-Tracks,2026-09-10T17:47:13.785230
AEF3e_Level_3_SB_3.31.mp3,audio,CQACAgQAAxkBAAIFzGqitOCMUvBx2WYytoHVjQ1AI1M6AAIjJAAC4Fz4UAABMre5--wTnD0E,44,1.7,Book3-SB-Tracks,2026-09-10T17:47:13.786290
AEF3e_Level_3_SB_7.28.mp3,audio,CQACAgQAAxkBAAIFzWqitOAbjeJpp_XlVQGe0ZUgbldsAAIkJAAC4Fz4UCoY2xzWbS_9PQQ,98,3.75,Book3-SB-Tracks,2026-09-10T17:47:13.787032
AEF3e_Level_3_SB_7.14.mp3,audio,CQACAgQAAxkBAAIFvGqitOA9db0yptg1L1SUJTTUMJaCAAITJAAC4Fz4UCalV0w-oTWiPQQ,35,1.35,Book3-SB-Tracks,2026-09-10T17:47:13.787886
AEF3e_Level_3_SB_6.15.mp3,audio,CQACAgQAAxkBAAIFzmqitOCJff6Q37TVNbAuwj67VFY4AAIlJAAC4Fz4UG52mkKd-haaPQQ,90,3.46,Book3-SB-Tracks,2026-09-10T17:47:13.788829
AEF3e_Level_3_SB_5.23.mp3,audio,CQACAgQAAxkBAAIFumqitOAAAT980vnCduUFK4QpWZlIWAACESQAAuBc-FDtwoPbHA-wUT0E,133,5.09,Book3-SB-Tracks,2026-09-10T17:47:13.789929
AEF3e_Level_3_SB_2.04.mp3,audio,CQACAgQAAxkBAAIFz2qitOCOf7MLusKDBNiahCr1OQ9lAAImJAAC4Fz4UIo9L5UM57sePQQ,34,1.33,Book3-SB-Tracks,2026-09-10T17:47:13.791100
AEF3e_Level_3_SB_8.05.mp3,audio,CQACAgQAAxkBAAIF0GqitOCND5E5CtahAAHqFwi1za1JwQACJyQAAuBc-FA6m2YkvMxPwD0E,52,1.99,Book3-SB-Tracks,2026-09-10T17:47:13.792103
AEF3e_Level_3_SB_4.16.mp3,audio,CQACAgQAAxkBAAIF0WqitODjL_s5G0-HO5NvCppdVxAYAAIoJAAC4Fz4UBvES8imFIrbPQQ,141,5.39,Book3-SB-Tracks,2026-09-10T17:47:13.792770
AEF3e_Level_3_SB_2.10.mp3,audio,CQACAgQAAxkBAAIF0mqitODWqOHDtCLaCqdpqCDp65TeAAIpJAAC4Fz4ULCoUbS_spPdPQQ,15,0.59,Book3-SB-Tracks,2026-09-10T17:47:13.793578
AEF3e_Level_3_SB_6.07.mp3,audio,CQACAgQAAxkBAAIF02qitOBGuqiNUaYJzKAF-D9h-YIkAAIqJAAC4Fz4UIZiHxLEpfUIPQQ,109,4.17,Book3-SB-Tracks,2026-09-10T17:47:13.794243
AEF3e_Level_3_SB_5.01.mp3,audio,CQACAgQAAxkBAAIF1GqitOD9y3wYmYDm8swbJmRo_dzKAAIrJAAC4Fz4UBaC1WevR35hPQQ,114,4.38,Book3-SB-Tracks,2026-09-10T17:47:13.794884
AEF3e_Level_3_SB_9.01.mp3,audio,CQACAgQAAxkBAAIF1WqitOA7RSzsOzTUSeozIZfewsECAAIsJAAC4Fz4UEuAC2zSLHE-PQQ,142,5.43,Book3-SB-Tracks,2026-09-10T17:47:13.795607
AEF3e_Level_3_SB_9.08.mp3,audio,CQACAgQAAxkBAAIF1mqitOC0Qm8qVWdbC_0_yGe_WWccAAIuJAAC4Fz4UOvXh5tbAce2PQQ,100,3.83,Book3-SB-Tracks,2026-09-10T17:47:13.796416
AEF3e_Level_3_SB_3.11.mp3,audio,CQACAgQAAxkBAAIFuGqitOBfphml8I-8jZ1uu3zTJ0pzAAIPJAAC4Fz4UDgpKzzwnrqpPQQ,67,2.58,Book3-SB-Tracks,2026-09-10T17:47:13.797391
AEF3e_Level_3_SB_10.15.mp3,audio,CQACAgQAAxkBAAIF12qitOAHotScd2wDkP6s0ivr5gdSAAIvJAAC4Fz4UPtBtqgETf7TPQQ,148,5.67,Book3-SB-Tracks,2026-09-10T17:47:13.798717
AEF3e_Level_3_SB_1.25.mp3,audio,CQACAgQAAxkBAAIF2GqitOB-f-eRtWOp_CDMA2Tyag4OAAIxJAAC4Fz4UJMBc714wml6PQQ,219,8.36,Book3-SB-Tracks,2026-09-10T17:47:13.799732
AEF3e_Level_3_SB_3.06.mp3,audio,CQACAgQAAxkBAAIF2WqitOC7cItkUMOIdUqi8NLFBYZJAAIyJAAC4Fz4UFg3NKCKAuexPQQ,31,1.22,Book3-SB-Tracks,2026-09-10T17:47:13.800436
AEF3e_Level_3_SB_5.26.mp3,audio,CQACAgQAAxkBAAIF2mqitODOAvFg8utSrEvP-ca88CDlAAIzJAAC4Fz4UI-gE5E5pqwqPQQ,43,1.68,Book3-SB-Tracks,2026-09-10T17:47:13.801245
AEF3e_Level_3_SB_4.13.mp3,audio,CQACAgQAAxkBAAIF22qitOAvIsEPhwpdrn2nYBq1Oo4-AAI0JAAC4Fz4UJRncLPLcYjHPQQ,26,1.03,Book3-SB-Tracks,2026-09-10T17:47:13.802023
AEF3e_Level_3_SB_1.28.mp3,audio,CQACAgQAAxkBAAIFu2qitOCAE38qb2S3IEptjrkkUiKTAAISJAAC4Fz4UBYUcwdX1ogZPQQ,59,2.28,Book3-SB-Tracks,2026-09-10T17:47:13.802682
AEF3e_Level_3_SB_8.14.mp3,audio,CQACAgQAAxkBAAIF3GqitODX4nYO616vL-taUOGhWvhjAAI1JAAC4Fz4UHT99asULLCkPQQ,33,1.3,Book3-SB-Tracks,2026-09-10T17:47:13.803303
AEF3e_Level_3_SB_7.09.mp3,audio,CQACAgQAAxkBAAIF3WqitODMht2xr_HLP1F7fayQ2u0sAAI2JAAC4Fz4UIkiwGLdLX7YPQQ,105,4.03,Book3-SB-Tracks,2026-09-10T17:47:13.804101
AEF3e_Level_3_SB_10.06.mp3,audio,CQACAgQAAxkBAAIF3mqitOCtEs-t2ICdYAPszNSElTwPAAI3JAAC4Fz4UPo3jP25jr4pPQQ,46,1.79,Book3-SB-Tracks,2026-09-10T17:47:13.805066
AEF3e_Level_3_SB_8.20.mp3,audio,CQACAgQAAxkBAAIF32qitOA1Ub_HVw477U4ZqX4IkePtAAI4JAAC4Fz4UGWSSSAMX9EdPQQ,65,2.5,Book3-SB-Tracks,2026-09-10T17:47:13.806352
AEF3e_Level_3_SB_2.18.mp3,audio,CQACAgQAAxkBAAIF4GqitOAIr8dvNNFOum_o7LOpwPxdAAI5JAAC4Fz4UHF1biz9_C37PQQ,28,1.07,Book3-SB-Tracks,2026-09-10T17:47:13.807408
AEF3e_Level_3_SB_1.15.mp3,audio,CQACAgQAAxkBAAIF4WqitODg83bkTUfsh9K82tB9dE98AAI6JAAC4Fz4UJtZ4diFYZ8VPQQ,137,5.26,Book3-SB-Tracks,2026-09-10T17:47:13.808504
AEF3e_Level_3_SB_7.01.mp3,audio,CQACAgQAAxkBAAIF4mqitODfcxFaBqTLKhBPkasFJkPdAAI7JAAC4Fz4UI7rz5NoVxMXPQQ,61,2.35,Book3-SB-Tracks,2026-09-10T17:47:13.809161
AEF3e_Level_3_SB_3.03.mp3,audio,CQACAgQAAxkBAAIF42qitOC74t2fccXUEzBcrJsfcjonAAI8JAAC4Fz4UFnCDwco6vU4PQQ,72,2.79,Book3-SB-Tracks,2026-09-10T17:47:13.810049
AEF3e_Level_3_SB_9.16.mp3,audio,CQACAgQAAxkBAAIF5GqitOABhEFgnQGQo7GI9C8i-iAqAAI9JAAC4Fz4UNWLZztxe51TPQQ,39,1.53,Book3-SB-Tracks,2026-09-10T17:47:13.810719
AEF3e_Level_3_SB_7.07.mp3,audio,CQACAgQAAxkBAAIF5WqitOBa8-pDIg3OV0ul3Vl2qj9dAAI-JAAC4Fz4UKQsE69FJfYsPQQ,79,3.02,Book3-SB-Tracks,2026-09-10T17:47:13.811436
AEF3e_Level_3_SB_1.07.mp3,audio,CQACAgQAAxkBAAIF5mqitOBp0pvGP9lkZTWOo45t2TzDAAI_JAAC4Fz4UOwhnH9vTzqLPQQ,120,4.58,Book3-SB-Tracks,2026-09-10T17:47:13.812327
AEF3e_Level_3_SB_9.22.mp3,audio,CQACAgQAAxkBAAIF52qitODsPiWu0QE9LSuEMQyiquobAAJAJAAC4Fz4UGGM4k8LtByTPQQ,110,4.23,Book3-SB-Tracks,2026-09-10T17:47:13.813192
AEF3e_Level_3_SB_3.21.mp3,audio,CQACAgQAAxkBAAIF6GqitOB4cFbUpMcapd0SgeaJPoy3AAJBJAAC4Fz4ULI2G0ZthF_MPQQ,39,1.51,Book3-SB-Tracks,2026-09-10T17:47:13.814303
AEF3e_Level_3_SB_3.28.mp3,audio,CQACAgQAAxkBAAIF6WqitOBX_aKEBDPKYwGh4hIg0qQUAAJCJAAC4Fz4UKQhnJCktEezPQQ,167,6.37,Book3-SB-Tracks,2026-09-10T17:47:13.815536
AEF3e_Level_3_SB_5.07.mp3,audio,CQACAgQAAxkBAAIF6mqitOAe6zoxA_6eGKG1382ClehbAAJDJAAC4Fz4UL7Ftb9ZdOHQPQQ,30,1.18,Book3-SB-Tracks,2026-09-10T17:47:13.816395
AEF3e_Level_3_SB_6.12.mp3,audio,CQACAgQAAxkBAAIF62qitOD7vM0NyEycdmOTpjZN_3E7AAJEJAAC4Fz4UO_WXfYcmus4PQQ,17,0.66,Book3-SB-Tracks,2026-09-10T17:47:13.817150
AEF3e_Level_3_SB_7.24.mp3,audio,CQACAgQAAxkBAAIF7GqitOBbKEf4lwV8OYiMZQ6pkGZfAAJFJAAC4Fz4UItcs9SjoOKOPQQ,131,5.03,Book3-SB-Tracks,2026-09-10T17:47:13.817837
AEF3e_Level_3_SB_8.02.mp3,audio,CQACAgQAAxkBAAIF7WqitOCfsciEu6cbgWHlSiGztWZBAAJHJAAC4Fz4UF5Gud29GHesPQQ,120,4.6,Book3-SB-Tracks,2026-09-10T17:47:13.818647
AEF3e_Level_3_SB_9.13.mp3,audio,CQACAgQAAxkBAAIF7mqitOAjxOvjEJ5CrPc9vB2a2cUwAAJIJAAC4Fz4UEEQwsMtsJ2mPQQ,202,7.71,Book3-SB-Tracks,2026-09-10T17:47:13.819368
AEF3e_Level_3_SB_3.12.mp3,audio,CQACAgQAAxkBAAIF72qitODTnEa9O49dLFyhtjONX2MCAAJJJAAC4Fz4UGK8fY9-eISpPQQ,35,1.36,Book3-SB-Tracks,2026-09-10T17:47:13.820339
AEF3e_Level_3_SB_1.30.mp3,audio,CQACAgQAAxkBAAIF8GqitOB7dZd2sUPXBmoAAf11CRxFZAACSyQAAuBc-FDzp9OaRqNjmz0E,113,4.32,Book3-SB-Tracks,2026-09-10T17:47:13.821180
AEF3e_Level_3_SB_4.19.mp3,audio,CQACAgQAAxkBAAIF8WqitOBAjN557afMu7yT7ylLxtDxAAJMJAAC4Fz4UKYQtp027exmPQQ,75,2.87,Book3-SB-Tracks,2026-09-10T17:47:13.822467
AEF3e_Level_3_SB_3.18.mp3,audio,CQACAgQAAxkBAAIF8mqitOAITad9kpuGo_dbYyQjyttyAAJNJAAC4Fz4UB0HXQF5oN87PQQ,60,2.32,Book3-SB-Tracks,2026-09-10T17:47:13.823671
AEF3e_Level_3_SB_7.15.mp3,audio,CQACAgQAAxkBAAIF82qitOABctL42wtPNRnScf6txsLIAAJOJAAC4Fz4UIyRrkFhsrSFPQQ,30,1.17,Book3-SB-Tracks,2026-09-10T17:47:13.824725
AEF3e_Level_3_SB_6.02.mp3,audio,CQACAgQAAxkBAAIF9GqitOC2KMu8Li-tJ1IXJWyspUlcAAJPJAAC4Fz4UAWVzgABPSC5Fj0E,114,4.35,Book3-SB-Tracks,2026-09-10T17:47:13.825573
AEF3e_Level_3_SB_1.22.mp3,audio,CQACAgQAAxkBAAIF9WqitOCqc-E8miAPxLhXuemCV_WHAAJQJAAC4Fz4UGHrE0-7sakOPQQ,179,6.84,Book3-SB-Tracks,2026-09-10T17:47:13.826295
AEF3e_Level_3_SB_7.21.mp3,audio,CQACAgQAAxkBAAIF9mqitOBFz5Ws9wZkxdtPzdGaYEl0AAJRJAAC4Fz4UJN7WNzqtjlEPQQ,96,3.67,Book3-SB-Tracks,2026-09-10T17:47:13.827011
AEF3e_Level_3_SB_4.03.mp3,audio,CQACAgQAAxkBAAIF92qitOAfOmWJ-_UlPbTIToAu2ASHAAJSJAAC4Fz4UD8LeuokkHCaPQQ,51,1.96,Book3-SB-Tracks,2026-09-10T17:47:13.827670
AEF3e_Level_3_SB_5.22.mp3,audio,CQACAgQAAxkBAAIF-GqitOAthYhrPPSmIPCPqUOky5JnAAJTJAAC4Fz4UM8ipTsPLl0QPQQ,264,10.09,Book3-SB-Tracks,2026-09-10T17:47:13.828377
AEF3e_Level_3_SB_4.09.mp3,audio,CQACAgQAAxkBAAIF-WqitOCSTmdAOX8ZW47pJbaQH3JSAAJUJAAC4Fz4UFnz0oozpHWnPQQ,98,3.75,Book3-SB-Tracks,2026-09-10T17:47:13.829220
AEF3e_Level_3_SB_8.10.mp3,audio,CQACAgQAAxkBAAIF-mqitOCBCmxrkPA3F3W4h9_Ctm2yAAJVJAAC4Fz4UN07SxzCQDOJPQQ,114,4.36,Book3-SB-Tracks,2026-09-10T17:47:13.830093
AEF3e_Level_3_SB_8.17.mp3,audio,CQACAgQAAxkBAAIF-2qitOAqcaNm1Fk759-hhQOnugFUAAJWJAAC4Fz4UI6mNZ2YcL7SPQQ,36,1.41,Book3-SB-Tracks,2026-09-10T17:47:13.831720
AEF3e_Level_3_SB_10.02.mp3,audio,CQACAgQAAxkBAAIF_GqitOCT4PHFg6mqMOnnOYUNbVEqAAJXJAAC4Fz4UDjDNLxsrJ95PQQ,30,1.15,Book3-SB-Tracks,2026-09-10T17:47:13.832708
AEF3e_Level_3_SB_1.12.mp3,audio,CQACAgQAAxkBAAIF_WqitOCpK6QlEsEKu1dFGZJkUOatAAJYJAAC4Fz4UFeCVMKbxek7PQQ,22,0.85,Book3-SB-Tracks,2026-09-10T17:47:13.833543
AEF3e_Level_3_SB_2.14.mp3,audio,CQACAgQAAxkBAAIF_mqitOB3P_8GWHp4WJmtcuVRYc62AAJZJAAC4Fz4UE4yBJDheP-VPQQ,280,10.69,Book3-SB-Tracks,2026-09-10T17:47:13.834319
AEF3e_Level_3_SB_2.21.mp3,audio,CQACAgQAAxkBAAIF_2qitOBX2WRskqZsZOvlOp-v4sEeAAJaJAAC4Fz4ULlqygSRY6BsPQQ,133,5.1,Book3-SB-Tracks,2026-09-10T17:47:13.835157
AEF3e_Level_3_SB_3.33.mp3,audio,CQACAgQAAxkBAAIGAAFqorTggBRf6d4Q133eOFMq-uZ8gQACWyQAAuBc-FDQ5i1RQggwtz0E,33,1.27,Book3-SB-Tracks,2026-09-10T17:47:13.835877
AEF3e_Level_3_SB_5.12.mp3,audio,CQACAgQAAxkBAAIGAWqitOBj-bv0TgMhwdIu1xsYHBnKAAJcJAAC4Fz4UBA_ycKiZYvrPQQ,31,1.19,Book3-SB-Tracks,2026-09-10T17:47:13.836700
AEF3e_Level_3_SB_6.17.mp3,audio,CQACAgQAAxkBAAIGAmqitODQUwY0WvSSq_wTdmtjcW_VAAJdJAAC4Fz4UHOgJYCjrg8VPQQ,33,1.29,Book3-SB-Tracks,2026-09-10T17:47:13.837494
AEF3e_Level_3_SB_9.19.mp3,audio,CQACAgQAAxkBAAIGA2qitOBmN2vcxgtmn5rffFyTWFQ2AAJeJAAC4Fz4UEbIxz_pTyvsPQQ,47,1.81,Book3-SB-Tracks,2026-09-10T17:47:13.838314
AEF3e_Level_3_SB_8.07.mp3,audio,CQACAgQAAxkBAAIGBGqitODw3sY4BLyP9hHvTwlBGR6AAAJfJAAC4Fz4UKl5a6RwgYGGPQQ,26,1.02,Book3-SB-Tracks,2026-09-10T17:47:13.839303
AEF3e_Level_3_SB_2.05.mp3,audio,CQACAgQAAxkBAAIGBWqitODocIytKk4r81_q7xf_9486AAJgJAAC4Fz4UNCPS7SiNwrYPQQ,46,1.78,Book3-SB-Tracks,2026-09-10T17:47:13.840674
AEF3e_Level_3_SB_1.02.mp3,audio,CQACAgQAAxkBAAIGBmqitOC4KAsiWCTeBpHLrNfur8JYAAJhJAAC4Fz4UJn_XNcjqy47PQQ,149,5.7,Book3-SB-Tracks,2026-09-10T17:47:13.841461
AEF3e_Level_3_SB_6.09.mp3,audio,CQACAgQAAxkBAAIGB2qitOATzxIOnyxW3Z4VkRNj4AFzAAJiJAAC4Fz4UHzOUs2Y7iMfPQQ,176,6.74,Book3-SB-Tracks,2026-09-10T17:47:13.842163
AEF3e_Level_3_SB_2.11.mp3,audio,CQACAgQAAxkBAAIGCGqitOBze_PkihURYktPVseZTitYAAJjJAAC4Fz4UKdWESGUtp6GPQQ,17,0.69,Book3-SB-Tracks,2026-09-10T17:47:13.842866
AEF3e_Level_3_SB_9.03.mp3,audio,CQACAgQAAxkBAAIGCWqitOAxsQ8AAWZx5wL1bjpY3Rtw9wACZiQAAuBc-FC4xYavdzAwzT0E,208,7.95,Book3-SB-Tracks,2026-09-10T17:47:13.843719
AEF3e_Level_3_SB_10.17.mp3,audio,CQACAgQAAxkBAAIGCmqitOAT7LbeDZ1kQEYUMVBQ5SJrAAJnJAAC4Fz4UJHh0i0hdhu9PQQ,181,6.92,Book3-SB-Tracks,2026-09-10T17:47:13.844607
AEF3e_Level_3_SB_9.09.mp3,audio,CQACAgQAAxkBAAIGC2qitOA_SFrYfhpVY3dvu12bJf8eAAJoJAAC4Fz4UMAOZ0B-wVexPQQ,67,2.57,Book3-SB-Tracks,2026-09-10T17:47:13.845739
AEF3e_Level_3_SB_3.08.mp3,audio,CQACAgQAAxkBAAIGDGqitODiAao46c3KhUtxP62O1d9tAAJpJAAC4Fz4UJ6vDq-R3fMTPQQ,29,1.12,Book3-SB-Tracks,2026-09-10T17:47:13.846591
AEF3e_Level_3_SB_3.15.mp3,audio,CQACAgQAAxkBAAIGDWqitOCff-V6opCVz4UFS1N0cb-SAAJqJAAC4Fz4UPSF3e-O8szXPQQ,51,1.95,Book3-SB-Tracks,2026-09-10T17:47:13.847830
AEF3e_Level_3_SB_4.15.mp3,audio,CQACAgQAAxkBAAIGDmqitOCyjtYg-IvM2T4by7pexPuAAAJrJAAC4Fz4UF0P5TdmO_QSPQQ,27,1.05,Book3-SB-Tracks,2026-09-10T17:47:13.849112
AEF3e_Level_3_SB_5.27.mp3,audio,CQACAgQAAxkBAAIGD2qitOC7QA-aStFlsU1SCs45W-6CAAJsJAAC4Fz4UIn5VJlGXceXPQQ,83,3.18,Book3-SB-Tracks,2026-09-10T17:47:13.850042
AEF3e_Level_3_SB_7.11.mp3,audio,CQACAgQAAxkBAAIGEGqitOD4TNi3Q-1mSH-E-3k_wO1AAAJtJAAC4Fz4UH19JWPjhXllPQQ,76,2.91,Book3-SB-Tracks,2026-09-10T17:47:13.850888
AEF3e_Level_3_SB_7.18.mp3,audio,CQACAgQAAxkBAAIGEWqitOBs3y6_A6Bncxw7eY5c624_AAJuJAAC4Fz4UM3JvlG9x1UzPQQ,51,1.96,Book3-SB-Tracks,2026-09-10T17:47:13.851602
AEF3e_Level_3_SB_8.22.mp3,audio,CQACAgQAAxkBAAIGEmqitOCEpEe11kaiiCT-loPrDU9cAAJvJAAC4Fz4UIH3ueuU_b4pPQQ,146,5.59,Book3-SB-Tracks,2026-09-10T17:47:13.852306
AEF3e_Level_3_SB_10.07.mp3,audio,CQACAgQAAxkBAAIGE2qitOC4I88TxsDg-t19XuCSjDpUAAJwJAAC4Fz4UCvlQK8arFV_PQQ,81,3.13,Book3-SB-Tracks,2026-09-10T17:47:13.853062
AEF3e_Level_3_SB_1.17.mp3,audio,CQACAgQAAxkBAAIGFGqitOBkWLrOAWdw9wVPCf5vKh2vAAJxJAAC4Fz4UCx14n3cBhURPQQ,17,0.66,Book3-SB-Tracks,2026-09-10T17:47:13.853913
AEF3e_Level_3_SB_4.06.mp3,audio,CQACAgQAAxkBAAIGFWqitOA8BfBRlwdSFmG3qPMRkLjtAAJyJAAC4Fz4UOnw5nvXGAvXPQQ,6,0.26,Book3-SB-Tracks,2026-09-10T17:47:13.854750
AEF3e_Level_3_SB_3.05.mp3,audio,CQACAgQAAxkBAAIGFmqitOB2WvfjUFYx2eRYWDMK4gcXAAJzJAAC4Fz4UFXNfwZ6iQPTPQQ,16,0.62,Book3-SB-Tracks,2026-09-10T17:47:13.855639
AEF3e_Level_3_SB_5.03.mp3,audio,CQACAgQAAxkBAAIGGGqitOcHks7hYiAhH5qMXVLkSVGCAALhJAAC4Fz4UFIHp7nOAZDxPQQ,42,1.61,Book3-SB-Tracks,2026-09-10T17:47:19.892909
AEF3e_Level_3_SB_1.21.mp3,audio,CQACAgQAAxkBAAIGGWqitOf_lOO-dKYzIp7v6q4uK5yRAALiJAAC4Fz4UJOQ4ZU9-meaPQQ,29,1.14,Book3-SB-Tracks,2026-09-10T17:47:19.894091
AEF3e_Level_3_SB_3.09.mp3,audio,CQACAgQAAxkBAAIGGmqitOdNqMzp6U-VyIs7OaY1jpreAALjJAAC4Fz4UEFcoFXbmcMWPQQ,27,1.05,Book3-SB-Tracks,2026-09-10T17:47:19.894891
AEF3e_Level_3_SB_3.32.mp3,audio,CQACAgQAAxkBAAIGJGqitOcUUdjOlEAZNaKmX1yOu7EvAALtJAAC4Fz4UPAk97paaxeIPQQ,89,3.43,Book3-SB-Tracks,2026-09-10T17:47:19.895755
AEF3e_Level_3_SB_7.03.mp3,audio,CQACAgQAAxkBAAIGJWqitOfQCS54NR6ZgoBCSvBh8GTUAALuJAAC4Fz4UO_V36amGtxvPQQ,40,1.53,Book3-SB-Tracks,2026-09-10T17:47:19.896593
AEF3e_Level_3_SB_5.18.mp3,audio,CQACAgQAAxkBAAIGJmqitOfsUoxoOLwMFlFSU2Nbh4uaAALvJAAC4Fz4UNN8-MSgxbOHPQQ,48,1.87,Book3-SB-Tracks,2026-09-10T17:47:19.897288
AEF3e_Level_3_SB_5.28.mp3,audio,CQACAgQAAxkBAAIGHWqitOdNqItGtTYlzrNU5kD01AmxAALmJAAC4Fz4UGrTuttwV58DPQQ,37,1.43,Book3-SB-Tracks,2026-09-10T17:47:19.898000
AEF3e_Level_3_SB_9.18.mp3,audio,CQACAgQAAxkBAAIGJ2qitOcpJO4d4F7oaOAPOt-hypONAALwJAAC4Fz4UPMJn3ajpabOPQQ,31,1.2,Book3-SB-Tracks,2026-09-10T17:47:19.898715
AEF3e_Level_3_SB_8.06.mp3,audio,CQACAgQAAxkBAAIGKGqitOcn5FiFHuoKlEPlYAaNyswcAALxJAAC4Fz4UEFmcxEM3SP7PQQ,35,1.36,Book3-SB-Tracks,2026-09-10T17:47:19.899594
AEF3e_Level_3_SB_10.01.mp3,audio,CQACAgQAAxkBAAIGIGqitOdDOzD3TBooTmr1Yjmf0ja5AALpJAAC4Fz4UPwEgCfiUP4cPQQ,39,1.52,Book3-SB-Tracks,2026-09-10T17:47:19.900571
AEF3e_Level_3_SB_3.24.mp3,audio,CQACAgQAAxkBAAIGKWqitOeT-hKLD0QMkXZSu8AcLYFGAALyJAAC4Fz4UBXAzke-5dzHPQQ,240,9.18,Book3-SB-Tracks,2026-09-10T17:47:19.901720
AEF3e_Level_3_SB_9.24.mp3,audio,CQACAgQAAxkBAAIGKmqitOc2KJdYRvSjiLv1oQAB8uAAAbIAAvMkAALgXPhQ9HRekSOu61k9BA,49,1.89,Book3-SB-Tracks,2026-09-10T17:47:19.902792
AEF3e_Level_3_SB_6.08.mp3,audio,CQACAgQAAxkBAAIGK2qitOfNWYX4gZOMsGVvu60hP0fKAAL0JAAC4Fz4UGEG-lTBOBqWPQQ,35,1.37,Book3-SB-Tracks,2026-09-10T17:47:19.904138
AEF3e_Level_3_SB_7.27.mp3,audio,CQACAgQAAxkBAAIGLGqitOdOEtNC9Q_TyKTY0_b4gJ8ZAAL1JAAC4Fz4UFCvaZd8w_GZPQQ,75,2.88,Book3-SB-Tracks,2026-09-10T17:47:19.905177
AEF3e_Level_3_SB_2.20.mp3,audio,CQACAgQAAxkBAAIGI2qitOdOOt2CMzCKrEiazM36KVkMAALsJAAC4Fz4UMJ40VoMWXeRPQQ,121,4.65,Book3-SB-Tracks,2026-09-10T17:47:19.906079
AEF3e_Level_3_SB_5.21.mp3,audio,CQACAgQAAxkBAAIGHGqitOcYPsucGFP43yfuM8TZagV5AALlJAAC4Fz4UKjUXeF5MOG7PQQ,99,3.79,Book3-SB-Tracks,2026-09-10T17:47:19.906940
AEF3e_Level_3_SB_6.14.mp3,audio,CQACAgQAAxkBAAIGLWqitOfEjo1yjeBVWDb8PGIelVWrAAL2JAAC4Fz4UAhMvZOihS1rPQQ,113,4.34,Book3-SB-Tracks,2026-09-10T17:47:19.908100
AEF3e_Level_3_SB_7.12.mp3,audio,CQACAgQAAxkBAAIGHmqitOck7h8mWHj2nyp0SegmoY0SAALnJAAC4Fz4UMzkSqbQAAE0rz0E,69,2.64,Book3-SB-Tracks,2026-09-10T17:47:19.909466
AEF3e_Level_3_SB_10.16.mp3,audio,CQACAgQAAxkBAAIGLmqitOfg5kdj76Jcu3w0LBPwx7PfAAL3JAAC4Fz4UISygoH5im7qPQQ,186,7.1,Book3-SB-Tracks,2026-09-10T17:47:19.910338
AEF3e_Level_3_SB_8.04.mp3,audio,CQACAgQAAxkBAAIGL2qitOcstLhg9vPM0o0VVomZr_iWAAL4JAAC4Fz4UPLdZNi70KAzPQQ,86,3.3,Book3-SB-Tracks,2026-09-10T17:47:19.911249
AEF3e_Level_3_SB_2.02.mp3,audio,CQACAgQAAxkBAAIGMGqitOeFpVEG8OkzT4pOZ7S7jPmVAAL5JAAC4Fz4UJJh6uM2HvU5PQQ,60,2.3,Book3-SB-Tracks,2026-09-10T17:47:19.912225
AEF3e_Level_3_SB_10.08.mp3,audio,CQACAgQAAxkBAAIGIWqitOd6m4hnTLyltVQJfZx2ZMA9AALqJAAC4Fz4UB1syLCB-hE-PQQ,93,3.58,Book3-SB-Tracks,2026-09-10T17:47:19.913157
AEF3e_Level_3_SB_1.18.mp3,audio,CQACAgQAAxkBAAIGImqitOcWhbPyjL_AQiuFFrq4f9jgAALrJAAC4Fz4UCx5KWRUl2BOPQQ,23,0.91,Book3-SB-Tracks,2026-09-10T17:47:19.914163
AEF3e_Level_3_SB_3.14.mp3,audio,CQACAgQAAxkBAAIGMWqitOfAZPh8XI68-h_Sw6C9jSKOAAL6JAAC4Fz4UDYuCMvUlSmoPQQ,32,1.26,Book3-SB-Tracks,2026-09-10T17:47:19.915547
AEF3e_Level_3_SB_4.14.mp3,audio,CQACAgQAAxkBAAIGMmqitOf4E_rBHlsWhpZ2Eaghaqp6AAL7JAAC4Fz4UAAB3tBBF0JJWz0E,36,1.41,Book3-SB-Tracks,2026-09-10T17:47:19.916562
AEF3e_Level_3_SB_1.27.mp3,audio,CQACAgQAAxkBAAIGG2qitOfLyKl0N1YrchQQY3NF1hUgAALkJAAC4Fz4UE_h1G0PNCFhPQQ,152,5.81,Book3-SB-Tracks,2026-09-10T17:47:19.917342
AEF3e_Level_3_SB_4.21.mp3,audio,CQACAgQAAxkBAAIGM2qitOfa0Wu4K4QbJbC3JEMutNjwAAL8JAAC4Fz4UCRIwqXsjtWMPQQ,139,5.31,Book3-SB-Tracks,2026-09-10T17:47:19.918072
AEF3e_Level_3_SB_6.05.mp3,audio,CQACAgQAAxkBAAIGNGqitOcSTvxsZaiUJ5odTnSgCcBDAAL9JAAC4Fz4UFP76iW12Zq9PQQ,135,5.16,Book3-SB-Tracks,2026-09-10T17:47:19.918706
AEF3e_Level_3_SB_7.17.mp3,audio,CQACAgQAAxkBAAIGNWqitOfo8Op9lTxRyJ4x8DZm2YrIAAL-JAAC4Fz4UImw7yESr9urPQQ,36,1.41,Book3-SB-Tracks,2026-09-10T17:47:19.919381
AEF3e_Level_3_SB_8.21.mp3,audio,CQACAgQAAxkBAAIGNmqitOfbwg7w0EtJ2IpoWXwf5ff0AAL_JAAC4Fz4UJmugHqljjZYPQQ,68,2.61,Book3-SB-Tracks,2026-09-10T17:47:19.919974
AEF3e_Level_3_SB_1.24.mp3,audio,CQACAgQAAxkBAAIGN2qitOdUd0pQKhLEQkzwxkRYcihTAAMlAALgXPhQ64GuRH0B4dw9BA,46,1.76,Book3-SB-Tracks,2026-09-10T17:47:19.920886
AEF3e_Level_3_SB_10.13.mp3,audio,CQACAgQAAxkBAAIGOGqitOfIll3ZUbxtiMtqdmyTVLbYAAIBJQAC4Fz4UOztOUWpLgoHPQQ,31,1.2,Book3-SB-Tracks,2026-09-10T17:47:19.921781
AEF3e_Level_3_SB_4.05.mp3,audio,CQACAgQAAxkBAAIGOWqitOfjRQ8lv2-AIT5ZB-Z-aQxdAAICJQAC4Fz4UP5ELsk3I4f0PQQ,12,0.49,Book3-SB-Tracks,2026-09-10T17:47:19.923309
AEF3e_Level_3_SB_3.04.mp3,audio,CQACAgQAAxkBAAIGOmqitOepPA-pWHumNKPBB7e4IwXaAAIDJQAC4Fz4UDMHQCJO5q2MPQQ,46,1.78,Book3-SB-Tracks,2026-09-10T17:47:19.924210
AEF3e_Level_3_SB_8.13.mp3,audio,CQACAgQAAxkBAAIGO2qitOdSWTVTHx2jAgyy6r2NjAygAAIEJQAC4Fz4UBZuM4vibl7MPQQ,60,2.3,Book3-SB-Tracks,2026-09-10T17:47:19.925014
AEF3e_Level_3_SB_4.11.mp3,audio,CQACAgQAAxkBAAIGPGqitOdmbf8PnYz85h3G49i19ExIAAIFJQAC4Fz4UHNJKuEfHaJUPQQ,299,11.42,Book3-SB-Tracks,2026-09-10T17:47:19.925648
AEF3e_Level_3_SB_1.08.mp3,audio,CQACAgQAAxkBAAIGPWqitOcMsyXKrur-WfJ7aHHam7-AAAIGJQAC4Fz4UKbc0aoyOJkKPQQ,149,5.71,Book3-SB-Tracks,2026-09-10T17:47:19.926399
AEF3e_Level_3_SB_2.17.mp3,audio,CQACAgQAAxkBAAIGPmqitOdEtr_MbhAgJJrmEtnS0PVuAAIHJQAC4Fz4UFpHayrYci0oPQQ,28,1.1,Book3-SB-Tracks,2026-09-10T17:47:19.927170
AEF3e_Level_3_SB_1.14.mp3,audio,CQACAgQAAxkBAAIGP2qitOeS0oAxSGzQphbG34oTJgkiAAIIJQAC4Fz4UKpKAAHui6inkT0E,98,3.76,Book3-SB-Tracks,2026-09-10T17:47:19.927923
AEF3e_Level_3_SB_5.08.mp3,audio,CQACAgQAAxkBAAIGQGqitOeKrGOX61bDQMd3Q7S6N3xzAAIJJQAC4Fz4UGoohb37ZahWPQQ,43,1.65,Book3-SB-Tracks,2026-09-10T17:47:19.928838
AEF3e_Level_3_SB_3.02.mp3,audio,CQACAgQAAxkBAAIGQWqitOd88OiI0Vj0j9Ryhs_APnewAAIKJQAC4Fz4UFotFVPnZzaJPQQ,45,1.74,Book3-SB-Tracks,2026-09-10T17:47:19.929649
AEF3e_Level_3_SB_8.16.mp3,audio,CQACAgQAAxkBAAIGH2qitOdto2LCejTTsH-4p2ca0637AALoJAAC4Fz4UEipDrdH_SqOPQQ,36,1.38,Book3-SB-Tracks,2026-09-10T17:47:19.930635
AEF3e_Level_3_SB_6.20.mp3,audio,CQACAgQAAxkBAAIGQmqitOdW6M3BvCwjlgF4RHB2LCVJAAILJQAC4Fz4UNSWynVgrse2PQQ,68,2.62,Book3-SB-Tracks,2026-09-10T17:47:19.932043
AEF3e_Level_3_SB_5.14.mp3,audio,CQACAgQAAxkBAAIGQ2qitOfkCeT3MK83IOqbll_xvkHvAAIMJQAC4Fz4UGrhRYTkoDujPQQ,22,0.87,Book3-SB-Tracks,2026-09-10T17:47:19.933021
AEF3e_Level_3_SB_9.14.mp3,audio,CQACAgQAAxkBAAIGRGqitOe3cOg9j6vcm60R8C3-58jmAAINJQAC4Fz4UAVG0F5JraNUPQQ,57,2.18,Book3-SB-Tracks,2026-09-10T17:47:19.933755
AEF3e_Level_3_SB_9.21.mp3,audio,CQACAgQAAxkBAAIGRWqitOfowi7L3iNHnXCPcUjtV5iiAAIOJQAC4Fz4UKpat5HQDl7QPQQ,135,5.19,Book3-SB-Tracks,2026-09-10T17:47:19.934414
AEF3e_Level_3_SB_1.05.mp3,audio,CQACAgQAAxkBAAIGRmqitOdTxh2-VaENeVPmMRUsA670AAIPJQAC4Fz4UP17RVXDzXFPPQQ,67,2.56,Book3-SB-Tracks,2026-09-10T17:47:19.935026
AEF3e_Level_3_SB_2.07.mp3,audio,CQACAgQAAxkBAAIGR2qitOd7C8D3vn-fKKcy3GJRKX67AAIQJQAC4Fz4UGCwSOhFzP3IPQQ,40,1.54,Book3-SB-Tracks,2026-09-10T17:47:19.935582
AEF3e_Level_3_SB_7.02.mp3,audio,CQACAgQAAxkBAAIGSGqitOjwFsnAmJNmFSsucng6wYX9AAJ0JAAC4Fz4UMtSItXo0dHcPQQ,97,3.74,Book3-SB-Tracks,2026-09-10T17:47:22.085232
AEF3e_Level_3_SB_5.17.mp3,audio,CQACAgQAAxkBAAIGSWqitOiIP9GR6_ergMWJ9JF47qaOAAJ1JAAC4Fz4UPOnQDuuCAKJPQQ,73,2.81,Book3-SB-Tracks,2026-09-10T17:47:22.086179
AEF3e_Level_3_SB_2.08.mp3,audio,CQACAgQAAxkBAAIGVGqitOjubVjxFfBPolO2RrI6cFaqAAKAJAAC4Fz4UG_VCeDLnCaOPQQ,56,2.17,Book3-SB-Tracks,2026-09-10T17:47:22.086880
AEF3e_Level_3_SB_2.01.mp3,audio,CQACAgQAAxkBAAIGU2qitOioodK50YG9EyiMUpKurhitAAJ_JAAC4Fz4UAEglv1uw63JPQQ,89,3.41,Book3-SB-Tracks,2026-09-10T17:47:22.087522
AEF3e_Level_3_SB_3.20.mp3,audio,CQACAgQAAxkBAAIGVWqitOgL6dH9mOglAAGCN0Oi1c43ZgACgSQAAuBc-FBezNW2a-cSpj0E,39,1.53,Book3-SB-Tracks,2026-09-10T17:47:22.088152
AEF3e_Level_3_SB_4.20.mp3,audio,CQACAgQAAxkBAAIGVmqitOg85uoyA3yV63l6rEfcYS56AAKCJAAC4Fz4UIFCjQP5ji73PQQ,104,4,Book3-SB-Tracks,2026-09-10T17:47:22.088796
AEF3e_Level_3_SB_6.04.mp3,audio,CQACAgQAAxkBAAIGV2qitOhTdf4hVZ1Ub3XcmHagyzahAAKDJAAC4Fz4UDfb1GrznPQpPQQ,68,2.61,Book3-SB-Tracks,2026-09-10T17:47:22.089377
AEF3e_Level_3_SB_7.08.mp3,audio,CQACAgQAAxkBAAIGS2qitOjLYoT67ulCI97fw-1VATgIAAJ3JAAC4Fz4UOUWOmuhZIhjPQQ,125,4.77,Book3-SB-Tracks,2026-09-10T17:47:22.089982
AEF3e_Level_3_SB_1.09.mp3,audio,CQACAgQAAxkBAAIGSmqitOjZjY6mJmD6XE3uRgcmLEmXAAJ2JAAC4Fz4UBm-Xm5MDMcuPQQ,145,5.55,Book3-SB-Tracks,2026-09-10T17:47:22.091708
AEF3e_Level_3_SB_5.09.mp3,audio,CQACAgQAAxkBAAIGTWqitOiUQk0-Ql6DHVAghnGwZdtMAAJ5JAAC4Fz4UCjWpmYC9rRFPQQ,168,6.43,Book3-SB-Tracks,2026-09-10T17:47:22.092753
AEF3e_Level_3_SB_9.06.mp3,audio,CQACAgQAAxkBAAIGWGqitOi3a6AXnvBGm3QU-eAGTgyPAAKEJAAC4Fz4UKU3dvQwROvePQQ,42,1.63,Book3-SB-Tracks,2026-09-10T17:47:22.093532
AEF3e_Level_3_SB_3.29.mp3,audio,CQACAgQAAxkBAAIGTmqitOh1dMqvr8B1fcba0nPJ01zwAAJ6JAAC4Fz4UM1Fwqw05lg2PQQ,160,6.14,Book3-SB-Tracks,2026-09-10T17:47:22.094397
AEF3e_Level_3_SB_5.15.mp3,audio,CQACAgQAAxkBAAIGUGqitOiS-H8lT_zDk1_hVX0DeG1hAAJ8JAAC4Fz4UB4K6Di8zBthPQQ,83,3.18,Book3-SB-Tracks,2026-09-10T17:47:22.095782
AEF3e_Level_3_SB_7.26.mp3,audio,CQACAgQAAxkBAAIGT2qitOhI-OELTdg8bMiR0IKwcGT1AAJ7JAAC4Fz4UPeDp25aywQBPQQ,72,2.78,Book3-SB-Tracks,2026-09-10T17:47:22.096591
AEF3e_Level_3_SB_7.23.mp3,audio,CQACAgQAAxkBAAIGWWqitOg4o_f78wTtFGz8QS5nPvCbAAKFJAAC4Fz4UJdqaHKdRriMPQQ,48,1.86,Book3-SB-Tracks,2026-09-10T17:47:22.097363
AEF3e_Level_3_SB_1.23.mp3,audio,CQACAgQAAxkBAAIGWmqitOjUOhOsW0y0Q5LDGcHShnQaAAKGJAAC4Fz4UPqyuhU6_VnAPQQ,59,2.28,Book3-SB-Tracks,2026-09-10T17:47:22.098101
AEF3e_Level_3_SB_10.12.mp3,audio,CQACAgQAAxkBAAIGW2qitOhfdvlOVehNp8ePpI4Hks3AAAKHJAAC4Fz4UNKv8w3v8bNGPQQ,33,1.28,Book3-SB-Tracks,2026-09-10T17:47:22.099059
AEF3e_Level_3_SB_5.24.mp3,audio,CQACAgQAAxkBAAIGXGqitOi1ro2Ch7e0zm0diJD5mNTwAAKIJAAC4Fz4UMxBr8vYyfr-PQQ,147,5.63,Book3-SB-Tracks,2026-09-10T17:47:22.099954
AEF3e_Level_3_SB_3.23.mp3,audio,CQACAgQAAxkBAAIGTGqitOgNCAYfzdmPnBcmyuLlNf0HAAJ4JAAC4Fz4UOENUX29LZ23PQQ,35,1.36,Book3-SB-Tracks,2026-09-10T17:47:22.100657
AEF3e_Level_3_SB_1.29.mp3,audio,CQACAgQAAxkBAAIGXWqitOgIpxIuafsZLMXSfvyDZcbYAAKJJAAC4Fz4UCQKG1bBcwliPQQ,45,1.74,Book3-SB-Tracks,2026-09-10T17:47:22.101294
AEF3e_Level_3_SB_8.12.mp3,audio,CQACAgQAAxkBAAIGXmqitOh_KapR7idm9zndsIoDqpmcAAKKJAAC4Fz4UF_B41atZxSNPQQ,68,2.63,Book3-SB-Tracks,2026-09-10T17:47:22.101973
AEF3e_Level_3_SB_10.04.mp3,audio,CQACAgQAAxkBAAIGX2qitOjJRWqrPt9oDTCFpo0UuJriAAKLJAAC4Fz4UL_JH3aUs57tPQQ,335,12.8,Book3-SB-Tracks,2026-09-10T17:47:22.102817
AEF3e_Level_3_SB_9.15.mp3,audio,CQACAgQAAxkBAAIGUWqitOivdUcC3KQZCElvh5G-3ySaAAJ9JAAC4Fz4UGwq-_Ba1EwMPQQ,44,1.68,Book3-SB-Tracks,2026-09-10T17:47:22.103530
AEF3e_Level_3_SB_8.18.mp3,audio,CQACAgQAAxkBAAIGYGqitOhEVEGpuqIwifH3aJ3-FprEAAKMJAAC4Fz4UDZzs5MPCT2ZPQQ,50,1.93,Book3-SB-Tracks,2026-09-10T17:47:22.104879
AEF3e_Level_3_SB_2.16.mp3,audio,CQACAgQAAxkBAAIGYWqitOiIipJdg8duqn_CMrmRwWsZAAKNJAAC4Fz4UOuqllbCVD5tPQQ,25,0.97,Book3-SB-Tracks,2026-09-10T17:47:22.105929
AEF3e_Level_3_SB_10.10.mp3,audio,CQACAgQAAxkBAAIGYmqitOjDXlxUPcFWAhxN-aXXencuAAKOJAAC4Fz4UAABFskjNiYYTj0E,28,1.07,Book3-SB-Tracks,2026-09-10T17:47:22.106876
AEF3e_Level_3_SB_4.02.mp3,audio,CQACAgQAAxkBAAIGY2qitOiNSTInaUJvOY7OCKi5ixkLAAKPJAAC4Fz4UJDMl50wfIL3PQQ,177,6.77,Book3-SB-Tracks,2026-09-10T17:47:22.107794
AEF3e_Level_3_SB_3.01.mp3,audio,CQACAgQAAxkBAAIGZGqitOjpwgFGa4T4BNi6HFrVP-piAAKQJAAC4Fz4UFeNJMDGeaIjPQQ,144,5.52,Book3-SB-Tracks,2026-09-10T17:47:22.108424
AEF3e_Level_3_SB_6.19.mp3,audio,CQACAgQAAxkBAAIGZWqitOhqLGra6MuLgju_pLqGlqCZAAKRJAAC4Fz4UDIt3VEuy6qGPQQ,140,5.35,Book3-SB-Tracks,2026-09-10T17:47:22.109069
AEF3e_Level_3_SB_7.05.mp3,audio,CQACAgQAAxkBAAIGZmqitOhNGbvL9-I9nwEmBidwOzsNAAKYJAAC4Fz4UH2266QiITE-PQQ,46,1.76,Book3-SB-Tracks,2026-09-10T17:47:22.109710
AEF3e_Level_3_SB_8.09.mp3,audio,CQACAgQAAxkBAAIGZ2qitOjtHMFP9CF0smwF6wphaWqEAAKZJAAC4Fz4UBbatwHKq9MePQQ,115,4.39,Book3-SB-Tracks,2026-09-10T17:47:22.110386
AEF3e_Level_3_SB_9.20.mp3,audio,CQACAgQAAxkBAAIGaGqitOg87NjNeKP8KlX2XCBD_NqZAAKaJAAC4Fz4UP-Mi_Ah4HrvPQQ,36,1.41,Book3-SB-Tracks,2026-09-10T17:47:22.111016
AEF3e_Level_3_SB_1.04.mp3,audio,CQACAgQAAxkBAAIGaWqitOhbnaaMy6DXWkVcuXs7Pl1WAAKbJAAC4Fz4UMW2b3ZLN1xBPQQ,37,1.44,Book3-SB-Tracks,2026-09-10T17:47:22.111662
AEF3e_Level_3_SB_3.26.mp3,audio,CQACAgQAAxkBAAIGamqitOg-SQglISuftMXnSh2wUFWLAAKcJAAC4Fz4UPNZzGCdJo_lPQQ,136,5.23,Book3-SB-Tracks,2026-09-10T17:47:22.113107
AEF3e_Level_3_SB_2.13.mp3,audio,CQACAgQAAxkBAAIGa2qitOgQlXH_SRm-tqvZxR2UEm4RAAKdJAAC4Fz4UL4v54noWZ7nPQQ,81,3.11,Book3-SB-Tracks,2026-09-10T17:47:22.114089
AEF3e_Level_3_SB_6.10.mp3,audio,CQACAgQAAxkBAAIGbGqitOgZhWW1hgY7GcbxeSYZ1RLmAAKeJAAC4Fz4UC84Pu2g9RE_PQQ,44,1.68,Book3-SB-Tracks,2026-09-10T17:47:22.115186
AEF3e_Level_3_SB_5.04.mp3,audio,CQACAgQAAxkBAAIGbWqitOhM1_VYhCOiBK_gI9NMM4kAA58kAALgXPhQDJwpEP6KkFk9BA,66,2.52,Book3-SB-Tracks,2026-09-10T17:47:22.115912
AEF3e_Level_3_SB_8.03.mp3,audio,CQACAgQAAxkBAAIGUmqitOjMcCqKIMk2SK_OnYMXpiGYAAJ-JAAC4Fz4UBrR17DanBs2PQQ,66,2.55,Book3-SB-Tracks,2026-09-10T17:47:22.116535
AEF3e_Level_3_SB_7.29.mp3,audio,CQACAgQAAxkBAAIGbmqitOhYsJeSTWLWQvJ3f371F74xAAKgJAAC4Fz4UHqUVgXpjHB_PQQ,64,2.47,Book3-SB-Tracks,2026-09-10T17:47:22.117188
AEF3e_Level_3_SB_6.16.mp3,audio,CQACAgQAAxkBAAIGb2qitOhtcq7W8tKebcc11rhVXDQyAAKhJAAC4Fz4UHfTLhsztnOKPQQ,29,1.13,Book3-SB-Tracks,2026-09-10T17:47:22.117983
AEF3e_Level_3_SB_3.10.mp3,audio,CQACAgQAAxkBAAIGcGqitOgdFc0RzxkOOjXG-7gwGf8JAAKiJAAC4Fz4UOBGyqODWD9ePQQ,45,1.75,Book3-SB-Tracks,2026-09-10T17:47:22.118696
AEF3e_Level_3_SB_9.10.mp3,audio,CQACAgQAAxkBAAIGcWqitOj-0O81hyJqQr9a-d9EjU-uAAKjJAAC4Fz4UGsUsO6Noly7PQQ,88,3.36,Book3-SB-Tracks,2026-09-10T17:47:22.119313
AEF3e_Level_3_SB_4.17.mp3,audio,CQACAgQAAxkBAAIGcmqitOhkK7V7o7CIdOIGoewbsow-AAKkJAAC4Fz4UNYrg_OhUgRJPQQ,88,3.37,Book3-SB-Tracks,2026-09-10T17:47:22.119940
AEF3e_Level_3_SB_3.16.mp3,audio,CQACAgQAAxkBAAIGc2qitOgh-oQUK_m207yzWBbqP7BtAAKlJAAC4Fz4UI30KRzPs2yoPQQ,252,9.62,Book3-SB-Tracks,2026-09-10T17:47:22.121178
AEF3e_Level_3_SB_7.13.mp3,audio,CQACAgQAAxkBAAIGdGqitOgkiXgS6-T5mBljBVA37nX1AAKmJAAC4Fz4UPPfS1NRR2PGPQQ,41,1.58,Book3-SB-Tracks,2026-09-10T17:47:22.122143
AEF3e_Level_3_SB_5.02.mp3,audio,CQACAgQAAxkBAAIGdWqitOjNnKbW7BUW4neOQiM-nMY2AAKnJAAC4Fz4UOfGH44iXEpjPQQ,60,2.3,Book3-SB-Tracks,2026-09-10T17:47:22.123410
AEF3e_Level_3_SB_9.02.mp3,audio,CQACAgQAAxkBAAIGdmqitOjkS2dkamsGY3nBpAABsr5cJAACqCQAAuBc-FCULI3i1ahn-T0E,138,5.27,Book3-SB-Tracks,2026-09-10T17:47:22.124134
AEF3e_Level_3_SB_7.19.mp3,audio,CQACAgQAAxkBAAIGd2qitOhrIS---hArGEXyaVNg4QLgAAKpJAAC4Fz4UCCoVgeLr4OWPQQ,68,2.6,Book3-SB-Tracks,2026-09-10T17:47:22.124813
AEF3e_Level_3_SB_1.19.mp3,audio,CQACAgQAAxkBAAIGeGqitOjwikgAASAxSFdfP5m1SOFgoQACqyQAAuBc-FAaHWo7M1jj_z0E,29,1.14,Book3-SB-Tracks,2026-09-10T17:47:22.125430
AEF3e_Level_3_SB_1.26.mp3,audio,CQACAgQAAxkBAAIGeWqitOj8W1Mf_5fvFTYVpSJw5g7zAAKsJAAC4Fz4UEyKWew_T5ghPQQ,112,4.29,Book3-SB-Tracks,2026-09-10T17:47:22.126097
AEF3e_Level_3_SB_3.07.mp3,audio,CQACAgQAAxkBAAIGemqitOgm5iIAAYpNBcFlxWf1w-KcyQACrSQAAuBc-FCsXddctRGbyD0E,55,2.12,Book3-SB-Tracks,2026-09-10T17:47:22.126734
AEF3e_Level_3_SB_4.07.mp3,audio,CQACAgQAAxkBAAIGe2qitOh4e-6BDhm6y76T6RfaB7WkAAKuJAAC4Fz4UEJcAXEhsEADPQQ,24,0.94,Book3-SB-Tracks,2026-09-10T17:47:22.127541
AEF3e_Level_3_SB_5.19.mp3,audio,CQACAgQAAxkBAAIGfGqitOjD1DXpfnKRVkHmyZmdQtFeAAKvJAAC4Fz4UICFRs9MNra1PQQ,40,1.55,Book3-SB-Tracks,2026-09-10T17:47:22.128264
AEF3e_Level_3_SB_8.15.mp3,audio,CQACAgQAAxkBAAIGfWqitOjASMIjJcV8Y_l_eB9mLvMQAAKwJAAC4Fz4UH_xZXVe0HZQPQQ,183,7,Book3-SB-Tracks,2026-09-10T17:47:22.129379
AEF3e_Level_3_SB_7.10.mp3,audio,CQACAgQAAxkBAAIGfmqitOhLUmSfJ26uftKpXxvZgET-AAKxJAAC4Fz4UMTAKtEf48JNPQQ,77,2.95,Book3-SB-Tracks,2026-09-10T17:47:22.130171
AEF3e_Level_3_SB_1.10.mp3,audio,CQACAgQAAxkBAAIGf2qitOjbfo80X2ebPeEX_4IYNAFnAAKyJAAC4Fz4UNR8IjyReuobPQQ,26,1.02,Book3-SB-Tracks,2026-09-10T17:47:22.131083
AEF3e_Level_3_SB_9.25.mp3,audio,CQACAgQAAxkBAAIGgGqitOjxNA_jZXAaOwPGRu_r8KFXAAKzJAAC4Fz4UNzE5A0mIiTmPQQ,112,4.29,Book3-SB-Tracks,2026-09-10T17:47:22.131909
AEF3e_Level_3_SB_2.19.mp3,audio,CQACAgQAAxkBAAIGgWqitOgz4K-UfdWWWWVaR5wOlHRXAAK0JAAC4Fz4UKsvVDt15dZ-PQQ,110,4.2,Book3-SB-Tracks,2026-09-10T17:47:22.132691
AEF3e_Level_3_SB_1.16.mp3,audio,CQACAgQAAxkBAAIGgmqitOjHZdpXc3ARszZeGTghyIUhAAK1JAAC4Fz4UDSTvKiLxXHoPQQ,24,0.92,Book3-SB-Tracks,2026-09-10T17:47:22.133446
AEF3e_Level_3_SB_5.10.mp3,audio,CQACAgQAAxkBAAIGg2qitOjTiApp0kPOdb34YjHjJuGCAAK2JAAC4Fz4UPm8hEgkRKqFPQQ,82,3.14,Book3-SB-Tracks,2026-09-10T17:47:22.134074
AEF3e_Level_3_SB_3.30.mp3,audio,CQACAgQAAxkBAAIGhGqitOgFCCq2k3wGvRTEhsHWc_ivAAK3JAAC4Fz4UJ2C_Y7c12gtPQQ,63,2.44,Book3-SB-Tracks,2026-09-10T17:47:22.134688
AEF3e_Level_3_SB_9.17.mp3,audio,CQACAgQAAxkBAAIGhWqitOg1xvUQ3yKlF6HrOG1QHJO-AAK4JAAC4Fz4UMdSwpjanzymPQQ,45,1.75,Book3-SB-Tracks,2026-09-10T17:47:22.135313
AEF3e_Level_3_SB_5.16.mp3,audio,CQACAgQAAxkBAAIGhmqitOhH64ncA6QnRWuSpg_mnlagAAK5JAAC4Fz4UG3Sd5EsgnTRPQQ,63,2.43,Book3-SB-Tracks,2026-09-10T17:47:22.135988
AEF3e_Level_3_SB_2.03.mp3,audio,CQACAgQAAxkBAAIGh2qitOj74jLQvD8zpkpXBu8roV9YAAK6JAAC4Fz4UHo6-7ht518SPQQ,44,1.69,Book3-SB-Tracks,2026-09-10T17:47:22.136603
AEF3e_Level_3_SB_9.23.mp3,audio,CQACAgQAAxkBAAIGiGqitOiTRc7EJpSr_qlpGDcaGDkbAAK7JAAC4Fz4UDZhzZ5Pdk5nPQQ,48,1.86,Book3-SB-Tracks,2026-09-10T17:47:22.137894
AEF3e_Level_3_SB_3.22.mp3,audio,CQACAgQAAxkBAAIGiWqitOgpZobhg3t339QeEHTqvirkAAK8JAAC4Fz4UPlGaUXhbeOvPQQ,23,0.89,Book3-SB-Tracks,2026-09-10T17:47:22.138753
AEF3e_Level_3_SB_2.09.mp3,audio,CQACAgQAAxkBAAIGimqitOiRi8nC1kuW_Pp6We77ptoyAAK9JAAC4Fz4UE0gmiOpEWKWPQQ,44,1.69,Book3-SB-Tracks,2026-09-10T17:47:22.139824
AEF3e_Level_3_SB_6.06.mp3,audio,CQACAgQAAxkBAAIGi2qitOiiPciWZK66StHyUfAg09lkAAK-JAAC4Fz4UJ0xx-McdVhBPQQ,58,2.24,Book3-SB-Tracks,2026-09-10T17:47:22.140843
AEF3e_Level_3_SB_6.13.mp3,audio,CQACAgQAAxkBAAIGjGqitOiqFd2Rn6AQNDSRa9HUpFYRAAK_JAAC4Fz4UNfNL3kXYBeHPQQ,16,0.63,Book3-SB-Tracks,2026-09-10T17:47:22.141557
AEF3e_Level_3_SB_7.25.mp3,audio,CQACAgQAAxkBAAIGjWqitOh29efX3jobMmacHnaXlwABdwACwCQAAuBc-FC6B8oCm5Ufzj0E,170,6.5,Book3-SB-Tracks,2026-09-10T17:47:22.142174
AEF3e_Level_3_SB_9.07.mp3,audio,CQACAgQAAxkBAAIGjmqitOh2omcz81z40xBCQS2hVaEjAALBJAAC4Fz4UPqsfAh1ok23PQQ,69,2.65,Book3-SB-Tracks,2026-09-10T17:47:22.142797
AEF3e_Level_3_SB_10.14.mp3,audio,CQACAgQAAxkBAAIGj2qitOjdyTLtmGoFNcXR1pGB2PfpAALCJAAC4Fz4UNB8J7IM-eiRPQQ,163,6.25,Book3-SB-Tracks,2026-09-10T17:47:22.143629
AEF3e_Level_3_SB_3.13.mp3,audio,CQACAgQAAxkBAAIGkGqitOg-7aQdpQxhZ3sXromSW0aSAALDJAAC4Fz4UKUeJV8AAXMbuz0E,30,1.18,Book3-SB-Tracks,2026-09-10T17:47:22.144296
AEF3e_Level_3_SB_1.31.mp3,audio,CQACAgQAAxkBAAIGkWqitOhNcDGvlEl35pzUv-NLJgzpAALEJAAC4Fz4UDZRtmGH5Yf1PQQ,70,2.69,Book3-SB-Tracks,2026-09-10T17:47:22.144977
AEF3e_Level_3_SB_5.25.mp3,audio,CQACAgQAAxkBAAIGkmqitOgg5mJCXN8xzVEyzOf_sdNFAALFJAAC4Fz4UBSb0IChMPBtPQQ,58,2.24,Book3-SB-Tracks,2026-09-10T17:47:22.146165
AEF3e_Level_3_SB_4.12.mp3,audio,CQACAgQAAxkBAAIGk2qitOhr3TW5Z-7CqaSfeH_Bs6uLAALGJAAC4Fz4ULkv-tQktyEDPQQ,30,1.15,Book3-SB-Tracks,2026-09-10T17:47:22.146915
AEF3e_Level_3_SB_7.16.mp3,audio,CQACAgQAAxkBAAIGlGqitOjl4wvO1C1EYbO3ef6JL0IXAALHJAAC4Fz4ULVq7X8wzTtBPQQ,43,1.68,Book3-SB-Tracks,2026-09-10T17:47:22.147815
AEF3e_Level_3_SB_6.03.mp3,audio,CQACAgQAAxkBAAIGlWqitOgRysQsCgTw_y-KfrexSKTrAALIJAAC4Fz4UHHlfdoQpTYrPQQ,146,5.6,Book3-SB-Tracks,2026-09-10T17:47:22.148642
AEF3e_Level_3_SB_10.05.mp3,audio,CQACAgQAAxkBAAIGlmqitOjHNSC311bJaQp6E-dqjRJtAALJJAAC4Fz4UGGZUoTtgSwbPQQ,25,0.97,Book3-SB-Tracks,2026-09-10T17:47:22.149326
AEF3e_Level_3_SB_8.19.mp3,audio,CQACAgQAAxkBAAIGl2qitOjo_H0_Crp9r_cmfClsr8DGAALLJAAC4Fz4UC38OUznETZqPQQ,243,9.3,Book3-SB-Tracks,2026-09-10T17:47:22.149984
AEF3e_Level_3_SB_4.04.mp3,audio,CQACAgQAAxkBAAIGmGqitOh2_XekfRzPMLc0GlbWcaE2AALMJAAC4Fz4UDIQmEt4N1TfPQQ,46,1.78,Book3-SB-Tracks,2026-09-10T17:47:22.150655
AEF3e_Level_3_SB_10.11.mp3,audio,CQACAgQAAxkBAAIGmWqitOiV22ub6zg0gfRzX58QG3IiAALNJAAC4Fz4UC7fYH2vPFq6PQQ,74,2.85,Book3-SB-Tracks,2026-09-10T17:47:22.151264
AEF3e_Level_3_SB_6.21.mp3,audio,CQACAgQAAxkBAAIGmmqitOgpIiXjP_HOzEUsFKaoCgyZAALOJAAC4Fz4UD0x1LsE1SBVPQQ,137,5.25,Book3-SB-Tracks,2026-09-10T17:47:22.151869
AEF3e_Level_3_SB_4.10.mp3,audio,CQACAgQAAxkBAAIGm2qitOifZX3NyEU1RNz8YurgB3EvAALPJAAC4Fz4UE3bd2T0UIKwPQQ,59,2.26,Book3-SB-Tracks,2026-09-10T17:47:22.152492
AEF3e_Level_3_SB_8.11.mp3,audio,CQACAgQAAxkBAAIGnGqitOhdE15xnz8YO91JkdMNbBQ2AALQJAAC4Fz4UHPqBfEn7dB-PQQ,53,2.06,Book3-SB-Tracks,2026-09-10T17:47:22.153109
AEF3e_Level_3_SB_7.06.mp3,audio,CQACAgQAAxkBAAIGnWqitOjpB5RkMufyEgduvbXfel52AALRJAAC4Fz4UL-bNJ-l1u8UPQQ,28,1.08,Book3-SB-Tracks,2026-09-10T17:47:22.154400
AEF3e_Level_3_SB_1.06.mp3,audio,CQACAgQAAxkBAAIGnmqitOgGiNNYlOANPTHC9Ncq7RzcAALSJAAC4Fz4UJzRDvMh13joPQQ,70,2.67,Book3-SB-Tracks,2026-09-10T17:47:22.155352
AEF3e_Level_3_SB_1.13.mp3,audio,CQACAgQAAxkBAAIGn2qitOjgTyUpsCgutzEFZ2bxgdvEAALTJAAC4Fz4UFtEDpSQMgPdPQQ,21,0.83,Book3-SB-Tracks,2026-09-10T17:47:22.156309
AEF3e_Level_3_SB_2.15.mp3,audio,CQACAgQAAxkBAAIGoGqitOjB_RAgGUyKp1uCtKnoW-iRAALUJAAC4Fz4UC-IAAHsSKyU4T0E,47,1.81,Book3-SB-Tracks,2026-09-10T17:47:22.157198
AEF3e_Level_3_SB_3.27.mp3,audio,CQACAgQAAxkBAAIGoWqitOjDyM9RlIP8LEQyyzwtkjJVAALVJAAC4Fz4UHj0pfLTuwuFPQQ,89,3.43,Book3-SB-Tracks,2026-09-10T17:47:22.157812
AEF3e_Level_3_SB_5.06.mp3,audio,CQACAgQAAxkBAAIGomqitOgZjBg_RORhVSfZnWSt31M5AALWJAAC4Fz4UJEQZ228aYZTPQQ,39,1.51,Book3-SB-Tracks,2026-09-10T17:47:22.158669
AEF3e_Level_3_SB_5.13.mp3,audio,CQACAgQAAxkBAAIGo2qitOjiZxFSLS2GDXA-s_-hO0ocAALXJAAC4Fz4UP9hOhp8my-7PQQ,21,0.82,Book3-SB-Tracks,2026-09-10T17:47:22.159413
AEF3e_Level_3_SB_6.18.mp3,audio,CQACAgQAAxkBAAIGpGqitOjzktfsPe3gLSWlFtjkTf3-AALYJAAC4Fz4UL2dxNxW8oluPQQ,63,2.43,Book3-SB-Tracks,2026-09-10T17:47:22.160046
AEF3e_Level_3_SB_8.01.mp3,audio,CQACAgQAAxkBAAIGpWqitOhKrRp2QuG17ufjguxqPALTAALZJAAC4Fz4UHDhn3NiMxXXPQQ,68,2.61,Book3-SB-Tracks,2026-09-10T17:47:22.160640
AEF3e_Level_3_SB_9.12.mp3,audio,CQACAgQAAxkBAAIGpmqitOhJjhmvkr-XOzx-DqkJzKcqAALaJAAC4Fz4UBoAAW0o5j_lLD0E,37,1.42,Book3-SB-Tracks,2026-09-10T17:47:22.161297
AEF3e_Level_3_SB_2.06.mp3,audio,CQACAgQAAxkBAAIGp2qitOgx3wLsAlpkKANggX0jBewNAALbJAAC4Fz4UKArQk_4ga8ePQQ,18,0.71,Book3-SB-Tracks,2026-09-10T17:47:22.162622
AEF3e_Level_3_SB_1.03.mp3,audio,CQACAgQAAxkBAAIGqGqitOiIstaaa86jwukPk2cvCaNEAALcJAAC4Fz4UJWx4seFqu1FPQQ,33,1.3,Book3-SB-Tracks,2026-09-10T17:47:22.163512
AEF3e_Level_3_SB_4.18.mp3,audio,CQACAgQAAxkBAAIGqWqitOhhkosz28pXoYF_vDoi53RCAALeJAAC4Fz4UKppJFJDvYRFPQQ,243,9.28,Book3-SB-Tracks,2026-09-10T17:47:22.164824
AEF3e_Level_3_SB_3.17.mp3,audio,CQACAgQAAxkBAAIGqmqitOhQzFWos_i3jSSkZ2MLDQGuAALfJAAC4Fz4UDP-ydLZOgWjPQQ,47,1.81,Book3-SB-Tracks,2026-09-10T17:47:22.165878
AEF3e_Level_3_SB_9.04.mp3,audio,CQACAgQAAxkBAAIGq2qitOgwmgOtVNNqHXsxQUd0QxalAALgJAAC4Fz4UIEL1HTlaxGJPQQ,25,0.97,Book3-SB-Tracks,2026-09-10T17:47:22.166587
AEF3e_Level_3_WB_3.3.mp3,audio,CQACAgQAAxkBAAIGsGqitQYp-h_ohqPbXKA6b1TfOZyqAAIRJQAC4Fz4UApj863jHv7lPQQ,44,0.67,Book3-WB-Tracks,2026-09-10T17:47:50.836726
AEF3e_Level_3_WB_7.3.mp3,audio,CQACAgQAAxkBAAIGvGqitQYBAYbqY-3hNFy2OL88iA5cAAIdJQAC4Fz4UBjAx8czw6XhPQQ,64,0.98,Book3-WB-Tracks,2026-09-10T17:47:50.837976
AEF3e_Level_3_WB_10.2.mp3,audio,CQACAgQAAxkBAAIGvWqitQboQa2WkYNkYz1KrhO1SkToAAIeJQAC4Fz4UBwz2pHVhqeoPQQ,45,0.7,Book3-WB-Tracks,2026-09-10T17:47:50.838992
AEF3e_Level_3_WB_7.2.mp3,audio,CQACAgQAAxkBAAIGvmqitQYtb0d0mOhF0C93I6iQH-doAAIfJQAC4Fz4UDG7h1T1DY2pPQQ,43,0.66,Book3-WB-Tracks,2026-09-10T17:47:50.840015
AEF3e_Level_3_WB_1.2.mp3,audio,CQACAgQAAxkBAAIGv2qitQZd2k0zhW0INmoRXceTwZuyAAIgJQAC4Fz4UOba5k9MTPHFPQQ,52,0.79,Book3-WB-Tracks,2026-09-10T17:47:50.841165
AEF3e_Level_3_WB_5.2.mp3,audio,CQACAgQAAxkBAAIGs2qitQYDU_4vmNaUMOTGY-cVUnlXAAIUJQAC4Fz4UB-rxfBD4BTTPQQ,68,1.04,Book3-WB-Tracks,2026-09-10T17:47:50.842144
AEF3e_Level_3_WB_7.1.mp3,audio,CQACAgQAAxkBAAIGtmqitQaQw-9JbTSRoG8LDkKEPq4zAAIXJQAC4Fz4UGarOQXRD_BbPQQ,64,0.99,Book3-WB-Tracks,2026-09-10T17:47:50.842997
AEF3e_Level_3_WB_6.2.mp3,audio,CQACAgQAAxkBAAIGt2qitQb6OzUTRnr0mT2eOjFoymQHAAIYJQAC4Fz4UICAnx_RNShfPQQ,83,1.27,Book3-WB-Tracks,2026-09-10T17:47:50.843971
AEF3e_Level_3_WB_9.2.mp3,audio,CQACAgQAAxkBAAIGwGqitQbb5ODFOALw8A_Do8Y9l2gJAAIhJQAC4Fz4UJBaL_nt8XnsPQQ,48,0.74,Book3-WB-Tracks,2026-09-10T17:47:50.844952
AEF3e_Level_3_WB_6.1.mp3,audio,CQACAgQAAxkBAAIGuGqitQbZ8k98WERhHZySM02pAAGRQwACGSUAAuBc-FBSliX6xRl_Oj0E,153,2.34,Book3-WB-Tracks,2026-09-10T17:47:50.846104
AEF3e_Level_3_WB_3.1.mp3,audio,CQACAgQAAxkBAAIGwWqitQaeDa0Z2gyKk86QbjpOc9eTAAIjJQAC4Fz4UJIJZmwr9OO9PQQ,52,0.81,Book3-WB-Tracks,2026-09-10T17:47:50.847641
AEF3e_Level_3_WB_9.1.mp3,audio,CQACAgQAAxkBAAIGwmqitQaFWXYy54xI30rjnHxn5kU1AAIkJQAC4Fz4UETA0-gUZJw7PQQ,55,0.85,Book3-WB-Tracks,2026-09-10T17:47:50.848464
AEF3e_Level_3_WB_2.3.mp3,audio,CQACAgQAAxkBAAIGw2qitQbiBNtFHIzGUzlevoos85fdAAIlJQAC4Fz4UCxfljhWE00SPQQ,46,0.71,Book3-WB-Tracks,2026-09-10T17:47:50.849377
AEF3e_Level_3_WB_5.3.mp3,audio,CQACAgQAAxkBAAIGsmqitQauyrMnPqnLENSoRrZdKRnhAAITJQAC4Fz4ULHOdL6rIzREPQQ,53,0.81,Book3-WB-Tracks,2026-09-10T17:47:50.850348
AEF3e_Level_3_WB_5.1.mp3,audio,CQACAgQAAxkBAAIGtGqitQbePOsmg7161jUYGObnpib3AAIVJQAC4Fz4UGVxm781NsY_PQQ,67,1.03,Book3-WB-Tracks,2026-09-10T17:47:50.851324
AEF3e_Level_3_WB_1.3.mp3,audio,CQACAgQAAxkBAAIGxGqitQYkv5X13kzBe1Y5la5iWuUWAAInJQAC4Fz4UN8bPvA9B_p7PQQ,64,0.98,Book3-WB-Tracks,2026-09-10T17:47:50.852112
AEF3e_Level_3_WB_2.2.mp3,audio,CQACAgQAAxkBAAIGxWqitQYzUqEtsuMReMEIY93RLMKfAAIoJQAC4Fz4UKr9wiwwPo0MPQQ,50,0.77,Book3-WB-Tracks,2026-09-10T17:47:50.852960
AEF3e_Level_3_WB_9.3.mp3,audio,CQACAgQAAxkBAAIGxmqitQYKFk2m3lHoZcfruvhaqQ1ZAAIpJQAC4Fz4UGZs_eRp36WRPQQ,56,0.85,Book3-WB-Tracks,2026-09-10T17:47:50.854107
AEF3e_Level_3_WB_2.1.mp3,audio,CQACAgQAAxkBAAIGx2qitQbey7W2diBA6TjM6zys6oPyAAIqJQAC4Fz4UB2B3aI5VHU9PQQ,54,0.83,Book3-WB-Tracks,2026-09-10T17:47:50.855934
AEF3e_Level_3_WB_8.2.mp3,audio,CQACAgQAAxkBAAIGuWqitQYb2Cqhcnr-kpyEab-NbgZ1AAIaJQAC4Fz4UITUM-T3A53wPQQ,62,0.94,Book3-WB-Tracks,2026-09-10T17:47:50.857020
AEF3e_Level_3_WB_10.1.mp3,audio,CQACAgQAAxkBAAIGyGqitQbDbm7OKxcpthkdDNxo5vtQAAIrJQAC4Fz4UPuevX0hqO12PQQ,48,0.73,Book3-WB-Tracks,2026-09-10T17:47:50.857908
AEF3e_Level_3_WB_4.1.mp3,audio,CQACAgQAAxkBAAIGyWqitQYUBz06_d8DvhW6r6vJhfj7AAIsJQAC4Fz4ULslksZ_B6CmPQQ,54,0.83,Book3-WB-Tracks,2026-09-10T17:47:50.858706
AEF3e_Level_3_WB_1.1.mp3,audio,CQACAgQAAxkBAAIGu2qitQZtpJWvM38HNIpTsvjc0vfBAAIcJQAC4Fz4UBwYNue3aX1WPQQ,90,1.38,Book3-WB-Tracks,2026-09-10T17:47:50.859697
AEF3e_Level_3_WB_3.5.mp3,audio,CQACAgQAAxkBAAIGymqitQZEgv52EqrSCHKcJ538ix1NAAItJQAC4Fz4UEERdOmAQvmOPQQ,37,0.58,Book3-WB-Tracks,2026-09-10T17:47:50.860607
AEF3e_Level_3_WB_3.4.mp3,audio,CQACAgQAAxkBAAIGy2qitQb015Bg7LNfVIlXcKzy-kRxAAIuJQAC4Fz4UMuqhLRPwmYFPQQ,51,0.78,Book3-WB-Tracks,2026-09-10T17:47:50.861466
AEF3e_Level_3_WB_8.1.mp3,audio,CQACAgQAAxkBAAIGumqitQYM-iv9Sf2UNAABgTnpUcs3mwACGyUAAuBc-FAUNd5beYuNSD0E,107,1.63,Book3-WB-Tracks,2026-09-10T17:47:50.862734
AEF3e_Level_3_WB_3.2.mp3,audio,CQACAgQAAxkBAAIGsWqitQaOGmN3IVq5aeakHQs-1bnYAAISJQAC4Fz4UB5n5y-UnEaPPQQ,50,0.77,Book3-WB-Tracks,2026-09-10T17:47:50.864270
AEF3e_Level_3_WB_4.2.mp3,audio,CQACAgQAAxkBAAIGtWqitQbgyQJ_AAEM5Fi7E382bLtkWwACFiUAAuBc-FDHSKyilu-51D0E,43,0.67,Book3-WB-Tracks,2026-09-10T17:47:50.865303
AEF3e_Level_4_SB_6.06.mp3,audio,CQACAgQAAxkBAAIGz2qitTLM7hu-Fn1hZhMBkzET4Gv2AAJXJQAC4Fz4UBIhLFoJiMVpPQQ,61,0.93,Book4-SB-Tracks,2026-09-10T17:48:35.393041
AEF3e_Level_4_SB_3.21.mp3,audio,CQACAgQAAxkBAAIG0GqitTJEo8kuzC1aE0pX4emI3MK3AAJYJQAC4Fz4UJkHoeS3uLqAPQQ,200,3.06,Book4-SB-Tracks,2026-09-10T17:48:35.394825
AEF3e_Level_4_SB_8.19.mp3,audio,CQACAgQAAxkBAAIG22qitTJydbk6f30AAcaFwAmgQMBkVwACZCUAAuBc-FBAUt_Rmq3q0T0E,173,2.63,Book4-SB-Tracks,2026-09-10T17:48:35.395520
AEF3e_Level_4_SB_5.05.mp3,audio,CQACAgQAAxkBAAIG0WqitTJ6K4OEJeECigcVRuKgE4WEAAJZJQAC4Fz4ULSCPq6JOnxZPQQ,50,0.77,Book4-SB-Tracks,2026-09-10T17:48:35.396286
AEF3e_Level_4_SB_5.24.mp3,audio,CQACAgQAAxkBAAIG02qitTLnRc8jMytgmD0qC3LtYO-9AAJbJQAC4Fz4UHXGKew4IOpePQQ,43,0.66,Book4-SB-Tracks,2026-09-10T17:48:35.396967
AEF3e_Level_4_SB_6.12.mp3,audio,CQACAgQAAxkBAAIG3GqitTLwTl8Y8gG8ivhv29KRNKzQAAJlJQAC4Fz4UOMkMBN4AuorPQQ,196,2.99,Book4-SB-Tracks,2026-09-10T17:48:35.397663
AEF3e_Level_4_SB_2.25.mp3,audio,CQACAgQAAxkBAAIG3WqitTKPVNlDV3Oxq7qAoIYMwYDGAAJmJQAC4Fz4UCvpKq6PQOKTPQQ,180,2.75,Book4-SB-Tracks,2026-09-10T17:48:35.398325
AEF3e_Level_4_SB_7.11.mp3,audio,CQACAgQAAxkBAAIG3mqitTJSOzvTaOtbL_F1g26RltLPAAJnJQAC4Fz4UDvFF7I7aZWoPQQ,61,0.94,Book4-SB-Tracks,2026-09-10T17:48:35.398919
AEF3e_Level_4_SB_4.11.mp3,audio,CQACAgQAAxkBAAIG1mqitTKRmoskF5PzLd9-tP-6jdVQAAJeJQAC4Fz4UIMxd_VpmBA2PQQ,31,0.47,Book4-SB-Tracks,2026-09-10T17:48:35.399576
AEF3e_Level_4_SB_6.18.mp3,audio,CQACAgQAAxkBAAIG2GqitTIw80OrQ3kzR8v4ZloQ1D53AAJhJQAC4Fz4UNTxmXKRaJyOPQQ,27,0.42,Book4-SB-Tracks,2026-09-10T17:48:35.400378
AEF3e_Level_4_SB_3.19.mp3,audio,CQACAgQAAxkBAAIG32qitTKpEKAORmNQSGz6FC-32WmGAAJoJQAC4Fz4UGL0NT9ALLTRPQQ,53,0.82,Book4-SB-Tracks,2026-09-10T17:48:35.401153
AEF3e_Level_4_SB_4.05.mp3,audio,CQACAgQAAxkBAAIG2mqitTKWSjtNt_WplCzDfrgEhpX2AAJjJQAC4Fz4ULcZ-xdMjTJ9PQQ,48,0.73,Book4-SB-Tracks,2026-09-10T17:48:35.402093
AEF3e_Level_4_SB_9.18.mp3,audio,CQACAgQAAxkBAAIG4GqitTIIeE_m7AM_qVIzby13LLIdAAJpJQAC4Fz4UA7K_naCS_G7PQQ,46,0.71,Book4-SB-Tracks,2026-09-10T17:48:35.403463
AEF3e_Level_4_SB_2.13.mp3,audio,CQACAgQAAxkBAAIG1GqitTI2Be9SCC55rsrFmT5hQVxRAAJcJQAC4Fz4UPBpMR_w0N3vPQQ,40,0.61,Book4-SB-Tracks,2026-09-10T17:48:35.404454
AEF3e_Level_4_SB_7.05.mp3,audio,CQACAgQAAxkBAAIG4WqitTI_Qy4U8F5v0Hj9FvrTvKqbAAJqJQAC4Fz4UFUQgeHpxkNoPQQ,36,0.56,Book4-SB-Tracks,2026-09-10T17:48:35.405282
AEF3e_Level_4_SB_2.11.mp3,audio,CQACAgQAAxkBAAIG4mqitTL2lD4BYV3dK7d0-1nwq0sBAAJrJQAC4Fz4UMffWQN7I2TYPQQ,48,0.74,Book4-SB-Tracks,2026-09-10T17:48:35.406424
AEF3e_Level_4_SB_9.12.mp3,audio,CQACAgQAAxkBAAIG42qitTIeWeXw3qQfXOKuhboZmSfkAAJsJQAC4Fz4UF0BRDjZAhQgPQQ,44,0.68,Book4-SB-Tracks,2026-09-10T17:48:35.407790
AEF3e_Level_4_SB_5.21.mp3,audio,CQACAgQAAxkBAAIG5GqitTLjF7CNqxzYI7a6996Ev4iaAAJtJQAC4Fz4UIF_hAHzAAE_1T0E,17,0.27,Book4-SB-Tracks,2026-09-10T17:48:35.408654
AEF3e_Level_4_SB_9.08.mp3,audio,CQACAgQAAxkBAAIG2WqitTIY6Agt5_u0TJca4dTlhM13AAJiJQAC4Fz4UE1b_0kkEsIdPQQ,56,0.86,Book4-SB-Tracks,2026-09-10T17:48:35.409465
AEF3e_Level_4_SB_1.03.mp3,audio,CQACAgQAAxkBAAIG5WqitTKm2Ev9BVQx4NWDPQtXMafgAAJuJQAC4Fz4UAxJByPxaGbUPQQ,51,0.79,Book4-SB-Tracks,2026-09-10T17:48:35.410267
AEF3e_Level_4_SB_8.03.mp3,audio,CQACAgQAAxkBAAIG5mqitTJbVZEukyyev6zyXXUMPZakAAJvJQAC4Fz4UFS5SatKLxc4PQQ,147,2.24,Book4-SB-Tracks,2026-09-10T17:48:35.411435
AEF3e_Level_4_SB_3.04.mp3,audio,CQACAgQAAxkBAAIG52qitTIvbyQ6LgaEIDCTcTNaUPDGAAJwJQAC4Fz4UP2XrPunMeShPQQ,73,1.11,Book4-SB-Tracks,2026-09-10T17:48:35.412688
AEF3e_Level_4_SB_10.07.mp3,audio,CQACAgQAAxkBAAIG6GqitTJrQQIeXyb3PSGLIV22BbWhAAJxJQAC4Fz4UI9QEHYnp4LLPQQ,28,0.44,Book4-SB-Tracks,2026-09-10T17:48:35.414830
AEF3e_Level_4_SB_1.14.mp3,audio,CQACAgQAAxkBAAIG0mqitTI_6d7Pmv7YFOxz0Xvy_UWBAAJaJQAC4Fz4UMK5-J9u3BAbPQQ,83,1.27,Book4-SB-Tracks,2026-09-10T17:48:35.415849
AEF3e_Level_4_SB_6.10.mp3,audio,CQACAgQAAxkBAAIG6WqitTJv5rMNVNV5JxNYMnaIcVlvAAJyJQAC4Fz4UDhE5Z0CmawPPQQ,99,1.51,Book4-SB-Tracks,2026-09-10T17:48:35.416715
AEF3e_Level_4_SB_9.14.mp3,audio,CQACAgQAAxkBAAIG1WqitTJc7DzG5GBrET74GBUuk4d1AAJdJQAC4Fz4UJf-pw9gxBf5PQQ,106,1.62,Book4-SB-Tracks,2026-09-10T17:48:35.417460
AEF3e_Level_4_SB_2.23.mp3,audio,CQACAgQAAxkBAAIG6mqitTJYrfDuUP8vu1I-XyHPKpJzAAJzJQAC4Fz4UPK8xjnO4gHBPQQ,232,3.53,Book4-SB-Tracks,2026-09-10T17:48:35.418258
AEF3e_Level_4_SB_8.16.mp3,audio,CQACAgQAAxkBAAIG62qitTJz5zyxNa2khykDVlfRd7qhAAJ0JQAC4Fz4UDt4LoLwpKiOPQQ,69,1.06,Book4-SB-Tracks,2026-09-10T17:48:35.419033
AEF3e_Level_4_SB_5.06.mp3,audio,CQACAgQAAxkBAAIG7GqitTK3CDunAqERGmMOTqYHSjepAAJ1JQAC4Fz4UDJrBrME6coMPQQ,60,0.93,Book4-SB-Tracks,2026-09-10T17:48:35.420163
AEF3e_Level_4_SB_1.15.mp3,audio,CQACAgQAAxkBAAIG7WqitTJR8SQMy8eOXMvnYGnS_dL5AAJ2JQAC4Fz4UFuQsZs8XNZePQQ,34,0.52,Book4-SB-Tracks,2026-09-10T17:48:35.421231
AEF3e_Level_4_SB_6.01.mp3,audio,CQACAgQAAxkBAAIG7mqitTLrAq8eNNDF--LgY1xy_sjcAAJ3JQAC4Fz4UKdlUTzWP6pHPQQ,285,4.35,Book4-SB-Tracks,2026-09-10T17:48:35.422753
AEF3e_Level_4_SB_3.11.mp3,audio,CQACAgQAAxkBAAIG72qitTL1rC5t3JNB4Q9uR-rQVjguAAJ4JQAC4Fz4UK0ZkLHkJN1CPQQ,15,0.24,Book4-SB-Tracks,2026-09-10T17:48:35.423714
AEF3e_Level_4_SB_10.19.mp3,audio,CQACAgQAAxkBAAIG8GqitTLa3beqqFzbCdnbqWowxCuGAAJ5JQAC4Fz4UJQLPvYZLjW_PQQ,38,0.58,Book4-SB-Tracks,2026-09-10T17:48:35.424539
AEF3e_Level_4_SB_5.19.mp3,audio,CQACAgQAAxkBAAIG8WqitTIGJEaXn4_cjNrDgpIbVN8IAAJ6JQAC4Fz4UG5Sk-Kd3ZjbPQQ,97,1.48,Book4-SB-Tracks,2026-09-10T17:48:35.425349
AEF3e_Level_4_SB_2.08.mp3,audio,CQACAgQAAxkBAAIG8mqitTJx0z11eM_LY4GVC2kUN1lcAAJ7JQAC4Fz4UMdCCMLph5VAPQQ,252,3.84,Book4-SB-Tracks,2026-09-10T17:48:35.426052
AEF3e_Level_4_SB_9.09.mp3,audio,CQACAgQAAxkBAAIG82qitTJwI9eceMHtSPi39esZ77X1AAJ8JQAC4Fz4UKPOZiyIPWuAPQQ,50,0.76,Book4-SB-Tracks,2026-09-10T17:48:35.426904
AEF3e_Level_4_SB_4.06.mp3,audio,CQACAgQAAxkBAAIG9GqitTLXn1qKrsaXCcIl8vQTh_INAAJ9JQAC4Fz4UJNNPX_HM0CyPQQ,116,1.77,Book4-SB-Tracks,2026-09-10T17:48:35.427770
AEF3e_Level_4_SB_9.01.mp3,audio,CQACAgQAAxkBAAIG9WqitTK9AX98Pc6XMbk6KRjvOAFPAAJ-JQAC4Fz4UP8RHF1DEdM6PQQ,278,4.23,Book4-SB-Tracks,2026-09-10T17:48:35.428809
AEF3e_Level_4_SB_6.13.mp3,audio,CQACAgQAAxkBAAIG9mqitTIneyIvPH8whDMe-P8dmbIoAAJ_JQAC4Fz4UP9LKsBRiARcPQQ,27,0.41,Book4-SB-Tracks,2026-09-10T17:48:35.429853
AEF3e_Level_4_SB_7.15.mp3,audio,CQACAgQAAxkBAAIG92qitTLVSPw3-g08Oog2aLKGR98HAAKAJQAC4Fz4UDirYTAuwUSYPQQ,52,0.8,Book4-SB-Tracks,2026-09-10T17:48:35.431097
AEF3e_Level_4_SB_3.23.mp3,audio,CQACAgQAAxkBAAIG-GqitTLjV385f3ltnObDDlOlOicyAAKBJQAC4Fz4UCeEO-j5QpsNPQQ,162,2.47,Book4-SB-Tracks,2026-09-10T17:48:35.431964
AEF3e_Level_4_SB_8.14.mp3,audio,CQACAgQAAxkBAAIG-WqitTJMdnmqkeunXcUG1fWwf48BAAKCJQAC4Fz4UKvyNHq0l-MBPQQ,72,1.11,Book4-SB-Tracks,2026-09-10T17:48:35.432844
AEF3e_Level_4_SB_5.04.mp3,audio,CQACAgQAAxkBAAIG-mqitTLymsJJKQNTYJXVaMd73TPLAAKDJQAC4Fz4UG3MOAXwxOebPQQ,68,1.05,Book4-SB-Tracks,2026-09-10T17:48:35.433593
AEF3e_Level_4_SB_2.20.mp3,audio,CQACAgQAAxkBAAIG-2qitTI4MySdF4NZNx19-i1QwdOXAAKEJQAC4Fz4UM5ZNgjGqLmAPQQ,79,1.22,Book4-SB-Tracks,2026-09-10T17:48:35.434295
AEF3e_Level_4_SB_7.06.mp3,audio,CQACAgQAAxkBAAIG_GqitTLJDaQQCAU5Jv6QMRSI3i9FAAKFJQAC4Fz4UI8lRZ5L36GUPQQ,36,0.56,Book4-SB-Tracks,2026-09-10T17:48:35.434991
AEF3e_Level_4_SB_10.15.mp3,audio,CQACAgQAAxkBAAIG12qitTKMmDa7hlCWtNHpvLzEKd6KAAJfJQAC4Fz4UKMaktY1OsD-PQQ,300,4.57,Book4-SB-Tracks,2026-09-10T17:48:35.435755
AEF3e_Level_4_SB_2.12.mp3,audio,CQACAgQAAxkBAAIG_WqitTLCQi6ICDISZqoDIcZXRR9KAAKGJQAC4Fz4UH3xVxbl-44IPQQ,57,0.87,Book4-SB-Tracks,2026-09-10T17:48:35.436786
AEF3e_Level_4_SB_9.13.mp3,audio,CQACAgQAAxkBAAIG_mqitTL4KQFdn2CLhj14TjD3NqKWAAKHJQAC4Fz4UIK9TsO-tzsDPQQ,33,0.51,Book4-SB-Tracks,2026-09-10T17:48:35.437960
AEF3e_Level_4_SB_1.07.mp3,audio,CQACAgQAAxkBAAIG_2qitTKY2wNVZiZLaGE2uBG3jUcFAAKIJQAC4Fz4UD1m6zrm9SpdPQQ,79,1.21,Book4-SB-Tracks,2026-09-10T17:48:35.439379
AEF3e_Level_4_SB_6.20.mp3,audio,CQACAgQAAxkBAAIHAAFqorUy8pFnqDPJ2xnz3Ow4F5j-CQACiSUAAuBc-FA5otoKYJeGrj0E,154,2.35,Book4-SB-Tracks,2026-09-10T17:48:35.440354
AEF3e_Level_4_SB_2.06.mp3,audio,CQACAgQAAxkBAAIHAWqitTIUyayoGWvUkN2MxEoDN4VFAAKKJQAC4Fz4UKau-23l1jP3PQQ,25,0.38,Book4-SB-Tracks,2026-09-10T17:48:35.441172
AEF3e_Level_4_SB_9.07.mp3,audio,CQACAgQAAxkBAAIHAmqitTJYa7bh7MbNlHRJylMKCWAxAAKLJQAC4Fz4UNaYxl8JnnBwPQQ,84,1.29,Book4-SB-Tracks,2026-09-10T17:48:35.441941
AEF3e_Level_4_SB_5.16.mp3,audio,CQACAgQAAxkBAAIHA2qitTLnerrTYBAAASNB9_bVFFbP6wACjCUAAuBc-FDX4Qdo5YpIij0E,20,0.31,Book4-SB-Tracks,2026-09-10T17:48:35.442835
AEF3e_Level_4_SB_10.08.mp3,audio,CQACAgQAAxkBAAIHBGqitTLjbDO0ngs57elNx6Kh5FRoAAKNJQAC4Fz4UF5mExAXB0i-PQQ,43,0.67,Book4-SB-Tracks,2026-09-10T17:48:35.443591
AEF3e_Level_4_SB_6.11.mp3,audio,CQACAgQAAxkBAAIHBWqitTIBXCPpa6J-8RsLQhgCg38WAAKOJQAC4Fz4UIdBGGs7Oh_BPQQ,91,1.4,Book4-SB-Tracks,2026-09-10T17:48:35.444470
AEF3e_Level_4_SB_2.24.mp3,audio,CQACAgQAAxkBAAIHBmqitTIxvn8JVpybjGzBCcK4J36qAAKPJQAC4Fz4UKz9nVN7onBVPQQ,26,0.4,Book4-SB-Tracks,2026-09-10T17:48:35.445504
AEF3e_Level_4_SB_10.02.mp3,audio,CQACAgQAAxkBAAIHB2qitTKrvqfuruT_vn6IXYhZ4yPRAAKQJQAC4Fz4UEZ-y9nBEjp0PQQ,40,0.62,Book4-SB-Tracks,2026-09-10T17:48:35.446770
AEF3e_Level_4_SB_5.02.mp3,audio,CQACAgQAAxkBAAIHCGqitTISsD-hWi3MnObTbPpYZO-IAAKRJQAC4Fz4UIX6BPCAIUvhPQQ,268,4.09,Book4-SB-Tracks,2026-09-10T17:48:35.448056
AEF3e_Level_4_SB_2.18.mp3,audio,CQACAgQAAxkBAAIHCWqitTI-Z4jDiC1-JjEoPaFNEQ1gAAKSJQAC4Fz4UCnjOxkYm-4gPQQ,64,0.97,Book4-SB-Tracks,2026-09-10T17:48:35.448919
AEF3e_Level_4_SB_8.11.mp3,audio,CQACAgQAAxkBAAIHCmqitTKA7YFS95FuyLVJ_M2q0hj6AAKTJQAC4Fz4UNvqJHwvUbSrPQQ,187,2.85,Book4-SB-Tracks,2026-09-10T17:48:35.449627
AEF3e_Level_4_SB_3.12.mp3,audio,CQACAgQAAxkBAAIHC2qitTL3QqPNfGiVkKGS3uqZodW6AAKUJQAC4Fz4UHhZMch0HqhFPQQ,108,1.65,Book4-SB-Tracks,2026-09-10T17:48:35.450439
AEF3e_Level_4_SB_10.20.mp3,audio,CQACAgQAAxkBAAIHDGqitTI4BMQBlHu7aPc28HMDc3FnAAKVJQAC4Fz4UDl1ykdrvuqtPQQ,254,3.88,Book4-SB-Tracks,2026-09-10T17:48:35.451219
AEF3e_Level_4_SB_5.20.mp3,audio,CQACAgQAAxkBAAIHDWqitTI0qnZAQdHvBwMK_VrSBjNaAAKWJQAC4Fz4UMhc6WCSen4tPQQ,127,1.95,Book4-SB-Tracks,2026-09-10T17:48:35.451999
AEF3e_Level_4_SB_3.06.mp3,audio,CQACAgQAAxkBAAIHDmqitTKAYEYN5Cakeh8B7A1BHTlVAAKXJQAC4Fz4UFW-483TYnCyPQQ,48,0.74,Book4-SB-Tracks,2026-09-10T17:48:35.452951
AEF3e_Level_4_SB_9.05.mp3,audio,CQACAgQAAxkBAAIHD2qitTIrga2GNOy41NYZCKT7srPSAAKYJQAC4Fz4UPTys8iBi9a4PQQ,164,2.5,Book4-SB-Tracks,2026-09-10T17:48:35.453985
AEF3e_Level_4_SB_5.14.mp3,audio,CQACAgQAAxkBAAIHEGqitTLGOZ0rt53w0Sh-5FPodIecAAKZJQAC4Fz4UCStKZyoS6OpPQQ,35,0.54,Book4-SB-Tracks,2026-09-10T17:48:35.455157
AEF3e_Level_4_SB_2.03.mp3,audio,CQACAgQAAxkBAAIHEWqitTKoGOc7oOO536CpwEf55G7yAAKaJQAC4Fz4UG54eZrwkdPvPQQ,76,1.16,Book4-SB-Tracks,2026-09-10T17:48:35.456619
AEF3e_Level_4_SB_7.16.mp3,audio,CQACAgQAAxkBAAIHEmqitTKSmnTS5QYyYK3RuNY4h_khAAKbJQAC4Fz4ULs6d_pyh5x9PQQ,99,1.52,Book4-SB-Tracks,2026-09-10T17:48:35.457425
AEF3e_Level_4_SB_4.01.mp3,audio,CQACAgQAAxkBAAIHE2qitTLZ6jTCSz75Fi2L0UPlw3mxAAKcJQAC4Fz4UIConZca9qJWPQQ,28,0.44,Book4-SB-Tracks,2026-09-10T17:48:35.458233
AEF3e_Level_4_SB_8.15.mp3,audio,CQACAgQAAxkBAAIHFGqitTJF179Dh8eeqVsEgpBjRIpvAAKdJQAC4Fz4UDHX6P-6bwqePQQ,68,1.04,Book4-SB-Tracks,2026-09-10T17:48:35.458999
AEF3e_Level_4_SB_6.03.mp3,audio,CQACAgQAAxkBAAIHFWqitTI5jWMUPPEMZj1L_26XsigTAAKeJQAC4Fz4UFxJEBrQBkzdPQQ,32,0.49,Book4-SB-Tracks,2026-09-10T17:48:35.459676
AEF3e_Level_4_SB_2.16.mp3,audio,CQACAgQAAxkBAAIHFmqitTJrk_M4kpifj3MsUsg6_RuuAAKfJQAC4Fz4ULV083m4DET2PQQ,17,0.26,Book4-SB-Tracks,2026-09-10T17:48:35.460480
AEF3e_Level_4_SB_8.09.mp3,audio,CQACAgQAAxkBAAIHF2qitTKrmwinGcophAFLxs4hTTJvAAKgJQAC4Fz4UNiQjgvtFwHXPQQ,35,0.54,Book4-SB-Tracks,2026-09-10T17:48:35.461660
AEF3e_Level_4_SB_4.14.mp3,audio,CQACAgQAAxkBAAIHGGqitTJRSQllzrRI1Zq8J9gGuHvWAAKhJQAC4Fz4UGiV80yOtxk7PQQ,118,1.8,Book4-SB-Tracks,2026-09-10T17:48:35.462543
AEF3e_Level_4_SB_1.08.mp3,audio,CQACAgQAAxkBAAIHGWqitTKOLOwxvY6KcERrnrGDbG6fAAKiJQAC4Fz4UCQ5NfRDiuEePQQ,35,0.55,Book4-SB-Tracks,2026-09-10T17:48:35.463708
AEF3e_Level_4_SB_7.01.mp3,audio,CQACAgQAAxkBAAIHGmqitTLi99EAAcdBuy0zhtxnxcchpQACoyUAAuBc-FBAr-zpXBZhuj0E,109,1.67,Book4-SB-Tracks,2026-09-10T17:48:35.464923
AEF3e_Level_4_SB_2.07.mp3,audio,CQACAgQAAxkBAAIHG2qitTI2Vz9EPKXefmitqyRadY9OAAKkJQAC4Fz4UMC1X-vDV9SnPQQ,84,1.28,Book4-SB-Tracks,2026-09-10T17:48:35.465765
AEF3e_Level_4_SB_10.12.mp3,audio,CQACAgQAAxkBAAIHHGqitTKfvCHNPq9USXm-RvN_hEMAA6UlAALgXPhQSc1tS7bGtlw9BA,39,0.6,Book4-SB-Tracks,2026-09-10T17:48:35.466520
AEF3e_Level_4_SB_6.15.mp3,audio,CQACAgQAAxkBAAIHHWqitTKbGksCnl3rhT55xZibQkShAAKmJQAC4Fz4UF7n3-tHhmz6PQQ,46,0.72,Book4-SB-Tracks,2026-09-10T17:48:35.467279
AEF3e_Level_4_SB_2.01.mp3,audio,CQACAgQAAxkBAAIHHmqitTLB7ftZKiiDa-YZS5YxR54bAAKnJQAC4Fz4UKEBo6JvBfS1PQQ,65,0.99,Book4-SB-Tracks,2026-09-10T17:48:35.467990
AEF3e_Level_4_SB_7.14.mp3,audio,CQACAgQAAxkBAAIHH2qitTJWKKxX9_1kPdkD_CF2xO3kAAKpJQAC4Fz4UJYJ-BLDNOb8PQQ,225,3.44,Book4-SB-Tracks,2026-09-10T17:48:35.469033
AEF3e_Level_4_SB_5.11.mp3,audio,CQACAgQAAxkBAAIHIGqitTLZWe2A8j0oRdpoBXngEmf2AAKqJQAC4Fz4UIBmUmBPIHxhPQQ,55,0.84,Book4-SB-Tracks,2026-09-10T17:48:35.470112
AEF3e_Level_4_SB_10.03.mp3,audio,CQACAgQAAxkBAAIHIWqitTKJ9n3PqVLzyRkSw4M2au47AAKrJQAC4Fz4UByC9pE7kM1IPQQ,73,1.11,Book4-SB-Tracks,2026-09-10T17:48:35.471178
AEF3e_Level_4_SB_5.03.mp3,audio,CQACAgQAAxkBAAIHImqitTIuRFG6opckctjFfID0dzA2AAKsJQAC4Fz4UBXoiVppXcdKPQQ,28,0.44,Book4-SB-Tracks,2026-09-10T17:48:35.472456
AEF3e_Level_4_SB_2.19.mp3,audio,CQACAgQAAxkBAAIHI2qitTK6eF3JWz6dPwKQ4d-GL_J5AAKtJQAC4Fz4UFkeQZ4Jr2-PPQQ,51,0.78,Book4-SB-Tracks,2026-09-10T17:48:35.473282
AEF3e_Level_4_SB_3.16.mp3,audio,CQACAgQAAxkBAAIHJGqitTIVxRU-L6OOZbusHYa6rkpLAAKuJQAC4Fz4UNJ-H-M9fuRhPQQ,119,1.82,Book4-SB-Tracks,2026-09-10T17:48:35.474085
AEF3e_Level_4_SB_9.15.mp3,audio,CQACAgQAAxkBAAIHJWqitTJXjXySDCsWMMQsN2mAEBwuAAKvJQAC4Fz4UG5g5zEjMGRwPQQ,52,0.8,Book4-SB-Tracks,2026-09-10T17:48:35.474929
AEF3e_Level_4_SB_4.12.mp3,audio,CQACAgQAAxkBAAIHJmqitTI_P2HwICIvCH0Xm31SQZPLAAKwJQAC4Fz4UHqo1WtpllI6PQQ,8,0.13,Book4-SB-Tracks,2026-09-10T17:48:35.475802
AEF3e_Level_4_SB_1.06.mp3,audio,CQACAgQAAxkBAAIHJ2qitTKsMVL9WYu7xiIUYMrZtU44AAKxJQAC4Fz4UIWoA6umKzUSPQQ,31,0.49,Book4-SB-Tracks,2026-09-10T17:48:35.476446
AEF3e_Level_4_SB_8.06.mp3,audio,CQACAgQAAxkBAAIHKGqitTIcA6Rbchow5Mwa0m_E6-cYAAKyJQAC4Fz4UJ1ZsTqa2Bh7PQQ,36,0.55,Book4-SB-Tracks,2026-09-10T17:48:35.477106
AEF3e_Level_4_SB_3.07.mp3,audio,CQACAgQAAxkBAAIHKWqitTKB2iRVgYaOE82Q7ZfWhTPrAAKzJQAC4Fz4UBpwi0gEc02hPQQ,37,0.57,Book4-SB-Tracks,2026-09-10T17:48:35.478002
AEF3e_Level_4_SB_9.06.mp3,audio,CQACAgQAAxkBAAIHKmqitTLsuSe5-cOhqAjz-nUWkf0OAAK0JQAC4Fz4UHTZpmPx3eJ2PQQ,42,0.64,Book4-SB-Tracks,2026-09-10T17:48:35.478788
AEF3e_Level_4_SB_5.15.mp3,audio,CQACAgQAAxkBAAIHK2qitTIYAXOJ_O0noSDz8UJF2WsWAAK1JQAC4Fz4UO3nhJGiM9uePQQ,29,0.45,Book4-SB-Tracks,2026-09-10T17:48:35.480863
AEF3e_Level_4_SB_3.01.mp3,audio,CQACAgQAAxkBAAIHLGqitTKQcMTcXHHSkFu0MhpOnvHgAAK2JQAC4Fz4UNyTrE5cOJtOPQQ,297,4.52,Book4-SB-Tracks,2026-09-10T17:48:35.481622
AEF3e_Level_4_SB_7.12.mp3,audio,CQACAgQAAxkBAAIHLWqitTKHPgGhs_hsaXq4Zm8ih--LAAK4JQAC4Fz4UAH0-4dFV6pLPQQ,268,4.09,Book4-SB-Tracks,2026-09-10T17:48:35.482468
AEF3e_Level_4_SB_5.09.mp3,audio,CQACAgQAAxkBAAIHLmqitTIpvkLL1l7yo58mlbhxQz4eAAK5JQAC4Fz4UHLiGM9onPD2PQQ,87,1.33,Book4-SB-Tracks,2026-09-10T17:48:35.483425
AEF3e_Level_4_SB_1.18.mp3,audio,CQACAgQAAxkBAAIHL2qitTKltM35VoyI_tsyqA90qJMsAAK6JQAC4Fz4UNbgcjQPR8eCPQQ,30,0.47,Book4-SB-Tracks,2026-09-10T17:48:35.547707
AEF3e_Level_4_SB_6.04.mp3,audio,CQACAgQAAxkBAAIHMGqitTKbjfoWMt2AZnFilBRVwhKEAAK7JQAC4Fz4UNLl83laxM5uPQQ,31,0.48,Book4-SB-Tracks,2026-09-10T17:48:35.548545
AEF3e_Level_4_SB_8.10.mp3,audio,CQACAgQAAxkBAAIHMmqitTIxgFQ89P0pFXrpgWCFBLIMAAK9JQAC4Fz4UHfi15W7ASZ0PQQ,41,0.63,Book4-SB-Tracks,2026-09-10T17:48:35.549331
AEF3e_Level_4_SB_2.17.mp3,audio,CQACAgQAAxkBAAIHMWqitTLCQWHEoz7Fxp9KjSUPdeiqAAK8JQAC4Fz4UGyQ7dtslP0kPQQ,72,1.11,Book4-SB-Tracks,2026-09-10T17:48:35.550118
AEF3e_Level_4_SB_10.13.mp3,audio,CQACAgQAAxkBAAIHO2qitTnDw2KYjxcpFQABz2NYkvMouAACwiUAAuBc-FBINd2uf8jtvz0E,21,0.33,Book4-SB-Tracks,2026-09-10T17:48:43.125982
AEF3e_Level_4_SB_1.04.mp3,audio,CQACAgQAAxkBAAIHOGqitTm3-DPuBgEK2dISEFwYkoYNAAK_JQAC4Fz4UIw7_hAhjt7zPQQ,12,0.2,Book4-SB-Tracks,2026-09-10T17:48:43.127278
AEF3e_Level_4_SB_1.16.mp3,audio,CQACAgQAAxkBAAIHQGqitTmcIbfXOB-62eG49ck6sh7hAALJJQAC4Fz4UM_823RxnkpIPQQ,188,2.87,Book4-SB-Tracks,2026-09-10T17:48:43.127964
AEF3e_Level_4_SB_1.20.mp3,audio,CQACAgQAAxkBAAIHNmqitTmqk8eBxeCMWVYrk0HDQXA-AAIpJgAC4Fz4UErr42ErkombPQQ,46,0.71,Book4-SB-Tracks,2026-09-10T17:48:43.128649
AEF3e_Level_4_SB_6.16.mp3,audio,CQACAgQAAxkBAAIHPGqitTlCsbpkpW2ZNEFop4knvlVaAALDJQAC4Fz4UGCp4Q0uiMoPPQQ,165,2.51,Book4-SB-Tracks,2026-09-10T17:48:43.129345
AEF3e_Level_4_SB_7.09.mp3,audio,CQACAgQAAxkBAAIHQWqitTkqbfNfVPH7tTEoLBqHCyluAALKJQAC4Fz4UKBbBIeWbTofPQQ,208,3.17,Book4-SB-Tracks,2026-09-10T17:48:43.130037
AEF3e_Level_4_SB_3.17.mp3,audio,CQACAgQAAxkBAAIHQmqitTkpUQONTV75tQ7yDTRkf5XJAALLJQAC4Fz4UKctyzEiBJD-PQQ,45,0.69,Book4-SB-Tracks,2026-09-10T17:48:43.131240
AEF3e_Level_4_SB_9.16.mp3,audio,CQACAgQAAxkBAAIHQ2qitTkuyuDZ0YtWacq6YHO0kWihAALMJQAC4Fz4UEAf0Ljtp_BmPQQ,51,0.79,Book4-SB-Tracks,2026-09-10T17:48:43.131980
AEF3e_Level_4_SB_4.13.mp3,audio,CQACAgQAAxkBAAIHRGqitTn7xnYByDfTmZUiUl7C2I29AALNJQAC4Fz4UIwV3Wh3by4GPQQ,64,0.97,Book4-SB-Tracks,2026-09-10T17:48:43.132853
AEF3e_Level_4_SB_2.09.mp3,audio,CQACAgQAAxkBAAIHRWqitTnOFQ8_UYNVTzqV3y6qDQslAALOJQAC4Fz4UMRctHQyqtFRPQQ,73,1.12,Book4-SB-Tracks,2026-09-10T17:48:43.133690
AEF3e_Level_4_SB_9.02.mp3,audio,CQACAgQAAxkBAAIHNGqitTm0vu9n93l7zinYS5Oaj4UpAAInJgAC4Fz4UMFLOCGrXuSAPQQ,84,1.28,Book4-SB-Tracks,2026-09-10T17:48:43.134656
AEF3e_Level_4_SB_9.10.mp3,audio,CQACAgQAAxkBAAIHRmqitTkq8qf-jHiDkEy4wvUK66kJAALPJQAC4Fz4UD3rFr2mmBRyPQQ,32,0.49,Book4-SB-Tracks,2026-09-10T17:48:43.135838
AEF3e_Level_4_SB_5.22.mp3,audio,CQACAgQAAxkBAAIHN2qitTncDNtkwj5oLt5Qhrj4XC3_AAK-JQAC4Fz4UN2kvNzvZTn4PQQ,45,0.7,Book4-SB-Tracks,2026-09-10T17:48:43.136554
AEF3e_Level_4_SB_4.07.mp3,audio,CQACAgQAAxkBAAIHR2qitTkNgMhQ1hEJmzwwfiLn3QquAALQJQAC4Fz4UNHANLLO-X10PQQ,266,4.06,Book4-SB-Tracks,2026-09-10T17:48:43.137340
AEF3e_Level_4_SB_10.11.mp3,audio,CQACAgQAAxkBAAIHSGqitTnZzWFqPoFBHRk1oI0liDpgAALRJQAC4Fz4UAQp8LTWNHIjPQQ,182,2.78,Book4-SB-Tracks,2026-09-10T17:48:43.138161
AEF3e_Level_4_SB_8.17.mp3,audio,CQACAgQAAxkBAAIHPmqitTnfikmE9MBomBUrOoESM-gXAALGJQAC4Fz4UPxaYFEnwW80PQQ,52,0.8,Book4-SB-Tracks,2026-09-10T17:48:43.138966
AEF3e_Level_4_SB_8.01.mp3,audio,CQACAgQAAxkBAAIHSWqitTmY-soXhRBdlgX6CaqyAAFxwgAC0iUAAuBc-FA5vb00hyuczz0E,213,3.25,Book4-SB-Tracks,2026-09-10T17:48:43.139681
AEF3e_Level_4_SB_3.02.mp3,audio,CQACAgQAAxkBAAIHSmqitTmgQnzCAsTaT6XA711SjKfrAALTJQAC4Fz4UOw7f3mVmp3pPQQ,94,1.44,Book4-SB-Tracks,2026-09-10T17:48:43.140640
AEF3e_Level_4_SB_7.13.mp3,audio,CQACAgQAAxkBAAIHS2qitTkLauY0nqTzTxqiBa-xaDkzAALUJQAC4Fz4UL7666mqER1LPQQ,149,2.28,Book4-SB-Tracks,2026-09-10T17:48:43.141552
AEF3e_Level_4_SB_5.10.mp3,audio,CQACAgQAAxkBAAIHTGqitTm19ZRJfsIN_ekEoFFeuJOSAALVJQAC4Fz4UOpCjnqNAAHLxD0E,62,0.95,Book4-SB-Tracks,2026-09-10T17:48:43.142859
AEF3e_Level_4_SB_8.04.mp3,audio,CQACAgQAAxkBAAIHOWqitTkaKyhVljCbb0OHBpr9EGIdAALAJQAC4Fz4UGZxqNus28AePQQ,131,2.01,Book4-SB-Tracks,2026-09-10T17:48:43.143623
AEF3e_Level_4_SB_6.08.mp3,audio,CQACAgQAAxkBAAIHTWqitTmiAuEYJudZJpW55BXllcWeAALWJQAC4Fz4UDTSEoqbNKo1PQQ,151,2.31,Book4-SB-Tracks,2026-09-10T17:48:43.144438
AEF3e_Level_4_SB_2.21.mp3,audio,CQACAgQAAxkBAAIHTmqitTlWSDLnhDohHQOPM8b5ma9KAALXJQAC4Fz4UGN1f7M75jl5PQQ,82,1.25,Book4-SB-Tracks,2026-09-10T17:48:43.145287
AEF3e_Level_4_SB_7.07.mp3,audio,CQACAgQAAxkBAAIHT2qitTkneE40sBWwjM_BJhVCaQ6jAALYJQAC4Fz4UGAUxkhde-8EPQQ,292,4.45,Book4-SB-Tracks,2026-09-10T17:48:43.146478
AEF3e_Level_4_SB_3.15.mp3,audio,CQACAgQAAxkBAAIHUGqitTl4_ts59pCDywvgbrw4UlUdAALZJQAC4Fz4UNRpwIxTe-yDPQQ,98,1.49,Book4-SB-Tracks,2026-09-10T17:48:43.147777
AEF3e_Level_4_SB_1.13.mp3,audio,CQACAgQAAxkBAAIHUWqitTmehnb-QL1DlQQ0ujddfpIdAALaJQAC4Fz4UIbtzIHOB3kIPQQ,43,0.67,Book4-SB-Tracks,2026-09-10T17:48:43.148600
AEF3e_Level_4_SB_5.23.mp3,audio,CQACAgQAAxkBAAIHUmqitTnuRnMVM2oJ00a6MRBT9eXHAALbJQAC4Fz4UJ29gE_IRRGVPQQ,65,1,Book4-SB-Tracks,2026-09-10T17:48:43.149474
AEF3e_Level_4_SB_1.05.mp3,audio,CQACAgQAAxkBAAIHU2qitTm4fLpEXByIYaldXND9g-joAALcJQAC4Fz4UCh9Qwhk8H5ePQQ,77,1.17,Book4-SB-Tracks,2026-09-10T17:48:43.150174
AEF3e_Level_4_SB_8.05.mp3,audio,CQACAgQAAxkBAAIHVGqitTkqZGVqEtbj3X4mZdhvzRshAALdJQAC4Fz4UBCuoxdZhB2APQQ,55,0.84,Book4-SB-Tracks,2026-09-10T17:48:43.150827
AEF3e_Level_4_SB_10.17.mp3,audio,CQACAgQAAxkBAAIHVWqitTnfmL9sfU0iz1BYQJSVmxFAAALeJQAC4Fz4UNpJYeN1QVLpPQQ,213,3.25,Book4-SB-Tracks,2026-09-10T17:48:43.151450
AEF3e_Level_4_SB_5.17.mp3,audio,CQACAgQAAxkBAAIHVmqitTnkLiMo4cMGzhRVxJx6IJVcAALfJQAC4Fz4UF6n3fhkl5BkPQQ,18,0.28,Book4-SB-Tracks,2026-09-10T17:48:43.152204
AEF3e_Level_4_SB_10.09.mp3,audio,CQACAgQAAxkBAAIHV2qitTmRrDh9IE1JBAABm-sUdBzfTwAC4CUAAuBc-FAQklHaKcuEjT0E,86,1.32,Book4-SB-Tracks,2026-09-10T17:48:43.153078
AEF3e_Level_4_SB_7.19.mp3,audio,CQACAgQAAxkBAAIHWGqitTmeAn31pb4lCnc1Z6md1TrHAALhJQAC4Fz4UNd3iTFLZSwaPQQ,24,0.37,Book4-SB-Tracks,2026-09-10T17:48:43.154015
AEF3e_Level_4_SB_4.04.mp3,audio,CQACAgQAAxkBAAIHWWqitTkV40ca_GCmMqj5JZoy6bSzAALiJQAC4Fz4UP-Z8U2fzfEnPQQ,49,0.75,Book4-SB-Tracks,2026-09-10T17:48:43.155382
AEF3e_Level_4_SB_8.18.mp3,audio,CQACAgQAAxkBAAIHWmqitTlqg1BG3-_rInOy7pauq-L4AALjJQAC4Fz4UNo0d1c5nAtiPQQ,44,0.68,Book4-SB-Tracks,2026-09-10T17:48:43.156214
AEF3e_Level_4_SB_5.08.mp3,audio,CQACAgQAAxkBAAIHW2qitTnO0C0JKo63cXiVF8EFOBlBAALkJQAC4Fz4UEpcq2vb6CtLPQQ,89,1.36,Book4-SB-Tracks,2026-09-10T17:48:43.156969
AEF3e_Level_4_SB_4.09.mp3,audio,CQACAgQAAxkBAAIHOmqitTnCFdJ5OSazjQABbLletDq4wwACwSUAAuBc-FAcDpgpzO2fdz0E,21,0.33,Book4-SB-Tracks,2026-09-10T17:48:43.157793
AEF3e_Level_4_SB_1.17.mp3,audio,CQACAgQAAxkBAAIHXGqitTkRy7jfseDWhYsdKjECItb5AALlJQAC4Fz4UI2MRi6g_8c6PQQ,139,2.13,Book4-SB-Tracks,2026-09-10T17:48:43.158611
AEF3e_Level_4_SB_8.12.mp3,audio,CQACAgQAAxkBAAIHXWqitTkqTniQW4i-lURmRs8HxkBMAALmJQAC4Fz4UH1vAU3Z9Dm3PQQ,38,0.59,Book4-SB-Tracks,2026-09-10T17:48:43.159298
AEF3e_Level_4_SB_3.13.mp3,audio,CQACAgQAAxkBAAIHXmqitTl_cx4xFPVrscMLH2Pmn07LAALnJQAC4Fz4UJb8R6ppgWaLPQQ,26,0.4,Book4-SB-Tracks,2026-09-10T17:48:43.160070
AEF3e_Level_4_SB_2.02.mp3,audio,CQACAgQAAxkBAAIHPWqitTln7Nx26XanfsQYJdTrSS4OAALEJQAC4Fz4UJXLRSn9oGAhPQQ,83,1.27,Book4-SB-Tracks,2026-09-10T17:48:43.160916
AEF3e_Level_4_SB_1.11.mp3,audio,CQACAgQAAxkBAAIHX2qitTmgg5-PzUtOzrbRMGzIYBblAALoJQAC4Fz4UFx8Ybm3FeSSPQQ,164,2.5,Book4-SB-Tracks,2026-09-10T17:48:43.161778
AEF3e_Level_4_SB_7.04.mp3,audio,CQACAgQAAxkBAAIHYGqitTmupr4Sla46vp06dWp-WkSxAALpJQAC4Fz4UD5YE5oHRkImPQQ,10,0.16,Book4-SB-Tracks,2026-09-10T17:48:43.162720
AEF3e_Level_4_SB_2.10.mp3,audio,CQACAgQAAxkBAAIHYWqitTlmLH47h-6C4trrN9qO3UlbAALqJQAC4Fz4UCl48nx70GVpPQQ,23,0.36,Book4-SB-Tracks,2026-09-10T17:48:43.163984
AEF3e_Level_4_SB_9.11.mp3,audio,CQACAgQAAxkBAAIHYmqitTl1rLvMnJZdsURxBOe1PZxDAALrJQAC4Fz4UJb8EZbqBPc6PQQ,431,6.56,Book4-SB-Tracks,2026-09-10T17:48:43.164740
AEF3e_Level_4_SB_4.08.mp3,audio,CQACAgQAAxkBAAIHY2qitTn1kbCZSP-R2gFMHY8IeRrdAALsJQAC4Fz4UMLEdsFd-wV5PQQ,303,4.63,Book4-SB-Tracks,2026-09-10T17:48:43.165466
AEF3e_Level_4_SB_2.04.mp3,audio,CQACAgQAAxkBAAIHZGqitTkyc5lSQmKsn1khK2JX2fzdAALtJQAC4Fz4UMBcLIHtDMSKPQQ,45,0.69,Book4-SB-Tracks,2026-09-10T17:48:43.166197
AEF3e_Level_4_SB_7.17.mp3,audio,CQACAgQAAxkBAAIHZWqitTntLwV6YK9OgmifbGY2BjZ6AALuJQAC4Fz4UKULe6GXP3YcPQQ,70,1.07,Book4-SB-Tracks,2026-09-10T17:48:43.166842
AEF3e_Level_4_SB_4.02.mp3,audio,CQACAgQAAxkBAAIHZmqitTkVRE-pmBrRRnsLNDEyT4OsAALvJQAC4Fz4UDeq1r2O3nIhPQQ,44,0.68,Book4-SB-Tracks,2026-09-10T17:48:43.167500
AEF3e_Level_4_SB_10.06.mp3,audio,CQACAgQAAxkBAAIHZ2qitTl6fhTJXYy43d4cbq1ng2fkAALwJQAC4Fz4UDzAcCmr2YPxPQQ,66,1.01,Book4-SB-Tracks,2026-09-10T17:48:43.168106
AEF3e_Level_4_SB_6.09.mp3,audio,CQACAgQAAxkBAAIHaGqitTncX_j2_sKvJgvzQS9r9VgQAALxJQAC4Fz4UJ3qWpY6KygHPQQ,241,3.68,Book4-SB-Tracks,2026-09-10T17:48:43.168671
AEF3e_Level_4_SB_2.22.mp3,audio,CQACAgQAAxkBAAIHaWqitTmRJhmiEd5rW5DItcrhM1r-AALzJQAC4Fz4UGnxjDKVnumFPQQ,38,0.58,Book4-SB-Tracks,2026-09-10T17:48:43.169683
AEF3e_Level_4_SB_6.14.mp3,audio,CQACAgQAAxkBAAIHNWqitTkU6Z6g3CrgCietYPCilAQPAAIoJgAC4Fz4UPWd0t3zK31cPQQ,56,0.86,Book4-SB-Tracks,2026-09-10T17:48:43.170531
AEF3e_Level_4_SB_7.08.mp3,audio,CQACAgQAAxkBAAIHamqitTnxIO5wLDMMthHHj2EgJc3PAAL0JQAC4Fz4UFrj9RvGu3j2PQQ,114,1.75,Book4-SB-Tracks,2026-09-10T17:48:43.171637
AEF3e_Level_4_SB_4.15.mp3,audio,CQACAgQAAxkBAAIHa2qitTmnWCcjIoGldmXjJC3r0BHqAAL1JQAC4Fz4UDDo_pJJ1UkzPQQ,163,2.49,Book4-SB-Tracks,2026-09-10T17:48:43.172849
AEF3e_Level_4_SB_1.09.mp3,audio,CQACAgQAAxkBAAIHbGqitTl4gNgvUiZLtN5RjyJQh6dWAAL2JQAC4Fz4UGDjIBLVdv6GPQQ,232,3.54,Book4-SB-Tracks,2026-09-10T17:48:43.173621
AEF3e_Level_4_SB_7.02.mp3,audio,CQACAgQAAxkBAAIHbWqitTkMkOvb0FMapKTvuOYyFCfMAAL3JQAC4Fz4UNENskq9DQtAPQQ,40,0.61,Book4-SB-Tracks,2026-09-10T17:48:43.174350
AEF3e_Level_4_SB_3.10.mp3,audio,CQACAgQAAxkBAAIHbmqitTkPYKCaX9mxC4QpyalGLLTlAAL4JQAC4Fz4UOQtrhvlJazbPQQ,47,0.73,Book4-SB-Tracks,2026-09-10T17:48:43.175053
AEF3e_Level_4_SB_10.18.mp3,audio,CQACAgQAAxkBAAIHb2qitTlXgnZI4X-bVkm86rHF0A72AAL5JQAC4Fz4UGsvE3dWg7VTPQQ,68,1.04,Book4-SB-Tracks,2026-09-10T17:48:43.175758
AEF3e_Level_4_SB_5.07.mp3,audio,CQACAgQAAxkBAAIHP2qitTnGIz3jwn_PXIYl4BiJnRs7AALHJQAC4Fz4UOb5NWdUnuD1PQQ,89,1.36,Book4-SB-Tracks,2026-09-10T17:48:43.176417
AEF3e_Level_4_SB_5.18.mp3,audio,CQACAgQAAxkBAAIHcGqitTka8Q5OeX6WsHlsE_rW4IU3AAL6JQAC4Fz4UKA4Q-UZAxjJPQQ,24,0.37,Book4-SB-Tracks,2026-09-10T17:48:43.177349
AEF3e_Level_4_SB_10.10.mp3,audio,CQACAgQAAxkBAAIHcWqitTn0CiVDh_QoEqeTiwAB3YMC1wAC-yUAAuBc-FAbxEPneCPLxD0E,14,0.22,Book4-SB-Tracks,2026-09-10T17:48:43.178246
AEF3e_Level_4_SB_7.20.mp3,audio,CQACAgQAAxkBAAIHcmqitTletSYlIDAZeyFy17THxmAkAAL8JQAC4Fz4UCNaW88TxiucPQQ,65,0.99,Book4-SB-Tracks,2026-09-10T17:48:43.179189
AEF3e_Level_4_SB_9.03.mp3,audio,CQACAgQAAxkBAAIHc2qitTn5Q4mdMo8dp3WDCP-4EyroAAL9JQAC4Fz4UDw_mIQTbr_kPQQ,57,0.87,Book4-SB-Tracks,2026-09-10T17:48:43.180521
AEF3e_Level_4_SB_5.12.mp3,audio,CQACAgQAAxkBAAIHdGqitTnY69-BzXc75zSU-uixcr6EAAL-JQAC4Fz4UBXZFTM28o8cPQQ,76,1.16,Book4-SB-Tracks,2026-09-10T17:48:43.181251
AEF3e_Level_4_SB_10.04.mp3,audio,CQACAgQAAxkBAAIHdWqitTlbSUOu0qobiCrHh8oNrP3oAAL_JQAC4Fz4UPlCFIjesDPGPQQ,35,0.54,Book4-SB-Tracks,2026-09-10T17:48:43.181934
AEF3e_Level_4_SB_6.07.mp3,audio,CQACAgQAAxkBAAIHdmqitTlKboTdbowkvXHfMQABxcWTiwADJgAC4Fz4UIDb1gjaSWH6PQQ,48,0.75,Book4-SB-Tracks,2026-09-10T17:48:43.182657
AEF3e_Level_4_SB_3.22.mp3,audio,CQACAgQAAxkBAAIHd2qitTkEae1RQSCO9FOekx3aogeVAAIBJgAC4Fz4UE1udlDDnYR0PQQ,132,2.02,Book4-SB-Tracks,2026-09-10T17:48:43.183414
AEF3e_Level_4_SB_8.13.mp3,audio,CQACAgQAAxkBAAIHeGqitTldIM9ejsrrgXHMdcWAbN2KAAICJgAC4Fz4UHPyH6SUH02YPQQ,52,0.8,Book4-SB-Tracks,2026-09-10T17:48:43.184199
AEF3e_Level_4_SB_3.14.mp3,audio,CQACAgQAAxkBAAIHeWqitTnSzmRtBJBRi4zYIEz_zz8fAAIDJgAC4Fz4UNQbusdubbzPPQQ,74,1.13,Book4-SB-Tracks,2026-09-10T17:48:43.185002
AEF3e_Level_4_SB_1.12.mp3,audio,CQACAgQAAxkBAAIHemqitTm71DtuPHkRJpS8iljeV0zUAAIEJgAC4Fz4UKCFv6LA8X0CPQQ,158,2.42,Book4-SB-Tracks,2026-09-10T17:48:43.185783
AEF3e_Level_4_SB_2.14.mp3,audio,CQACAgQAAxkBAAIHe2qitTl-tjxJM6DVkyyjihBcO_UaAAIFJgAC4Fz4UN8YDJ2sdGICPQQ,50,0.77,Book4-SB-Tracks,2026-09-10T17:48:43.186668
AEF3e_Level_4_SB_8.07.mp3,audio,CQACAgQAAxkBAAIHfGqitTnqXt_6GTh98jCQh-Vp4wt1AAIGJgAC4Fz4UAfe8BkBEp8pPQQ,60,0.92,Book4-SB-Tracks,2026-09-10T17:48:43.187752
AEF3e_Level_4_SB_3.08.mp3,audio,CQACAgQAAxkBAAIHfWqitTmmhy6xN29ST6jZiF94dpw6AAIHJgAC4Fz4UPGxyBxWYIH2PQQ,75,1.15,Book4-SB-Tracks,2026-09-10T17:48:43.188851
AEF3e_Level_4_SB_10.16.mp3,audio,CQACAgQAAxkBAAIHfmqitTmEgIG9is6Kpt4n0lS04BtwAAIIJgAC4Fz4UOmFIAJ18RQSPQQ,258,3.93,Book4-SB-Tracks,2026-09-10T17:48:43.189817
AEF3e_Level_4_SB_6.19.mp3,audio,CQACAgQAAxkBAAIHf2qitTkOVh5WQjgLLmKAiQqkHLZBAAIKJgAC4Fz4UGmeh740wt6EPQQ,63,0.97,Book4-SB-Tracks,2026-09-10T17:48:43.190480
AEF3e_Level_4_SB_2.05.mp3,audio,CQACAgQAAxkBAAIHgGqitTlfRnycvPMIL8k5Z7cMs2KxAAILJgAC4Fz4UIvKRsmDyPMqPQQ,46,0.72,Book4-SB-Tracks,2026-09-10T17:48:43.191051
AEF3e_Level_4_SB_7.18.mp3,audio,CQACAgQAAxkBAAIHgWqitTl1JV57Kuh6lIoPiuvCNcYdAAIMJgAC4Fz4UOPfEx-6TRzlPQQ,112,1.72,Book4-SB-Tracks,2026-09-10T17:48:43.191673
AEF3e_Level_4_SB_4.03.mp3,audio,CQACAgQAAxkBAAIHgmqitTlnQwABx9M92ZZfm90UBHJ-QgACDSYAAuBc-FDQMlNM4XzCWj0E,102,1.57,Book4-SB-Tracks,2026-09-10T17:48:43.192324
AEF3e_Level_4_SB_1.19.mp3,audio,CQACAgQAAxkBAAIHg2qitTnMklw6FSQ4puavPrqmc0QrAAIOJgAC4Fz4UFM3lS00vQmwPQQ,25,0.39,Book4-SB-Tracks,2026-09-10T17:48:43.192980
AEF3e_Level_4_SB_6.05.mp3,audio,CQACAgQAAxkBAAIHhGqitTmHOAgKssyt2Bk3YlnseJzgAAIPJgAC4Fz4UDz0O-cLx4luPQQ,24,0.38,Book4-SB-Tracks,2026-09-10T17:48:43.193578
AEF3e_Level_4_SB_3.20.mp3,audio,CQACAgQAAxkBAAIHhWqitTltrvngBVmtodyQhKkoP2KwAAIQJgAC4Fz4UBMYtTGcRdoAAT0E,243,3.71,Book4-SB-Tracks,2026-09-10T17:48:43.194584
AEF3e_Level_4_SB_10.01.mp3,audio,CQACAgQAAxkBAAIHhmqitTmbnUAx9_kWLcMwTF5tAg2qAAIRJgAC4Fz4UDhM_OBpRoakPQQ,519,7.9,Book4-SB-Tracks,2026-09-10T17:48:43.195463
AEF3e_Level_4_SB_5.01.mp3,audio,CQACAgQAAxkBAAIHh2qitTkInnaM6WFOD100Cbr2r8KmAAISJgAC4Fz4UKhdKxx4nKO_PQQ,253,3.86,Book4-SB-Tracks,2026-09-10T17:48:43.196600
AEF3e_Level_4_SB_1.10.mp3,audio,CQACAgQAAxkBAAIHiGqitTlqRVlU0a2EgGVqeNXBKH13AAITJgAC4Fz4ULCHXR9okmboPQQ,109,1.66,Book4-SB-Tracks,2026-09-10T17:48:43.197533
AEF3e_Level_4_SB_7.03.mp3,audio,CQACAgQAAxkBAAIHiWqitTk1cXftCxHpeBsRCDcfM_LJAAIUJgAC4Fz4UMeHM3PVxE1XPQQ,54,0.83,Book4-SB-Tracks,2026-09-10T17:48:43.198182
AEF3e_Level_4_SB_4.10.mp3,audio,CQACAgQAAxkBAAIHimqitTmIjCmu9RirUJvVERkM5LDPAAIVJgAC4Fz4UISSyjt1E3RVPQQ,25,0.38,Book4-SB-Tracks,2026-09-10T17:48:43.198848
AEF3e_Level_4_SB_10.14.mp3,audio,CQACAgQAAxkBAAIHi2qitTksO2qMwW2B8-e_fq1eYAE5AAIWJgAC4Fz4UKC7WMtktEamPQQ,41,0.64,Book4-SB-Tracks,2026-09-10T17:48:43.199733
AEF3e_Level_4_SB_6.17.mp3,audio,CQACAgQAAxkBAAIHjGqitTk0OB4BxkLbGtcpZgxBVA7qAAIXJgAC4Fz4UHxwN5ywxevOPQQ,55,0.85,Book4-SB-Tracks,2026-09-10T17:48:43.200415
AEF3e_Level_4_SB_3.05.mp3,audio,CQACAgQAAxkBAAIHjWqitTm5WfYkBJCNocfvEyK0t-cVAAIYJgAC4Fz4UGccqS1lTCsMPQQ,63,0.97,Book4-SB-Tracks,2026-09-10T17:48:43.201132
AEF3e_Level_4_SB_9.04.mp3,audio,CQACAgQAAxkBAAIHjmqitTl1FXCgxWf1KW2B3JWSXUNkAAIZJgAC4Fz4UOmprqYI-bzVPQQ,49,0.76,Book4-SB-Tracks,2026-09-10T17:48:43.202034
AEF3e_Level_4_SB_5.13.mp3,audio,CQACAgQAAxkBAAIHj2qitTmt3fmLxlMaHTqgQu4Dgl_JAAIaJgAC4Fz4UJjuaJvUz8_bPQQ,102,1.56,Book4-SB-Tracks,2026-09-10T17:48:43.203002
AEF3e_Level_4_SB_10.05.mp3,audio,CQACAgQAAxkBAAIHkGqitTmveHon9tzrjRiczPWMcoWZAAIbJgAC4Fz4UEbITB8b-8qJPQQ,64,0.98,Book4-SB-Tracks,2026-09-10T17:48:43.203929
AEF3e_Level_4_SB_3.03.mp3,audio,CQACAgQAAxkBAAIHm2qitVJUnTIKERasHgwgJh-92dBeAAImJgAC4Fz4UPY0lWVq9QOJPQQ,186,2.84,Book4-SB-Tracks,2026-09-10T17:49:06.647260
AEF3e_Level_4_SB_7.10.mp3,audio,CQACAgQAAxkBAAIHkmqitVI9xo5JEkdHekDK2ZqaqAikAAIcJgAC4Fz4UH52z8EnReYoPQQ,91,1.39,Book4-SB-Tracks,2026-09-10T17:49:06.648495
AEF3e_Level_4_SB_8.08.mp3,audio,CQACAgQAAxkBAAIHl2qitVKaRIYh77G3lgzBOEFB0g4bAAIhJgAC4Fz4UM9-2p1qeicSPQQ,41,0.63,Book4-SB-Tracks,2026-09-10T17:49:06.649339
AEF3e_Level_4_SB_6.02.mp3,audio,CQACAgQAAxkBAAIHlWqitVJ9LBUzXYP08nrWW8GcbCcCAAIfJgAC4Fz4UMlZueTGK2B0PQQ,47,0.72,Book4-SB-Tracks,2026-09-10T17:49:06.650906
AEF3e_Level_4_SB_9.17.mp3,audio,CQACAgQAAxkBAAIHlGqitVIQwRA7M2gxH-OTsKJ1lmI4AAIeJgAC4Fz4UFUYaZwCtCVYPQQ,72,1.1,Book4-SB-Tracks,2026-09-10T17:49:06.652731
AEF3e_Level_4_SB_3.18.mp3,audio,CQACAgQAAxkBAAIHk2qitVJ-Ypi3SKzozcnvzYDN4kCBAAIdJgAC4Fz4UFTRKtyQNa8HPQQ,46,0.71,Book4-SB-Tracks,2026-09-10T17:49:06.654060
AEF3e_Level_4_SB_1.02.mp3,audio,CQACAgQAAxkBAAIHmWqitVJliIc2PzKFMuGVUEUrpIDJAAIkJgAC4Fz4UC4LzuySjlU7PQQ,49,0.75,Book4-SB-Tracks,2026-09-10T17:49:06.655553
AEF3e_Level_4_SB_8.02.mp3,audio,CQACAgQAAxkBAAIHmmqitVKFr5sn_oogLptZOdg655MeAAIlJgAC4Fz4UAAB4LdsMowvmD0E,27,0.42,Book4-SB-Tracks,2026-09-10T17:49:06.657105
AEF3e_Level_4_SB_3.09.mp3,audio,CQACAgQAAxkBAAIHmGqitVLFFPnW-T4yH4t9r0nXV3qRAAIjJgAC4Fz4UCsbnaVF9WluPQQ,194,2.97,Book4-SB-Tracks,2026-09-10T17:49:06.658962
AEF3e_Level_4_SB_2.15.mp3,audio,CQACAgQAAxkBAAIHlmqitVLZfE9ZfzqzNajDTkFf0l2aAAIgJgAC4Fz4UMGsLSlyVcdUPQQ,40,0.62,Book4-SB-Tracks,2026-09-10T17:49:06.660232
AEF3e_Level_4_WB_3.1.mp3,audio,CQACAgQAAxkBAAIHn2qitWzKOF4y5dz_sGdyMiOviq6SAAJuJQAC4FwAAVGxeqc_vZKVLT0E,76,1.18,Book4-WB-Tracks,2026-09-10T17:49:33.198136
AEF3e_Level_4_WB_6.2.mp3,audio,CQACAgQAAxkBAAIHoGqitWxtZrdgb_5f-RLII3Wetx43AAJvJQAC4FwAAVGinOkT4L8fxT0E,50,0.77,Book4-WB-Tracks,2026-09-10T17:49:33.199262
AEF3e_Level_4_WB_7.1.mp3,audio,CQACAgQAAxkBAAIHp2qitWzcp3niJfU9XIHCNjlHs-_-AAJ2JQAC4FwAAVHB0i5nrDU2gz0E,48,0.75,Book4-WB-Tracks,2026-09-10T17:49:33.200794
AEF3e_Level_4_WB_3.2.mp3,audio,CQACAgQAAxkBAAIHo2qitWw4D_Mn37SZBi71ebPJ94cIAAJyJQAC4FwAAVF2vVcyHxSSpD0E,28,0.44,Book4-WB-Tracks,2026-09-10T17:49:33.201909
AEF3e_Level_4_WB_7.3.mp3,audio,CQACAgQAAxkBAAIHq2qitWxY2OAAATse4ElHOKAXA0UpXgACeiUAAuBcAAFRPNFXqDbOUtk9BA,68,1.04,Book4-WB-Tracks,2026-09-10T17:49:33.202774
AEF3e_Level_4_WB_1.4.mp3,audio,CQACAgQAAxkBAAIHrGqitWzeOINZ0MyJWlNFbP0hsUX8AAJ7JQAC4FwAAVGJNiK_9nx6LD0E,87,1.34,Book4-WB-Tracks,2026-09-10T17:49:33.203556
AEF3e_Level_4_WB_10.1.mp3,audio,CQACAgQAAxkBAAIHsWqitWy-zjtocCVdPTw5v-ulmzn0AAKAJQAC4FwAAVEe4TtEh9nxgD0E,65,1.01,Book4-WB-Tracks,2026-09-10T17:49:33.204576
AEF3e_Level_4_WB_7.4.mp3,audio,CQACAgQAAxkBAAIHrmqitWxFHN1TxYm9U0SHuIqQC9YzAAJ9JQAC4FwAAVEHEK0quU8puT0E,73,1.13,Book4-WB-Tracks,2026-09-10T17:49:33.205802
AEF3e_Level_4_WB_7.5.mp3,audio,CQACAgQAAxkBAAIHsmqitWz67rHFOuvCf74hDttE-C5VAAKBJQAC4FwAAVHsAgebHUGdHz0E,55,0.84,Book4-WB-Tracks,2026-09-10T17:49:33.207122
AEF3e_Level_4_WB_6.3.mp3,audio,CQACAgQAAxkBAAIHomqitWzhBqKyhTFRKpIw9io6GlEMAAJxJQAC4FwAAVFVnWLkeMU96D0E,63,0.97,Book4-WB-Tracks,2026-09-10T17:49:33.208337
AEF3e_Level_4_WB_1.1.mp3,audio,CQACAgQAAxkBAAIHpmqitWx0piUJjOFwB0hdxEU73KtGAAJ1JQAC4FwAAVFW-S87SNHgwz0E,47,0.72,Book4-WB-Tracks,2026-09-10T17:49:33.209148
AEF3e_Level_4_WB_3.4.mp3,audio,CQACAgQAAxkBAAIHs2qitWxpmbV_YPp82r3gWloMe8nTAAKCJQAC4FwAAVFmlbuZqtCwCD0E,65,1.01,Book4-WB-Tracks,2026-09-10T17:49:33.210237
AEF3e_Level_4_WB_1.2.mp3,audio,CQACAgQAAxkBAAIHqGqitWyl0-wbcLJCIdrDGFHGEh2TAAJ3JQAC4FwAAVGw7q3c-_QtTz0E,46,0.72,Book4-WB-Tracks,2026-09-10T17:49:33.211211
AEF3e_Level_4_WB_6.5.mp3,audio,CQACAgQAAxkBAAIHpWqitWziKHqjCEg0e7xEVbs_UMsJAAJ0JQAC4FwAAVFXJ8RAwawY4D0E,45,0.7,Book4-WB-Tracks,2026-09-10T17:49:33.212192
AEF3e_Level_4_WB_1.6.mp3,audio,CQACAgQAAxkBAAIHtGqitWxhfBMop_GdpN7YxMN3ItjoAAKDJQAC4FwAAVHOxlCp9irQuT0E,62,0.96,Book4-WB-Tracks,2026-09-10T17:49:33.213179
AEF3e_Level_4_WB_10.2.mp3,audio,CQACAgQAAxkBAAIHtWqitWy0w5U26Nd9PPay4PSjrJSnAAKEJQAC4FwAAVFfU6V5fF81fT0E,69,1.06,Book4-WB-Tracks,2026-09-10T17:49:33.214152
AEF3e_Level_4_WB_8.1.mp3,audio,CQACAgQAAxkBAAIHtmqitWwKcGIZxHx8Lh_bAi34V2eWAAKFJQAC4FwAAVEOPqi9tZqM0z0E,78,1.2,Book4-WB-Tracks,2026-09-10T17:49:33.215338
AEF3e_Level_4_WB_4.1.mp3,audio,CQACAgQAAxkBAAIHt2qitWzk3XM2xcji-3P_G5S-TuTUAAKGJQAC4FwAAVEJFQcgn96q7j0E,151,2.31,Book4-WB-Tracks,2026-09-10T17:49:33.217077
AEF3e_Level_4_WB_2.1.mp3,audio,CQACAgQAAxkBAAIHuGqitWzFzfhdsi6zDuK0ZHILhHwYAAKHJQAC4FwAAVHsYx1zE5gogT0E,95,1.46,Book4-WB-Tracks,2026-09-10T17:49:33.217961
AEF3e_Level_4_WB_4.2.mp3,audio,CQACAgQAAxkBAAIHuWqitWw6PjC7zmb266b5xjWTk_UhAAKIJQAC4FwAAVHxDGmrLy3tuT0E,71,1.1,Book4-WB-Tracks,2026-09-10T17:49:33.218965
AEF3e_Level_4_WB_8.2.mp3,audio,CQACAgQAAxkBAAIHumqitWwMEnqhRZ-VhUjxfAvpNuKtAAKJJQAC4FwAAVF_rg-TBNcNqj0E,62,0.96,Book4-WB-Tracks,2026-09-10T17:49:33.219957
AEF3e_Level_4_WB_3.3.mp3,audio,CQACAgQAAxkBAAIHr2qitWxnauFEuR44X5u-pOOBBsigAAJ-JQAC4FwAAVFzbTCxYemKoz0E,58,0.89,Book4-WB-Tracks,2026-09-10T17:49:33.221300
AEF3e_Level_4_WB_5.1.mp3,audio,CQACAgQAAxkBAAIHu2qitWz3kBJc0xpqHgW-CnrWYYbzAAKKJQAC4FwAAVHC7CTIOkKqbz0E,64,0.99,Book4-WB-Tracks,2026-09-10T17:49:33.222271
AEF3e_Level_4_WB_2.2.mp3,audio,CQACAgQAAxkBAAIHvGqitWzJq-MEDUP_GCbhhgTkSp2bAAKLJQAC4FwAAVHptrYyc60TVj0E,79,1.22,Book4-WB-Tracks,2026-09-10T17:49:33.223011
AEF3e_Level_4_WB_1.5.mp3,audio,CQACAgQAAxkBAAIHsGqitWw9ReqJ2isjMdGe82h-VhDjAAJ_JQAC4FwAAVEkjy_qBcaLFD0E,52,0.81,Book4-WB-Tracks,2026-09-10T17:49:33.223843
AEF3e_Level_4_WB_1.3.mp3,audio,CQACAgQAAxkBAAIHqmqitWyHELf-NPNckj8ucjhflB10AAJ5JQAC4FwAAVGiJ-jsn0fKoT0E,47,0.73,Book4-WB-Tracks,2026-09-10T17:49:33.224850
AEF3e_Level_4_WB_5.2.mp3,audio,CQACAgQAAxkBAAIHvWqitWwwtblm_etaPvM2nqesbUTVAAKMJQAC4FwAAVFltFTpEAuPLD0E,49,0.75,Book4-WB-Tracks,2026-09-10T17:49:33.225670
AEF3e_Level_4_WB_8.3.mp3,audio,CQACAgQAAxkBAAIHvmqitWyX9MQd6N2npatQHJsUxSWjAAKNJQAC4FwAAVGMXpivk9QwFj0E,47,0.72,Book4-WB-Tracks,2026-09-10T17:49:33.226730
AEF3e_Level_4_WB_7.2.mp3,audio,CQACAgQAAxkBAAIHqWqitWwiakzm8dMRZwWcwaHL1FT0AAJ4JQAC4FwAAVF2dTpV3yO39T0E,58,0.9,Book4-WB-Tracks,2026-09-10T17:49:33.227646
AEF3e_Level_4_WB_6.1.mp3,audio,CQACAgQAAxkBAAIHv2qitWzrJXNzEIwru408-dO2cHXgAAKOJQAC4FwAAVHRQ2p4JKkP9D0E,54,0.83,Book4-WB-Tracks,2026-09-10T17:49:33.228917
AEF3e_Level_4_WB_9.2.mp3,audio,CQACAgQAAxkBAAIHrWqitWzxFcYwX2e4GqsbkA0sr7giAAJ8JQAC4FwAAVEkwbUQ73I-zz0E,53,0.82,Book4-WB-Tracks,2026-09-10T17:49:33.230142
AEF3e_Level_4_WB_9.1.mp3,audio,CQACAgQAAxkBAAIHoWqitWzEzgERWSAHu-PMJSUea66dAAJwJQAC4FwAAVEbtFrRZWiUzD0E,90,1.38,Book4-WB-Tracks,2026-09-10T17:49:33.231067
AEF3e_Level_4_WB_6.4.mp3,audio,CQACAgQAAxkBAAIHpGqitWyIKkbF8yf2rpThelspGUQvAAJzJQAC4FwAAVE_RUrEotDMjD0E,68,1.05,Book4-WB-Tracks,2026-09-10T17:49:33.232079
AEF3e_Level_5_SB_10.5.mp3,audio,CQACAgQAAxkBAAIHy2qitZGzSFxQtmWmt4NbTqoUn68CAAJfJgAC4Fz4UGG_GDJyLE1zPQQ,32,0.5,Book5-SB-Tracks,2026-09-10T17:50:10.769048
AEF3e_Level_5_SB_4.11.mp3,audio,CQACAgQAAxkBAAIHymqitZFrDYbYcyF4JBZWlkl3RrvKAAJeJgAC4Fz4UHhPz0wtiHckPQQ,51,0.78,Book5-SB-Tracks,2026-09-10T17:50:10.770693
AEF3e_Level_5_SB_1.14.mp3,audio,CQACAgQAAxkBAAIHzGqitZFPy1ApmKB6hEThTvLU1W_vAAJgJgAC4Fz4UG6NTy8Q3RaDPQQ,104,1.59,Book5-SB-Tracks,2026-09-10T17:50:10.771571
AEF3e_Level_5_SB_4.2.mp3,audio,CQACAgQAAxkBAAIHz2qitZFMA95xn4jUaHdxo0tvImh7AAJjJgAC4Fz4UIZeZjK6LWeFPQQ,98,1.51,Book5-SB-Tracks,2026-09-10T17:50:10.772451
AEF3e_Level_5_SB_5.19.mp3,audio,CQACAgQAAxkBAAIH0GqitZFTYYc4O9olo3L8m5LJbaZhAAJkJgAC4Fz4UNQfiD6BbbFmPQQ,105,1.6,Book5-SB-Tracks,2026-09-10T17:50:10.773298
AEF3e_Level_5_SB_9.2.mp3,audio,CQACAgQAAxkBAAIHxWqitZEwVKwYAAGTQMy40FezICGHTwACWSYAAuBc-FBCODteqnh-xz0E,42,0.65,Book5-SB-Tracks,2026-09-10T17:50:10.774176
AEF3e_Level_5_SB_9.16.mp3,audio,CQACAgQAAxkBAAIHx2qitZHMBa2fnx0V6-1w87BCeZRBAAJbJgAC4Fz4UBQ8LcVck3bfPQQ,50,0.77,Book5-SB-Tracks,2026-09-10T17:50:10.775576
AEF3e_Level_5_SB_1.12.mp3,audio,CQACAgQAAxkBAAIHw2qitZF5S9MTKhzaeLGMqsaMvY97AAJXJgAC4Fz4UKD3lpLdTf6mPQQ,100,1.53,Book5-SB-Tracks,2026-09-10T17:50:10.776432
AEF3e_Level_5_SB_7.1.mp3,audio,CQACAgQAAxkBAAIHxGqitZHNcMdImfAIqW6d2fX42ulkAAJYJgAC4Fz4UIllh4bP8x3yPQQ,165,2.52,Book5-SB-Tracks,2026-09-10T17:50:10.777434
AEF3e_Level_5_SB_1.3.mp3,audio,CQACAgQAAxkBAAIHyGqitZE3RK8JdwU9etOjl-aUv9M_AAJcJgAC4Fz4UAqO7JQfuDqOPQQ,113,1.73,Book5-SB-Tracks,2026-09-10T17:50:10.778284
AEF3e_Level_5_SB_2.14.mp3,audio,CQACAgQAAxkBAAIHyWqitZEpXJ5rQeixnuYKdhEMUQoAA10mAALgXPhQA9lCewHoMcU9BA,55,0.84,Book5-SB-Tracks,2026-09-10T17:50:10.779649
AEF3e_Level_5_SB_9.9.mp3,audio,CQACAgQAAxkBAAIHxmqitZG7N4-i-7ZywoH7Sw3qm8YzAAJaJgAC4Fz4UFK92kEYXloJPQQ,262,3.99,Book5-SB-Tracks,2026-09-10T17:50:10.781195
AEF3e_Level_5_SB_5.26.mp3,audio,CQACAgQAAxkBAAIH0WqitZFrA1KPnurLd6OUxPBYE187AAJlJgAC4Fz4UKd3-DKXAS6iPQQ,47,0.72,Book5-SB-Tracks,2026-09-10T17:50:10.782531
AEF3e_Level_5_SB_3.5.mp3,audio,CQACAgQAAxkBAAIH0mqitZEth5akDDyBJC2phhNV0MhFAAJnJgAC4Fz4UNoIxqUhTD6aPQQ,103,1.57,Book5-SB-Tracks,2026-09-10T17:50:10.783434
AEF3e_Level_5_SB_3.12.mp3,audio,CQACAgQAAxkBAAIH02qitZH07ECvraYziMW69CofWLAUAAJoJgAC4Fz4UKrGq30KLqaePQQ,159,2.42,Book5-SB-Tracks,2026-09-10T17:50:10.784557
AEF3e_Level_5_SB_3.19.mp3,audio,CQACAgQAAxkBAAIH1GqitZHE5KsmgKwkqcWD9f11h7YUAAJpJgAC4Fz4UK8TVYerz2gSPQQ,42,0.64,Book5-SB-Tracks,2026-09-10T17:50:10.785536
AEF3e_Level_5_SB_7.7.mp3,audio,CQACAgQAAxkBAAIH1WqitZHsbV6WMfuFNqw4eJXKOT0iAAJqJgAC4Fz4UFj966hecdgTPQQ,147,2.24,Book5-SB-Tracks,2026-09-10T17:50:10.786510
AEF3e_Level_5_SB_7.14.mp3,audio,CQACAgQAAxkBAAIH1mqitZHKmbAXR_ZjEOyLCfDyF6YBAAJsJgAC4Fz4UEQo95POgksIPQQ,219,3.34,Book5-SB-Tracks,2026-09-10T17:50:10.787501
AEF3e_Level_5_SB_8.3.mp3,audio,CQACAgQAAxkBAAIH12qitZF-uUHiiwX568zogXN1qG6YAAJtJgAC4Fz4UMR7qPeD5D4YPQQ,309,4.72,Book5-SB-Tracks,2026-09-10T17:50:10.788877
AEF3e_Level_5_SB_1.21.mp3,audio,CQACAgQAAxkBAAIHzWqitZHn6plHGpiIgdQQHtB-p0erAAJhJgAC4Fz4UESGPUsQS5YNPQQ,107,1.64,Book5-SB-Tracks,2026-09-10T17:50:10.790281
AEF3e_Level_5_SB_5.1.mp3,audio,CQACAgQAAxkBAAIH2GqitZFRKCHUdD5WcfXnmLCK6GKXAAJuJgAC4Fz4UB7xRysLqaZvPQQ,215,3.28,Book5-SB-Tracks,2026-09-10T17:50:10.791581
AEF3e_Level_5_SB_5.8.mp3,audio,CQACAgQAAxkBAAIH2WqitZHmxzLR_FU5HDVvBi7nZJFsAAJvJgAC4Fz4UIwLgk-Zr2spPQQ,50,0.77,Book5-SB-Tracks,2026-09-10T17:50:10.793427
AEF3e_Level_5_SB_7.5.mp3,audio,CQACAgQAAxkBAAIH2mqitZFYNEPjDtzv5JAdZ3Eago7aAAJwJgAC4Fz4UIb-Lt25u7HBPQQ,150,2.29,Book5-SB-Tracks,2026-09-10T17:50:10.794924
AEF3e_Level_5_SB_9.6.mp3,audio,CQACAgQAAxkBAAIH22qitZH41Q7oB9u3BS-Uxbnreco0AAJxJgAC4Fz4UDW16Wf2anc8PQQ,39,0.6,Book5-SB-Tracks,2026-09-10T17:50:10.796310
AEF3e_Level_5_SB_9.13.mp3,audio,CQACAgQAAxkBAAIH3GqitZEnNXKThxBopAL38CZE-XY_AAJyJgAC4Fz4UCnoYxCSze6TPQQ,65,0.99,Book5-SB-Tracks,2026-09-10T17:50:10.797269
AEF3e_Level_5_SB_9.20.mp3,audio,CQACAgQAAxkBAAIH3WqitZEdpuseVOL9MZEzEdVBpmkJAAJzJgAC4Fz4UCkYqNaw1AABzj0E,90,1.37,Book5-SB-Tracks,2026-09-10T17:50:10.798304
AEF3e_Level_5_SB_6.7.mp3,audio,CQACAgQAAxkBAAIH3mqitZH4Zp2wwTa9wrPPd0W93ArcAAJ0JgAC4Fz4UH6iDy324A4KPQQ,40,0.62,Book5-SB-Tracks,2026-09-10T17:50:10.799033
AEF3e_Level_5_SB_8.12.mp3,audio,CQACAgQAAxkBAAIH32qitZFo-81Vyz11TcnxoNyju06UAAJ1JgAC4Fz4UHQhSghhlSGePQQ,43,0.67,Book5-SB-Tracks,2026-09-10T17:50:10.799892
AEF3e_Level_5_SB_10.9.mp3,audio,CQACAgQAAxkBAAIH4GqitZEuCzewmUlETEPCiASCMU0iAAJ2JgAC4Fz4UJdFN36g7zDDPQQ,367,5.59,Book5-SB-Tracks,2026-09-10T17:50:10.800701
AEF3e_Level_5_SB_1.18.mp3,audio,CQACAgQAAxkBAAIH4WqitZEdRQmm6zL8YxMEEB7kst4SAAJ3JgAC4Fz4UPODoJyFRk_RPQQ,252,3.84,Book5-SB-Tracks,2026-09-10T17:50:10.801889
AEF3e_Level_5_SB_2.2.mp3,audio,CQACAgQAAxkBAAIH4mqitZEDrUW49F2I2oOCjgb72QaZAAJ4JgAC4Fz4UCZlcWMNyPTRPQQ,21,0.33,Book5-SB-Tracks,2026-09-10T17:50:10.803194
AEF3e_Level_5_SB_2.9.mp3,audio,CQACAgQAAxkBAAIH42qitZGpu_dN99GVpbtJwHrgppY_AAJ5JgAC4Fz4UF96Om1Fum2jPQQ,115,1.75,Book5-SB-Tracks,2026-09-10T17:50:10.804543
AEF3e_Level_5_SB_4.6.mp3,audio,CQACAgQAAxkBAAIH5GqitZGkIXbySufzQSZ0q-ywhAobAAJ6JgAC4Fz4UEs4z-eLa-mqPQQ,25,0.4,Book5-SB-Tracks,2026-09-10T17:50:10.805591
AEF3e_Level_5_SB_9.22.mp3,audio,CQACAgQAAxkBAAIH5WqitZGa6yHmc1pV68NJYv2pxVOCAAJ7JgAC4Fz4UNqOi6QAAUFwTj0E,44,0.68,Book5-SB-Tracks,2026-09-10T17:50:10.806542
AEF3e_Level_5_SB_1.9.mp3,audio,CQACAgQAAxkBAAIH5mqitZHowsH4s30HggVOCrOMyCgLAAJ8JgAC4Fz4ULaFEuIa0d6kPQQ,47,0.73,Book5-SB-Tracks,2026-09-10T17:50:10.807507
AEF3e_Level_5_SB_2.5.mp3,audio,CQACAgQAAxkBAAIHzmqitZHHsJjS6pabRj5SpYg6cpShAAJiJgAC4Fz4UM3CqYo-HYRpPQQ,199,3.03,Book5-SB-Tracks,2026-09-10T17:50:10.808715
AEF3e_Level_5_SB_3.2.mp3,audio,CQACAgQAAxkBAAIH52qitZFL6-mgOMfPPrt49iVVAAFi2wACfSYAAuBc-FAWoxt_Zn4hKz0E,69,1.06,Book5-SB-Tracks,2026-09-10T17:50:10.810416
AEF3e_Level_5_SB_3.9.mp3,audio,CQACAgQAAxkBAAIH6GqitZHzw-3444WbyLk0r-Bih2b3AAJ-JgAC4Fz4UEoICMfYVGPgPQQ,91,1.39,Book5-SB-Tracks,2026-09-10T17:50:10.811796
AEF3e_Level_5_SB_3.16.mp3,audio,CQACAgQAAxkBAAIH6WqitZGSmDNieUiUzTyalL3oNWBTAAJ_JgAC4Fz4UJgYZpzaBMaXPQQ,227,3.46,Book5-SB-Tracks,2026-09-10T17:50:10.813172
AEF3e_Level_5_SB_5.14.mp3,audio,CQACAgQAAxkBAAIH6mqitZHA5cIMyZQi-Gs0AiOHsVjUAAKAJgAC4Fz4UBD7ZTlq6L0-PQQ,112,1.72,Book5-SB-Tracks,2026-09-10T17:50:10.814208
AEF3e_Level_5_SB_7.11.mp3,audio,CQACAgQAAxkBAAIH62qitZH_YzdSpsmFoCkJVXehFCYqAAKBJgAC4Fz4UC9uGpWiao7HPQQ,296,4.52,Book5-SB-Tracks,2026-09-10T17:50:10.815381
AEF3e_Level_5_SB_2.11.mp3,audio,CQACAgQAAxkBAAIH7GqitZHyl18ivrFnpcoaJgbsV7x-AAKCJgAC4Fz4UMmWncMksTqhPQQ,59,0.91,Book5-SB-Tracks,2026-09-10T17:50:10.816375
AEF3e_Level_5_SB_4.8.mp3,audio,CQACAgQAAxkBAAIH7WqitZG7c4aciPyHRb-LWVaMdjMAA4MmAALgXPhQNksMKWrE6MQ9BA,260,3.97,Book5-SB-Tracks,2026-09-10T17:50:10.817181
AEF3e_Level_5_SB_4.15.mp3,audio,CQACAgQAAxkBAAIH7mqitZE81u9X5sWlQMd5nZlykDr_AAKEJgAC4Fz4UNh9nCZIawd4PQQ,106,1.62,Book5-SB-Tracks,2026-09-10T17:50:10.818599
AEF3e_Level_5_SB_5.5.mp3,audio,CQACAgQAAxkBAAIH72qitZFNg-e1sATV0vESFb33OZsKAAKFJgAC4Fz4UNPcLElPtCI0PQQ,91,1.4,Book5-SB-Tracks,2026-09-10T17:50:10.820247
AEF3e_Level_5_SB_7.2.mp3,audio,CQACAgQAAxkBAAIH8GqitZHzx6KaGJtZv3IyctZhLMrDAAKGJgAC4Fz4UO-G8jq_XBVePQQ,110,1.68,Book5-SB-Tracks,2026-09-10T17:50:10.821487
AEF3e_Level_5_SB_9.3.mp3,audio,CQACAgQAAxkBAAIH8WqitZFn9D2PwB0VsjP12IC5bFBfAAKHJgAC4Fz4UBg8cRNfpFL7PQQ,47,0.73,Book5-SB-Tracks,2026-09-10T17:50:10.822298
AEF3e_Level_5_SB_9.10.mp3,audio,CQACAgQAAxkBAAIH8mqitZFvl6HM8h5Z4iqrnTzGT3x_AAKIJgAC4Fz4UH_2keAZLpYtPQQ,50,0.77,Book5-SB-Tracks,2026-09-10T17:50:10.823153
AEF3e_Level_5_SB_5.23.mp3,audio,CQACAgQAAxkBAAIH82qitZFlQuhQM-xXXhTFyywVSitVAAKJJgAC4Fz4UPOTcSLxyNU6PQQ,258,3.93,Book5-SB-Tracks,2026-09-10T17:50:10.824206
AEF3e_Level_5_SB_6.4.mp3,audio,CQACAgQAAxkBAAIH9GqitZHaLwsOF0SeOt55Qo7ga-YQAAKKJgAC4Fz4UFtChMV-9nzZPQQ,84,1.28,Book5-SB-Tracks,2026-09-10T17:50:10.825124
AEF3e_Level_5_SB_6.11.mp3,audio,CQACAgQAAxkBAAIH9WqitZEvDT9Mn6Rj060FB9QwDD0UAAKLJgAC4Fz4UPYq-LScaj_wPQQ,369,5.62,Book5-SB-Tracks,2026-09-10T17:50:10.826606
AEF3e_Level_5_SB_10.6.mp3,audio,CQACAgQAAxkBAAIH9mqitZEeFDuAWnbp62Vp7F4SNvmFAAKMJgAC4Fz4UL_zfh9SWFVyPQQ,45,0.69,Book5-SB-Tracks,2026-09-10T17:50:10.827825
AEF3e_Level_5_SB_1.15.mp3,audio,CQACAgQAAxkBAAIH92qitZHJe7mAUIf4ASifv0e8x95tAAKNJgAC4Fz4UOCauba86i-kPQQ,13,0.2,Book5-SB-Tracks,2026-09-10T17:50:10.829244
AEF3e_Level_5_SB_1.22.mp3,audio,CQACAgQAAxkBAAIH-GqitZExG4xOYIvjYlte-bQIa4IWAAKOJgAC4Fz4UInMnUArmGwTPQQ,235,3.59,Book5-SB-Tracks,2026-09-10T17:50:10.830059
AEF3e_Level_5_SB_7.18.mp3,audio,CQACAgQAAxkBAAIH-WqitZHIGoYtdUCLPocFWpqxJ1xNAAKPJgAC4Fz4UAABcW-EaExykz0E,50,0.76,Book5-SB-Tracks,2026-09-10T17:50:10.830766
AEF3e_Level_5_SB_8.7.mp3,audio,CQACAgQAAxkBAAIH-mqitZHQ0u6s1VVAICdKAf-1MHXPAAKQJgAC4Fz4UD2cAh8KTLmBPQQ,77,1.19,Book5-SB-Tracks,2026-09-10T17:50:10.831631
AEF3e_Level_5_SB_10.4.mp3,audio,CQACAgQAAxkBAAIH-2qitZGhoOuPVU_sYKtYGVu3OPWgAAKRJgAC4Fz4UA1OGOjBoVoQPQQ,78,1.19,Book5-SB-Tracks,2026-09-10T17:50:10.832383
AEF3e_Level_5_SB_2.17.mp3,audio,CQACAgQAAxkBAAIH_GqitZEc1-bIQGtOs9O-ouSU-em6AAKSJgAC4Fz4UFonOXgb6XTXPQQ,65,1,Book5-SB-Tracks,2026-09-10T17:50:10.833221
AEF3e_Level_5_SB_3.6.mp3,audio,CQACAgQAAxkBAAIH_WqitZFa1o7_irQ6fg6No8e3Lbu9AAKTJgAC4Fz4UKhBTa6DVG91PQQ,259,3.95,Book5-SB-Tracks,2026-09-10T17:50:10.834978
AEF3e_Level_5_SB_3.13.mp3,audio,CQACAgQAAxkBAAIH_mqitZHhgcb7ZalPt4OhMpXdC_5oAAKUJgAC4Fz4UKPCFGtFgF3jPQQ,139,2.13,Book5-SB-Tracks,2026-09-10T17:50:10.836257
AEF3e_Level_5_SB_9.17.mp3,audio,CQACAgQAAxkBAAIH_2qitZEB3U7QSw7L_4lufWK0Zdi0AAKVJgAC4Fz4UINt23Tw0G37PQQ,220,3.36,Book5-SB-Tracks,2026-09-10T17:50:10.837802
AEF3e_Level_5_SB_1.4.mp3,audio,CQACAgQAAxkBAAIIAAFqorWRINWADILoc98iVSZtrQclmQACliYAAuBc-FBPt7GzQaEOHT0E,130,1.98,Book5-SB-Tracks,2026-09-10T17:50:10.838858
AEF3e_Level_5_SB_2.15.mp3,audio,CQACAgQAAxkBAAIIAWqitZHnohUiXRAHMJLVCzZ0YsohAAKXJgAC4Fz4UIAlikQHhQoZPQQ,204,3.11,Book5-SB-Tracks,2026-09-10T17:50:10.839877
AEF3e_Level_5_SB_4.12.mp3,audio,CQACAgQAAxkBAAIIAmqitZF2yswcdBG3VgUPqUmyQi1IAAKYJgAC4Fz4UF4Byge-iRFVPQQ,41,0.64,Book5-SB-Tracks,2026-09-10T17:50:10.840852
AEF3e_Level_5_SB_5.2.mp3,audio,CQACAgQAAxkBAAIIA2qitZHAZMbS-NGU4vfT6qo0bsXNAAKZJgAC4Fz4UEArTEtKRTE4PQQ,193,2.95,Book5-SB-Tracks,2026-09-10T17:50:10.841807
AEF3e_Level_5_SB_5.9.mp3,audio,CQACAgQAAxkBAAIIBGqitZFq5mn4jvLITb4CRC5PcNMPAAKaJgAC4Fz4UHN_NqKXiEY6PQQ,63,0.96,Book5-SB-Tracks,2026-09-10T17:50:10.843432
AEF3e_Level_5_SB_7.6.mp3,audio,CQACAgQAAxkBAAIIBWqitZHB3MG1h0pHY7_KklGUvQpxAAKbJgAC4Fz4UGtzJ7gYDvQiPQQ,285,4.34,Book5-SB-Tracks,2026-09-10T17:50:10.845111
AEF3e_Level_5_SB_2.6.mp3,audio,CQACAgQAAxkBAAIIBmqitZFMUdPWUFhjBmYJWvJUza6pAAKcJgAC4Fz4UMW0SPdH1VkhPQQ,198,3.02,Book5-SB-Tracks,2026-09-10T17:50:10.846384
AEF3e_Level_5_SB_4.3.mp3,audio,CQACAgQAAxkBAAIIB2qitZE5uBxjrIfyW6XcVF08wqJ6AAKdJgAC4Fz4UPyblFBamLb4PQQ,47,0.72,Book5-SB-Tracks,2026-09-10T17:50:10.847541
AEF3e_Level_5_SB_5.20.mp3,audio,CQACAgQAAxkBAAIICGqitZF71JL9KN2hxt-9Wnivb486AAKeJgAC4Fz4UHEqcieCo8DxPQQ,73,1.12,Book5-SB-Tracks,2026-09-10T17:50:10.848539
AEF3e_Level_5_SB_6.1.mp3,audio,CQACAgQAAxkBAAIICWqitZFT0cnz37KcLwQbhVbYxVhNAAKfJgAC4Fz4UIg5purgv6xPPQQ,227,3.46,Book5-SB-Tracks,2026-09-10T17:50:10.849510
AEF3e_Level_5_SB_6.8.mp3,audio,CQACAgQAAxkBAAIICmqitZEIcrAyhqhtjRYjBBzcaEF-AAKgJgAC4Fz4UMGKJI3UQSAcPQQ,78,1.19,Book5-SB-Tracks,2026-09-10T17:50:10.850447
AEF3e_Level_5_SB_8.13.mp3,audio,CQACAgQAAxkBAAIIC2qitZEQj0XLQEyJpYb_8AjBVXwmAAKhJgAC4Fz4UDoveC49lXgkPQQ,36,0.55,Book5-SB-Tracks,2026-09-10T17:50:10.852244
AEF3e_Level_5_SB_10.10.mp3,audio,CQACAgQAAxkBAAIIDGqitZEvw4gos7pX1R8zh0lJMLkbAAKiJgAC4Fz4UFrUhMniris-PQQ,401,6.11,Book5-SB-Tracks,2026-09-10T17:50:10.854257
AEF3e_Level_5_SB_5.11.mp3,audio,CQACAgQAAxkBAAIIDWqitZFyRK2O_9FxLyCCMK0VYmTMAAKjJgAC4Fz4UNIXSi31PpLgPQQ,43,0.66,Book5-SB-Tracks,2026-09-10T17:50:10.855539
AEF3e_Level_5_SB_7.8.mp3,audio,CQACAgQAAxkBAAIIDmqitZH0Wsd-djxzDz0eSNokIeOjAAKkJgAC4Fz4UNVMdjEhzHk4PQQ,33,0.51,Book5-SB-Tracks,2026-09-10T17:50:10.856336
AEF3e_Level_5_SB_7.15.mp3,audio,CQACAgQAAxkBAAIID2qitZHCHqT0BzZljfZHr4oJ_PDbAAKlJgAC4Fz4UGsBsA-EdDvXPQQ,242,3.69,Book5-SB-Tracks,2026-09-10T17:50:10.857245
AEF3e_Level_5_SB_8.4.mp3,audio,CQACAgQAAxkBAAIIEGqitZEYkyIhKMrWEwJenAABlHmZ_gACpiYAAuBc-FBxnbnhM-8DGz0E,71,1.08,Book5-SB-Tracks,2026-09-10T17:50:10.858280
AEF3e_Level_5_SB_10.1.mp3,audio,CQACAgQAAxkBAAIIEWqitZFaAb8y18TteLkCalWnNXSFAAKoJgAC4Fz4ULFusCgtoGWmPQQ,437,6.66,Book5-SB-Tracks,2026-09-10T17:50:10.859637
AEF3e_Level_5_SB_1.10.mp3,audio,CQACAgQAAxkBAAIIEmqitZERIyTQ7hbTrNcjGCFEpJrbAAKpJgAC4Fz4UNQ7bsVI4xo8PQQ,86,1.32,Book5-SB-Tracks,2026-09-10T17:50:10.860629
AEF3e_Level_5_SB_3.3.mp3,audio,CQACAgQAAxkBAAIIE2qitZGtNf8CyzFBWzHtxsAe9w_KAAKqJgAC4Fz4UHHGPse9aoPYPQQ,90,1.37,Book5-SB-Tracks,2026-09-10T17:50:10.861577
AEF3e_Level_5_SB_9.7.mp3,audio,CQACAgQAAxkBAAIIFGqitZGWgGxNsU_PNBAlMdKWvKizAAKrJgAC4Fz4UItgPXRdEPZZPQQ,45,0.69,Book5-SB-Tracks,2026-09-10T17:50:10.862790
AEF3e_Level_5_SB_9.14.mp3,audio,CQACAgQAAxkBAAIIFWqitZHCZcCFlzG5M5aM0KyzTBnSAAKsJgAC4Fz4UA76KGuMVUhZPQQ,41,0.63,Book5-SB-Tracks,2026-09-10T17:50:10.864296
AEF3e_Level_5_SB_9.21.mp3,audio,CQACAgQAAxkBAAIIFmqitZGi6mNTfKklWTPSydO308LTAAKtJgAC4Fz4UNcccGVtnyY0PQQ,261,3.98,Book5-SB-Tracks,2026-09-10T17:50:10.865424
AEF3e_Level_5_SB_2.12.mp3,audio,CQACAgQAAxkBAAIIF2qitZHJUXnWBBPSwbnUabP3RQkWAAKuJgAC4Fz4UCG6qT4x80H3PQQ,78,1.19,Book5-SB-Tracks,2026-09-10T17:50:10.866488
AEF3e_Level_5_SB_4.9.mp3,audio,CQACAgQAAxkBAAIIGGqitZFsEtqSapZL3YuwdYRCNuu3AAKvJgAC4Fz4UIqcvHlgbfCMPQQ,178,2.71,Book5-SB-Tracks,2026-09-10T17:50:10.868057
AEF3e_Level_5_SB_4.16.mp3,audio,CQACAgQAAxkBAAIIGWqitZGkL3tXaT9pCH3KCnajF-ygAAKwJgAC4Fz4UN_h4Dor9Q1gPQQ,162,2.48,Book5-SB-Tracks,2026-09-10T17:50:10.869648
AEF3e_Level_5_SB_1.19.mp3,audio,CQACAgQAAxkBAAIIGmqitZFdtgpDyFtRM46B19VckaGEAAKxJgAC4Fz4UC0mG9a6p2mRPQQ,197,3,Book5-SB-Tracks,2026-09-10T17:50:10.870742
AEF3e_Level_5_SB_2.3.mp3,audio,CQACAgQAAxkBAAIIG2qitZGzoHjTw7RvFAlnUbIsvqxkAAKyJgAC4Fz4UGGYoya2V7K2PQQ,156,2.38,Book5-SB-Tracks,2026-09-10T17:50:10.871864
AEF3e_Level_5_SB_2.10.mp3,audio,CQACAgQAAxkBAAIIHGqitZHYPy3Z5wb1C34so8qzFEgmAAKzJgAC4Fz4UGZ42ncskf2OPQQ,120,1.83,Book5-SB-Tracks,2026-09-10T17:50:10.873079
AEF3e_Level_5_SB_5.17.mp3,audio,CQACAgQAAxkBAAIIHWqitZFhbAWGF14QSkTC8d8VpxwsAAK0JgAC4Fz4UNbgl7gZ7i_MPQQ,24,0.37,Book5-SB-Tracks,2026-09-10T17:50:10.874228
AEF3e_Level_5_SB_5.24.mp3,audio,CQACAgQAAxkBAAIIHmqitZFOUpMAAdwPBxtsGDwZUp7n7wACtSYAAuBc-FAxoAurZ08_Aj0E,102,1.56,Book5-SB-Tracks,2026-09-10T17:50:10.875556
AEF3e_Level_5_SB_6.5.mp3,audio,CQACAgQAAxkBAAIIH2qitZHUu6yEk79LTI31Dgdh32o7AAK2JgAC4Fz4UAMtmENy0NhRPQQ,85,1.3,Book5-SB-Tracks,2026-09-10T17:50:10.876919
AEF3e_Level_5_SB_3.10.mp3,audio,CQACAgQAAxkBAAIIIGqitZEjat9Qw-UBG8ArnJQG0XJLAAK3JgAC4Fz4UG9lJBNeT5TWPQQ,80,1.23,Book5-SB-Tracks,2026-09-10T17:50:10.878850
AEF3e_Level_5_SB_3.17.mp3,audio,CQACAgQAAxkBAAIIIWqitZF9fJHzZByK8XZ4MF0OBLM3AAK4JgAC4Fz4UNGa3ByvAQJMPQQ,95,1.45,Book5-SB-Tracks,2026-09-10T17:50:10.879969
AEF3e_Level_5_SB_5.15.mp3,audio,CQACAgQAAxkBAAIIImqitZFzr_YZnUZY7U0DRW7P5Eu9AAK5JgAC4Fz4UIRNJGMF2MBjPQQ,70,1.08,Book5-SB-Tracks,2026-09-10T17:50:10.881175
AEF3e_Level_5_SB_7.12.mp3,audio,CQACAgQAAxkBAAIII2qitZE3cVC2yNvyYVXDVGwgnEkdAAK6JgAC4Fz4UNN7JAABIyrvyD0E,54,0.82,Book5-SB-Tracks,2026-09-10T17:50:10.882148
AEF3e_Level_5_SB_8.1.mp3,audio,CQACAgQAAxkBAAIIJGqitZGBqk0z22IOxl_AlPhELWrdAAK8JgAC4Fz4UHEN5HPtXyQnPQQ,203,3.1,Book5-SB-Tracks,2026-09-10T17:50:10.882898
AEF3e_Level_5_SB_8.8.mp3,audio,CQACAgQAAxkBAAIIJWqitZE5BbqJk82eKBiUEe2yoJYhAAK9JgAC4Fz4UG8m7KEEF1R4PQQ,95,1.46,Book5-SB-Tracks,2026-09-10T17:50:10.920782
AEF3e_Level_5_SB_5.6.mp3,audio,CQACAgQAAxkBAAIIJmqitZHrcIJhKUPnk8NQp4NKP4-XAAK-JgAC4Fz4UGkgyBa0aTOwPQQ,112,1.71,Book5-SB-Tracks,2026-09-10T17:50:10.921724
AEF3e_Level_5_SB_7.3.mp3,audio,CQACAgQAAxkBAAIIKGqitZmPD2BtSvNhIH9NvV8ekvKtAAK_JgAC4Fz4UDpKndXv38g7PQQ,30,0.46,Book5-SB-Tracks,2026-09-10T17:50:18.142040
AEF3e_Level_5_SB_5.21.mp3,audio,CQACAgQAAxkBAAIINGqitZnZqUOd-wAB8JlmZIXeecYIUgACzSYAAuBc-FAlt-FUloNicD0E,212,3.23,Book5-SB-Tracks,2026-09-10T17:50:18.143226
AEF3e_Level_5_SB_1.7.mp3,audio,CQACAgQAAxkBAAIINWqitZn4ljX3HC41Wc0u1bbVhJF8AALOJgAC4Fz4UEtoVcdJvea1PQQ,59,0.9,Book5-SB-Tracks,2026-09-10T17:50:18.143901
AEF3e_Level_5_SB_2.18.mp3,audio,CQACAgQAAxkBAAIINmqitZm-nvnQZ9iVOI_dJba0Ilv2AALQJgAC4Fz4UAhyuJl53XVJPQQ,333,5.07,Book5-SB-Tracks,2026-09-10T17:50:18.144600
AEF3e_Level_5_SB_9.18.mp3,audio,CQACAgQAAxkBAAIIK2qitZnUbuBCbz4fNvp9yQwu50zmAALCJgAC4Fz4UBqUE96X7X06PQQ,200,3.06,Book5-SB-Tracks,2026-09-10T17:50:18.145186
AEF3e_Level_5_SB_2.16.mp3,audio,CQACAgQAAxkBAAIILWqitZnbYJaKtkPq6_7tbsPz01EfAALFJgAC4Fz4UBnCse4B5bwfPQQ,217,3.31,Book5-SB-Tracks,2026-09-10T17:50:18.145766
AEF3e_Level_5_SB_8.10.mp3,audio,CQACAgQAAxkBAAIILmqitZknO8Vmp5kj1N5LGJVLBgmZAALGJgAC4Fz4UAmB_mdcM0SpPQQ,52,0.8,Book5-SB-Tracks,2026-09-10T17:50:18.146304
AEF3e_Level_5_SB_10.7.mp3,audio,CQACAgQAAxkBAAIIL2qitZmhGroneFKF-reb-YvhhnDIAALHJgAC4Fz4UNwLCKeIHARtPQQ,45,0.69,Book5-SB-Tracks,2026-09-10T17:50:18.146907
AEF3e_Level_5_SB_3.7.mp3,audio,CQACAgQAAxkBAAIIN2qitZk-aSWzoeyDoNzhISnMR6VCAALSJgAC4Fz4UFXfyZ82A_-XPQQ,80,1.22,Book5-SB-Tracks,2026-09-10T17:50:18.147498
AEF3e_Level_5_SB_1.23.mp3,audio,CQACAgQAAxkBAAIIMWqitZlOqPc3uLQwOqJ8t4JpfCDsAALJJgAC4Fz4UN-q3nnxPanvPQQ,44,0.68,Book5-SB-Tracks,2026-09-10T17:50:18.148142
AEF3e_Level_5_SB_2.7.mp3,audio,CQACAgQAAxkBAAIIMmqitZlhVVDWiWM1pRgMrfATXaRMAALKJgAC4Fz4UHBaQ7dq3XMSPQQ,60,0.92,Book5-SB-Tracks,2026-09-10T17:50:18.148842
AEF3e_Level_5_SB_4.4.mp3,audio,CQACAgQAAxkBAAIIM2qitZmm6FwrRvYnpoEaGx8UIpDIAALLJgAC4Fz4UAZTPULtBoQ6PQQ,58,0.88,Book5-SB-Tracks,2026-09-10T17:50:18.149670
AEF3e_Level_5_SB_3.14.mp3,audio,CQACAgQAAxkBAAIIOGqitZkV62NskhF1CUKdg2mRTRUAA9MmAALgXPhQ0DScDyD-fV89BA,203,3.1,Book5-SB-Tracks,2026-09-10T17:50:18.150978
AEF3e_Level_5_SB_5.12.mp3,audio,CQACAgQAAxkBAAIIOWqitZlT-mssNYvV-9BPXDwSfBGuAALUJgAC4Fz4UG2J0DcAAeVFKz0E,43,0.66,Book5-SB-Tracks,2026-09-10T17:50:18.152748
AEF3e_Level_5_SB_9.4.mp3,audio,CQACAgQAAxkBAAIIKWqitZmVAW5eNmi3NYzYMCTS4n5XAALAJgAC4Fz4UJI5nht6HbXVPQQ,51,0.79,Book5-SB-Tracks,2026-09-10T17:50:18.153532
AEF3e_Level_5_SB_7.9.mp3,audio,CQACAgQAAxkBAAIIOmqitZlIWCkuIZBtQanIsVYnsvyrAALVJgAC4Fz4UBguC7ENwgv5PQQ,84,1.29,Book5-SB-Tracks,2026-09-10T17:50:18.154567
AEF3e_Level_5_SB_7.16.mp3,audio,CQACAgQAAxkBAAIIO2qitZlYa-U-q3d_Ni8sqKZiGNYPAALWJgAC4Fz4UDgw4qILRciuPQQ,80,1.22,Book5-SB-Tracks,2026-09-10T17:50:18.155345
AEF3e_Level_5_SB_4.13.mp3,audio,CQACAgQAAxkBAAIIPGqitZmHkUMs5uBgSyBCjNZOdWWuAALXJgAC4Fz4UCnG7AGuXZ3BPQQ,385,5.87,Book5-SB-Tracks,2026-09-10T17:50:18.156122
AEF3e_Level_5_SB_5.3.mp3,audio,CQACAgQAAxkBAAIIPWqitZmKtE33m3_NPpl3R5an2Nw6AALYJgAC4Fz4UB1JpEqxgM1LPQQ,26,0.41,Book5-SB-Tracks,2026-09-10T17:50:18.156849
AEF3e_Level_5_SB_5.10.mp3,audio,CQACAgQAAxkBAAIIPmqitZkoWKwdNZZWl-NYLMnDcILxAALZJgAC4Fz4UA9Tap5tg1LAPQQ,92,1.41,Book5-SB-Tracks,2026-09-10T17:50:18.157490
AEF3e_Level_5_SB_9.1.mp3,audio,CQACAgQAAxkBAAIIP2qitZlIfoxUaTfJBIQE5QRjs9CjAALaJgAC4Fz4UIh1zjYoCi35PQQ,63,0.97,Book5-SB-Tracks,2026-09-10T17:50:18.158182
AEF3e_Level_5_SB_9.8.mp3,audio,CQACAgQAAxkBAAIIQGqitZm6DCM6PouqqgABqaqIsdYfewAC2yYAAuBc-FBeaJMrdDbxtj0E,228,3.48,Book5-SB-Tracks,2026-09-10T17:50:18.158954
AEF3e_Level_5_SB_9.15.mp3,audio,CQACAgQAAxkBAAIIQWqitZkIKywcPBqC2ygJfhbNKdhqAALcJgAC4Fz4UImGCSdOR825PQQ,221,3.38,Book5-SB-Tracks,2026-09-10T17:50:18.160229
AEF3e_Level_5_SB_6.2.mp3,audio,CQACAgQAAxkBAAIIQmqitZnXk2N6VjKNNsizpP6Vl7leAALdJgAC4Fz4UBoYuAVxaA0RPQQ,52,0.8,Book5-SB-Tracks,2026-09-10T17:50:18.161699
AEF3e_Level_5_SB_6.9.mp3,audio,CQACAgQAAxkBAAIIQ2qitZnnm8TNJHF7nTyfZI3aHixAAALeJgAC4Fz4UE0bNRDHxlhZPQQ,93,1.43,Book5-SB-Tracks,2026-09-10T17:50:18.162505
AEF3e_Level_5_SB_9.11.mp3,audio,CQACAgQAAxkBAAIIKmqitZmDVJv9LdW37YVAbooa-cJLAALBJgAC4Fz4UPOIzVF0tsZmPQQ,111,1.69,Book5-SB-Tracks,2026-09-10T17:50:18.163143
AEF3e_Level_5_SB_8.14.mp3,audio,CQACAgQAAxkBAAIIRGqitZlNlBGr13G2gPDQYZgjj1SWAALfJgAC4Fz4UDklJ7KPAn0cPQQ,52,0.79,Book5-SB-Tracks,2026-09-10T17:50:18.163961
AEF3e_Level_5_SB_1.13.mp3,audio,CQACAgQAAxkBAAIIRWqitZlN3ipCcprg6BBmr5aYEg_WAALhJgAC4Fz4UCIkdKYmwoHePQQ,253,3.85,Book5-SB-Tracks,2026-09-10T17:50:18.164812
AEF3e_Level_5_SB_1.20.mp3,audio,CQACAgQAAxkBAAIIRmqitZk9zEZSVwyn1MyhUOSSHJxnAALjJgAC4Fz4UPkDuxm6yZbyPQQ,206,3.14,Book5-SB-Tracks,2026-09-10T17:50:18.165623
AEF3e_Level_5_SB_2.4.mp3,audio,CQACAgQAAxkBAAIIR2qitZnaR_lBDAvBv4ekbA2QkRBtAALkJgAC4Fz4UPT99OkE64qjPQQ,8,0.13,Book5-SB-Tracks,2026-09-10T17:50:18.166351
AEF3e_Level_5_SB_8.5.mp3,audio,CQACAgQAAxkBAAIISGqitZnIwXF-VnEqyqyXJXWVTC0vAALlJgAC4Fz4UJ0FGu3WKa66PQQ,89,1.36,Book5-SB-Tracks,2026-09-10T17:50:18.167253
AEF3e_Level_5_SB_10.2.mp3,audio,CQACAgQAAxkBAAIISWqitZmPxKvliSPZwAgWBldJHhTFAALmJgAC4Fz4UEjWVUvyJVAMPQQ,227,3.46,Book5-SB-Tracks,2026-09-10T17:50:18.168575
AEF3e_Level_5_SB_1.5.mp3,audio,CQACAgQAAxkBAAIILGqitZk9EmVvEc9Mljyjw1uWTc6jAALDJgAC4Fz4UFvKFoeAY-RIPQQ,58,0.88,Book5-SB-Tracks,2026-09-10T17:50:18.169653
AEF3e_Level_5_SB_1.11.mp3,audio,CQACAgQAAxkBAAIISmqitZlBQqQ3J_oUbpXTxxW98-4-AALnJgAC4Fz4UC6Vw0pNLKBWPQQ,70,1.08,Book5-SB-Tracks,2026-09-10T17:50:18.170619
AEF3e_Level_5_SB_3.4.mp3,audio,CQACAgQAAxkBAAIIS2qitZlaGsfhG8BuXcXdVuX-wYZfAALoJgAC4Fz4UJwwi3LMDKSyPQQ,103,1.57,Book5-SB-Tracks,2026-09-10T17:50:18.171513
AEF3e_Level_5_SB_3.11.mp3,audio,CQACAgQAAxkBAAIITGqitZnrbpCk09UUNDe5c6oZVHf-AALpJgAC4Fz4UHygCxJh9F8ePQQ,87,1.33,Book5-SB-Tracks,2026-09-10T17:50:18.172281
AEF3e_Level_5_SB_3.18.mp3,audio,CQACAgQAAxkBAAIITWqitZlXFJF0_oHRFmoenRZ3ff5BAALqJgAC4Fz4ULvh4FzTIH0qPQQ,288,4.39,Book5-SB-Tracks,2026-09-10T17:50:18.172977
AEF3e_Level_5_SB_5.16.mp3,audio,CQACAgQAAxkBAAIITmqitZlc7cE3qyNKdGCNP4R088EHAALrJgAC4Fz4UOU97zBHiWsOPQQ,88,1.35,Book5-SB-Tracks,2026-09-10T17:50:18.173768
AEF3e_Level_5_SB_1.2.mp3,audio,CQACAgQAAxkBAAIIT2qitZn6BqNW20IKn7k6LzSOgZPGAALsJgAC4Fz4UPRV8J4VdboIPQQ,235,3.59,Book5-SB-Tracks,2026-09-10T17:50:18.174425
AEF3e_Level_5_SB_2.13.mp3,audio,CQACAgQAAxkBAAIIUGqitZlG6wSsnc1XfqGW3I40JGL4AALtJgAC4Fz4UCewJ-Zw_B_mPQQ,50,0.76,Book5-SB-Tracks,2026-09-10T17:50:18.175133
AEF3e_Level_5_SB_4.10.mp3,audio,CQACAgQAAxkBAAIIUWqitZlpQjqkdpwOwu0IAadoExGcAALuJgAC4Fz4UIBwzidGTyekPQQ,56,0.86,Book5-SB-Tracks,2026-09-10T17:50:18.176258
AEF3e_Level_5_SB_4.17.mp3,audio,CQACAgQAAxkBAAIIUmqitZkpG6_WL9t3O6Rb9dWwklliAALxJgAC4Fz4UIhdaH0cbb_RPQQ,420,6.4,Book5-SB-Tracks,2026-09-10T17:50:18.177546
AEF3e_Level_5_SB_5.7.mp3,audio,CQACAgQAAxkBAAIIU2qitZnP17kWc3rFze3Y4mQbGg5xAALyJgAC4Fz4UI2bobU0rQqzPQQ,63,0.96,Book5-SB-Tracks,2026-09-10T17:50:18.178495
AEF3e_Level_5_SB_7.4.mp3,audio,CQACAgQAAxkBAAIIVGqitZl0xGFPA7tC9n9UxVfM5T98AALzJgAC4Fz4UJwHkeg5UF0iPQQ,70,1.08,Book5-SB-Tracks,2026-09-10T17:50:18.179204
AEF3e_Level_5_SB_9.5.mp3,audio,CQACAgQAAxkBAAIIVWqitZn0f2u3OTqwOflrs4gCFUqmAAL0JgAC4Fz4UBspnz4LZlEcPQQ,81,1.24,Book5-SB-Tracks,2026-09-10T17:50:18.179872
AEF3e_Level_5_SB_4.1.mp3,audio,CQACAgQAAxkBAAIIVmqitZkQZ9Qa-ZFbjamLfR1dG1zuAAL1JgAC4Fz4ULSIxQ5kITxlPQQ,180,2.76,Book5-SB-Tracks,2026-09-10T17:50:18.180743
AEF3e_Level_5_SB_5.18.mp3,audio,CQACAgQAAxkBAAIIV2qitZkDudQlhSkwEWdNt-pynu26AAL2JgAC4Fz4UKPKYKwbgdcZPQQ,20,0.31,Book5-SB-Tracks,2026-09-10T17:50:18.181564
AEF3e_Level_5_SB_5.25.mp3,audio,CQACAgQAAxkBAAIIWGqitZlfm9gTSmi0TUiUUoDxLKylAAL3JgAC4Fz4UIn57jAXzxxGPQQ,265,4.04,Book5-SB-Tracks,2026-09-10T17:50:18.182436
AEF3e_Level_5_SB_6.6.mp3,audio,CQACAgQAAxkBAAIIWWqitZkGHIsihPR8EWEu2nNtUzB5AAL4JgAC4Fz4UOjN0hAfmNCoPQQ,68,1.04,Book5-SB-Tracks,2026-09-10T17:50:18.183099
AEF3e_Level_5_SB_8.11.mp3,audio,CQACAgQAAxkBAAIIWmqitZlzV_xkvdmywOuSCBHzy6gpAAL5JgAC4Fz4UFIsHhCOobSAPQQ,53,0.82,Book5-SB-Tracks,2026-09-10T17:50:18.183763
AEF3e_Level_5_SB_10.8.mp3,audio,CQACAgQAAxkBAAIIW2qitZnyNDkLNw0Zy1M9Fxr6XPiBAAL7JgAC4Fz4UAABRgzpXKdSrD0E,132,2.02,Book5-SB-Tracks,2026-09-10T17:50:18.184901
AEF3e_Level_5_SB_1.17.mp3,audio,CQACAgQAAxkBAAIIXGqitZneKv-T_nwBdwQVxeaq5OOcAAL8JgAC4Fz4UAppQqcZCUgzPQQ,75,1.15,Book5-SB-Tracks,2026-09-10T17:50:18.186303
AEF3e_Level_5_SB_7.13.mp3,audio,CQACAgQAAxkBAAIIXWqitZl0NXCbgfQRmYBygtuIi33sAAL9JgAC4Fz4UAP-B8LTyEP6PQQ,148,2.26,Book5-SB-Tracks,2026-09-10T17:50:18.187073
AEF3e_Level_5_SB_8.2.mp3,audio,CQACAgQAAxkBAAIIXmqitZn9cTngjXn3-EnrcoHaYW8qAAL_JgAC4Fz4UDn-1pNSrWiiPQQ,78,1.19,Book5-SB-Tracks,2026-09-10T17:50:18.187743
AEF3e_Level_5_SB_8.9.mp3,audio,CQACAgQAAxkBAAIIX2qitZnekH2xeqqVwJmRbNZXN-lOAAMnAALgXPhQB3ALDsmfAAGNPQQ,55,0.85,Book5-SB-Tracks,2026-09-10T17:50:18.188377
AEF3e_Level_5_SB_1.8.mp3,audio,CQACAgQAAxkBAAIIYGqitZmg2mPJOWvCpoR7sedqOjGMAAIBJwAC4Fz4UFVlLWznwbT4PQQ,62,0.95,Book5-SB-Tracks,2026-09-10T17:50:18.189014
AEF3e_Level_5_SB_3.1.mp3,audio,CQACAgQAAxkBAAIIYWqitZmg9d6rblwiRP2slfaxDVs_AAICJwAC4Fz4UF1O1ruR1e6cPQQ,28,0.44,Book5-SB-Tracks,2026-09-10T17:50:18.189638
AEF3e_Level_5_SB_3.8.mp3,audio,CQACAgQAAxkBAAIIYmqitZm4pKjVljcawKJMHYctFT9rAAIDJwAC4Fz4UAstaxysfJk8PQQ,39,0.61,Book5-SB-Tracks,2026-09-10T17:50:18.190500
AEF3e_Level_5_SB_9.12.mp3,audio,CQACAgQAAxkBAAIIY2qitZmrtENmLXZSbxxnEMnLz64HAAIEJwAC4Fz4UP1fd64yINkYPQQ,54,0.83,Book5-SB-Tracks,2026-09-10T17:50:18.191174
AEF3e_Level_5_SB_1.16.mp3,audio,CQACAgQAAxkBAAIIMGqitZlfhxWPTZQF99brSOYsoKpKAALIJgAC4Fz4UNSZCWVWNq30PQQ,66,1.02,Book5-SB-Tracks,2026-09-10T17:50:18.191879
AEF3e_Level_5_SB_9.19.mp3,audio,CQACAgQAAxkBAAIIZGqitZmis0KOzBNQ-Vjts6EZr_vfAAIFJwAC4Fz4UEWJzRJMNbUcPQQ,234,3.56,Book5-SB-Tracks,2026-09-10T17:50:18.193095
AEF3e_Level_5_SB_1.6.mp3,audio,CQACAgQAAxkBAAIIZWqitZkjmdKyR7FoIU_1o7BNevu8AAIGJwAC4Fz4UKMpAep_jzd1PQQ,64,0.98,Book5-SB-Tracks,2026-09-10T17:50:18.194314
AEF3e_Level_5_SB_4.7.mp3,audio,CQACAgQAAxkBAAIIZmqitZlYu3d58OittAABT6p1OMerTwACBycAAuBc-FC4Zr1amvJAzj0E,149,2.27,Book5-SB-Tracks,2026-09-10T17:50:18.195128
AEF3e_Level_5_SB_4.14.mp3,audio,CQACAgQAAxkBAAIIZ2qitZmy_0bMbAosckcVwdQ6VlOIAAIIJwAC4Fz4UJM0gZkQLDNMPQQ,131,2,Book5-SB-Tracks,2026-09-10T17:50:18.195860
AEF3e_Level_5_SB_5.4.mp3,audio,CQACAgQAAxkBAAIIaGqitZlaO8Dca2Jw9BreChwPMgwaAAIJJwAC4Fz4UGBW6Wox118mPQQ,114,1.74,Book5-SB-Tracks,2026-09-10T17:50:18.196493
AEF3e_Level_5_SB_2.1.mp3,audio,CQACAgQAAxkBAAIIaWqitZkF-iUVCZ7pWDGUUZtdrhIwAAIKJwAC4Fz4UCW7Xj3KI3mBPQQ,75,1.15,Book5-SB-Tracks,2026-09-10T17:50:18.197161
AEF3e_Level_5_SB_2.8.mp3,audio,CQACAgQAAxkBAAIIamqitZlSNRBXx6fzOui-InL4dEeZAAILJwAC4Fz4UICRzJlyQ32CPQQ,104,1.59,Book5-SB-Tracks,2026-09-10T17:50:18.197794
AEF3e_Level_5_SB_4.5.mp3,audio,CQACAgQAAxkBAAIIa2qitZkDjWlsUCLzN5C0Bd32FFyeAAIMJwAC4Fz4UBRd76Z81ajIPQQ,68,1.04,Book5-SB-Tracks,2026-09-10T17:50:18.198430
AEF3e_Level_5_SB_5.22.mp3,audio,CQACAgQAAxkBAAIIbGqitZlJmef6Au4_SeYqtEYS-TXuAAINJwAC4Fz4UJfVuYc_hOVDPQQ,268,4.08,Book5-SB-Tracks,2026-09-10T17:50:18.199058
AEF3e_Level_5_SB_6.3.mp3,audio,CQACAgQAAxkBAAIIbWqitZlKUM8_itM9hqUH52hNdrVDAAIOJwAC4Fz4UL-uCm6DvJPlPQQ,57,0.88,Book5-SB-Tracks,2026-09-10T17:50:18.199741
AEF3e_Level_5_SB_6.10.mp3,audio,CQACAgQAAxkBAAIIbmqitZnB48aydMkJjPgY-oo0CfjTAAIPJwAC4Fz4UBGSlFMnsH62PQQ,187,2.86,Book5-SB-Tracks,2026-09-10T17:50:18.200627
AEF3e_Level_5_SB_8.15.mp3,audio,CQACAgQAAxkBAAIIb2qitZkkBdq0YKokoPgQTDwkh3DpAAIQJwAC4Fz4UBFOte7DNkcuPQQ,351,5.36,Book5-SB-Tracks,2026-09-10T17:50:18.201861
AEF3e_Level_5_SB_3.15.mp3,audio,CQACAgQAAxkBAAIIcGqitZlzynbwL0DMGMM8x2Oag0sVAAIRJwAC4Fz4UPDHbvdytMLXPQQ,208,3.17,Book5-SB-Tracks,2026-09-10T17:50:18.202969
AEF3e_Level_5_SB_5.13.mp3,audio,CQACAgQAAxkBAAIIcWqitZm7N_IUkmkAAfk7sxiquktjzAACEicAAuBc-FDULNf34Dp7OT0E,152,2.32,Book5-SB-Tracks,2026-09-10T17:50:18.203746
AEF3e_Level_5_SB_7.10.mp3,audio,CQACAgQAAxkBAAIIcmqitZl37-shOgOymNfGOB-zFUGHAAITJwAC4Fz4UKH-RvRrNSsQPQQ,299,4.56,Book5-SB-Tracks,2026-09-10T17:50:18.204381
AEF3e_Level_5_SB_7.17.mp3,audio,CQACAgQAAxkBAAIIc2qitZkNzDhextVIdV7bTbdoZxkaAAIUJwAC4Fz4UPxZL8IPgcRyPQQ,283,4.32,Book5-SB-Tracks,2026-09-10T17:50:18.205051
AEF3e_Level_5_SB_8.6.mp3,audio,CQACAgQAAxkBAAIIdGqitZm9plaMYChi4dypZU2HVTiXAAIVJwAC4Fz4UPMIa65W3RtqPQQ,11,0.17,Book5-SB-Tracks,2026-09-10T17:50:18.205862
AEF3e_Level_5_SB_10.3.mp3,audio,CQACAgQAAxkBAAIIdWqitZlql1Hs6F6TcL9sM4fRriIBAAIXJwAC4Fz4UCTQtp4ekUXgPQQ,215,3.28,Book5-SB-Tracks,2026-09-10T17:50:18.206548
AEF3e_Level_5_WB_1.4.mp3,audio,CQACAgQAAxkBAAIIhmqitbHwlrZUM59qgWzFlh3cNEziAAIpJwAC4Fz4ULT9gRcga8FXPQQ,60,0.93,Book5-WB-Tracks,2026-09-10T17:50:42.413930
AEF3e_Level_5_WB_10.2.mp3,audio,CQACAgQAAxkBAAIIfWqitbEj5bdHPHxzbINmxVB8jU2OAAIgJwAC4Fz4UMcupoOj40CEPQQ,243,3.71,Book5-WB-Tracks,2026-09-10T17:50:42.414925
AEF3e_Level_5_WB_5.1.mp3,audio,CQACAgQAAxkBAAIIh2qitbGMOgAB_49qkl1tIe0YUXaPWQACKicAAuBc-FB5n3XFUSnDiT0E,47,0.72,Book5-WB-Tracks,2026-09-10T17:50:42.415728
AEF3e_Level_5_WB_5.5.mp3,audio,CQACAgQAAxkBAAIIeWqitbGxjq1Tt71bOeo76NpY5scmAAIcJwAC4Fz4UEm65JPOtdHsPQQ,221,3.38,Book5-WB-Tracks,2026-09-10T17:50:42.416510
AEF3e_Level_5_WB_3.4.mp3,audio,CQACAgQAAxkBAAIIf2qitbFfbZEHrukYRm379RKV7_jeAAIiJwAC4Fz4UJD4EhakuR3JPQQ,60,0.93,Book5-WB-Tracks,2026-09-10T17:50:42.417373
AEF3e_Level_5_WB_10.4.mp3,audio,CQACAgQAAxkBAAIIiGqitbH6xZ84Ux9n8kMz65q3aTHdAAIrJwAC4Fz4UAJQAWUFqu4KPQQ,202,3.08,Book5-WB-Tracks,2026-09-10T17:50:42.418210
AEF3e_Level_5_WB_10.1.mp3,audio,CQACAgQAAxkBAAIIhWqitbEAAYWtKebmkGTc18BQdlpfHwACKCcAAuBc-FCGD-eNP0z2fD0E,47,0.73,Book5-WB-Tracks,2026-09-10T17:50:42.418919
AEF3e_Level_5_WB_4.1.mp3,audio,CQACAgQAAxkBAAIIgmqitbGB0mPbYB3YHyyrXrHiuUBUAAIlJwAC4Fz4UCeYaRt84a3OPQQ,65,1,Book5-WB-Tracks,2026-09-10T17:50:42.419892
AEF3e_Level_5_WB_2.2.mp3,audio,CQACAgQAAxkBAAIIiWqitbH3qC-4p5_tm2urgvReC2SbAAIsJwAC4Fz4UDEWTEj1lJ72PQQ,432,6.59,Book5-WB-Tracks,2026-09-10T17:50:42.421122
AEF3e_Level_5_WB_9.2.mp3,audio,CQACAgQAAxkBAAIIg2qitbFY1FGeuC55SW-SCPgki6aFAAImJwAC4Fz4UFbjSyK-eUDXPQQ,166,2.54,Book5-WB-Tracks,2026-09-10T17:50:42.422181
AEF3e_Level_5_WB_5.4.mp3,audio,CQACAgQAAxkBAAIIimqitbENfPWRXhQofGdAYZiAIBHMAAItJwAC4Fz4UKQEAblugcUqPQQ,72,1.11,Book5-WB-Tracks,2026-09-10T17:50:42.423351
AEF3e_Level_5_WB_7.3.mp3,audio,CQACAgQAAxkBAAIIi2qitbGJi4aOTUxk9JKrwLWJ9cFSAAIuJwAC4Fz4UKwLdUGXgBgePQQ,263,4.01,Book5-WB-Tracks,2026-09-10T17:50:42.424770
AEF3e_Level_5_WB_8.1.mp3,audio,CQACAgQAAxkBAAIIfmqitbEhoDaugBXO5RM4OQ_MvwMvAAIhJwAC4Fz4UKT1_hPRalRDPQQ,39,0.61,Book5-WB-Tracks,2026-09-10T17:50:42.425802
AEF3e_Level_5_WB_3.1.mp3,audio,CQACAgQAAxkBAAIIjGqitbFeSZM60DtXiE80xIUV2ooqAAIvJwAC4Fz4UA3m3F2nH4iJPQQ,54,0.83,Book5-WB-Tracks,2026-09-10T17:50:42.426752
AEF3e_Level_5_WB_6.2.mp3,audio,CQACAgQAAxkBAAIIjWqitbGlV0qrCS_XkbOjXkVCkLI4AAIwJwAC4Fz4UBAKpjkgGgujPQQ,163,2.49,Book5-WB-Tracks,2026-09-10T17:50:42.428077
AEF3e_Level_5_WB_8.3.mp3,audio,CQACAgQAAxkBAAIIgWqitbGMT8eMgbKqlNhyg541k8iUAAIkJwAC4Fz4UG951aCGe4n3PQQ,79,1.21,Book5-WB-Tracks,2026-09-10T17:50:42.429052
AEF3e_Level_5_WB_4.3.mp3,audio,CQACAgQAAxkBAAIIjmqitbFhOKAJ2hVTzZPGC0Y5wL9oAAIxJwAC4Fz4UJmvT4Cj5B3NPQQ,45,0.7,Book5-WB-Tracks,2026-09-10T17:50:42.429978
AEF3e_Level_5_WB_7.5.mp3,audio,CQACAgQAAxkBAAIIj2qitbFi_GOYlim_opgno959v0uXAAIyJwAC4Fz4UFm2QKi__AkiPQQ,194,2.96,Book5-WB-Tracks,2026-09-10T17:50:42.431116
AEF3e_Level_5_WB_3.3.mp3,audio,CQACAgQAAxkBAAIIkGqitbHUGh1caNT7OIa_KBT05j5oAAIzJwAC4Fz4UA2EQXCyVVrYPQQ,64,0.99,Book5-WB-Tracks,2026-09-10T17:50:42.432724
AEF3e_Level_5_WB_4.5.mp3,audio,CQACAgQAAxkBAAIIkWqitbEpe49j-8pAp9V-2eO9ErFpAAI0JwAC4Fz4UAUaCeewzdVyPQQ,241,3.68,Book5-WB-Tracks,2026-09-10T17:50:42.433787
AEF3e_Level_5_WB_9.3.mp3,audio,CQACAgQAAxkBAAIIemqitbGBhp6KrHadhOs21i_gjZuYAAIdJwAC4Fz4UL8hcdzvOfe4PQQ,39,0.61,Book5-WB-Tracks,2026-09-10T17:50:42.434663
AEF3e_Level_5_WB_8.2.mp3,audio,CQACAgQAAxkBAAIIkmqitbH3dKMjgen9ujbCqn1MKRwQAAI1JwAC4Fz4UJvcaSc22ygLPQQ,209,3.19,Book5-WB-Tracks,2026-09-10T17:50:42.435789
AEF3e_Level_5_WB_5.3.mp3,audio,CQACAgQAAxkBAAIIk2qitbHJb1SI8hJ-AAH4FtXKmKRPUQACNicAAuBc-FAC2qjy23a_6D0E,172,2.63,Book5-WB-Tracks,2026-09-10T17:50:42.437346
AEF3e_Level_5_WB_9.1.mp3,audio,CQACAgQAAxkBAAIIlGqitbEtJGcrtEaWIeQYNVISECv8AAI3JwAC4Fz4UCmz09TbVjF5PQQ,40,0.61,Book5-WB-Tracks,2026-09-10T17:50:42.438473
AEF3e_Level_5_WB_6.1.mp3,audio,CQACAgQAAxkBAAIIlWqitbEpTPJvFWpjwVJ26_K07OaiAAI4JwAC4Fz4UL-NGF1eNjJtPQQ,56,0.86,Book5-WB-Tracks,2026-09-10T17:50:42.439470
AEF3e_Level_5_WB_9.4.mp3,audio,CQACAgQAAxkBAAIIlmqitbEmwgpf2r4QMyKk76x9gMpsAAI5JwAC4Fz4UL6lsMqjf6SuPQQ,157,2.39,Book5-WB-Tracks,2026-09-10T17:50:42.440198
AEF3e_Level_5_WB_1.3.mp3,audio,CQACAgQAAxkBAAIIl2qitbFouXw4cPztXJVHqq6Pf8yZAAI6JwAC4Fz4UM7MbBCC4OuIPQQ,65,1,Book5-WB-Tracks,2026-09-10T17:50:42.441153
AEF3e_Level_5_WB_7.1.mp3,audio,CQACAgQAAxkBAAIIgGqitbGlSJlbld5nXQ73IhhpRJjxAAIjJwAC4Fz4UG8zbISohiEtPQQ,48,0.73,Book5-WB-Tracks,2026-09-10T17:50:42.441999
AEF3e_Level_5_WB_6.4.mp3,audio,CQACAgQAAxkBAAIImGqitbHs8w972XqRt7rVeYRq5s-OAAI7JwAC4Fz4UHqNC5wq5B29PQQ,196,3,Book5-WB-Tracks,2026-09-10T17:50:42.442838
AEF3e_Level_5_WB_10.3.mp3,audio,CQACAgQAAxkBAAIImWqitbHQ1tV11BT9q9VsXURunniTAAI8JwAC4Fz4UOtg_eByldSvPQQ,113,1.73,Book5-WB-Tracks,2026-09-10T17:50:42.443727
AEF3e_Level_5_WB_2.1.mp3,audio,CQACAgQAAxkBAAIImmqitbFfyoQ9D4b0kHy9WVCd282ZAAI9JwAC4Fz4UFZ6dB3tAAHY2D0E,118,1.81,Book5-WB-Tracks,2026-09-10T17:50:42.444967
AEF3e_Level_5_WB_1.1.mp3,audio,CQACAgQAAxkBAAIIhGqitbFWHrShqGi9fW3oKLxVA9QoAAInJwAC4Fz4UPSU58W1ntgvPQQ,65,0.99,Book5-WB-Tracks,2026-09-10T17:50:42.445916
AEF3e_Level_5_WB_6.3.mp3,audio,CQACAgQAAxkBAAIIfGqitbGXfjwtm_Pk2kwohGqFe0w_AAIfJwAC4Fz4UFufMWMYgk3-PQQ,53,0.82,Book5-WB-Tracks,2026-09-10T17:50:42.446703
AEF3e_Level_5_WB_3.5.mp3,audio,CQACAgQAAxkBAAIIm2qitbFvZcJWTSga8W9PlL9nRpYkAAI-JwAC4Fz4UGPd9X4qujpoPQQ,187,2.85,Book5-WB-Tracks,2026-09-10T17:50:42.447626
AEF3e_Level_5_WB_3.2.mp3,audio,CQACAgQAAxkBAAIIe2qitbG4v6132_v7vlPNy0x87DLeAAIeJwAC4Fz4UG99zzB5Xf5qPQQ,156,2.38,Book5-WB-Tracks,2026-09-10T17:50:42.448429
AEF3e_Level_5_WB_7.2.mp3,audio,CQACAgQAAxkBAAIInGqitbE5c0viJ2Ktz34jA_nlOBGuAAI_JwAC4Fz4UGVbIimeBDN8PQQ,45,0.7,Book5-WB-Tracks,2026-09-10T17:50:42.449124
AEF3e_Level_5_WB_2.4.mp3,audio,CQACAgQAAxkBAAIInWqitbGc-OouPmj2jeObpagFW5oYAAJAJwAC4Fz4UL4KHkQ8e48FPQQ,113,1.72,Book5-WB-Tracks,2026-09-10T17:50:42.449823
AEF3e_Level_5_WB_8.4.mp3,audio,CQACAgQAAxkBAAIInmqitbHKdXQJ9oLz-rCwzgmtrF8XAAJBJwAC4Fz4UNgDOROyag22PQQ,297,4.53,Book5-WB-Tracks,2026-09-10T17:50:42.451100
AEF3e_Level_5_WB_4.2.mp3,audio,CQACAgQAAxkBAAIIn2qitbGATw9mXkUiNx35Qr5zQ6ILAAJCJwAC4Fz4UHkVHot3QU2TPQQ,125,1.92,Book5-WB-Tracks,2026-09-10T17:50:42.452108
AEF3e_Level_5_WB_7.4.mp3,audio,CQACAgQAAxkBAAIIoGqitbHIpj3hW78euu6qhFgwlIGzAAJDJwAC4Fz4UKuoJfAUXL1APQQ,62,0.95,Book5-WB-Tracks,2026-09-10T17:50:42.453392
AEF3e_Level_5_WB_1.2.mp3,audio,CQACAgQAAxkBAAIIoWqitbGf9-khiSrSgMpktWxoEl0nAAJEJwAC4Fz4UG1kW6t-gHJYPQQ,144,2.2,Book5-WB-Tracks,2026-09-10T17:50:42.454282
AEF3e_Level_5_WB_4.4.mp3,audio,CQACAgQAAxkBAAIIomqitbGis23yP21WJrdh2OlMWr-oAAJFJwAC4Fz4UI0Llxaecj-pPQQ,40,0.61,Book5-WB-Tracks,2026-09-10T17:50:42.455031
AEF3e_Level_5_WB_1.5.mp3,audio,CQACAgQAAxkBAAIIo2qitbGgL-JxWamKBS1cdTNbvawUAAJGJwAC4Fz4UBXeXT3nRMvtPQQ,170,2.59,Book5-WB-Tracks,2026-09-10T17:50:42.455922
AEF3e_Level_5_WB_5.2.mp3,audio,CQACAgQAAxkBAAIIpGqitbH3olr77MojYwePv5nPz8tOAAJHJwAC4Fz4UNjH0m2cLXxlPQQ,45,0.69,Book5-WB-Tracks,2026-09-10T17:50:42.456844
AEF3e_Level_5_WB_2.3.mp3,audio,CQACAgQAAxkBAAIIpWqitbEjuw6KMdvc8CTa7HDZSzbaAAJIJwAC4Fz4UOmtfFj8rv9qPQQ,64,0.98,Book5-WB-Tracks,2026-09-10T17:50:42.457687
