book_type,level,unit,track_number,title,page_reference,type,audio_file_id,duration,category
student_book,starter,1,1.02,Track 1.02,,audio,CQACAgQAAxkBAAIBl2qisxGyKg5k2wxf51m6afqGwNJ0AAJgHgACmGnxUMHMMqCoeLDYPQQ,80,main
student_book,starter,1,1.03,Track 1.03,,audio,CQACAgQAAxkBAAIBp2qisxGlSZLqlNgxuP3qlbg08VenAAJwHgACmGnxUPuS9LzzXWqvPQQ,113,main
student_book,starter,1,1.04,Track 1.04,,audio,CQACAgQAAxkBAAIBiWqisxGg9L2oTFiShuXSIizudVXzAAJSHgACmGnxUNQJdXOYQKRjPQQ,35,main
student_book,starter,1,1.05,Track 1.05,,audio,CQACAgQAAxkBAAIBmmqisxGP9eicxQaHY3Zegi7L9WE8AAJjHgACmGnxUBBCeu83YAmKPQQ,20,main
student_book,starter,1,1.06,Track 1.06,,audio,CQACAgQAAxkBAAIBqmqisxEc5QpW9srzYW4AAX3j7ilh5wACcx4AAphp8VCaBHA2pf6Mjz0E,36,main
student_book,starter,1,1.07,Track 1.07,,audio,CQACAgQAAxkBAAIBjGqisxHgIz9K9hhqcSGZHChFvYJsAAJVHgACmGnxUA-Ep7qP20OgPQQ,20,main
student_book,starter,1,1.08,Track 1.08,,audio,CQACAgQAAxkBAAIBnWqisxFrA5oPVqbJ-cMoF0K0sEzTAAJmHgACmGnxUOecj4Qgr0V1PQQ,38,main
student_book,starter,1,1.09,Track 1.09,,audio,CQACAgQAAxkBAAIBrWqisxE4WkBYELFkHWNbpWnmf8N7AAJ2HgACmGnxUGnrN5qEsR3HPQQ,34,main
student_book,starter,1,1.10,Track 1.10,,audio,CQACAgQAAxkBAAIBj2qisxFkkw6PVE08uKHP-Hlqou7mAAJYHgACmGnxUKvTCL-V8i8QPQQ,60,main
student_book,starter,1,1.11,Track 1.11,,audio,CQACAgQAAxkBAAIBoGqisxHUS1C8y3LPCHoVLi8c7gQ-AAJpHgACmGnxUP5TY7IalX92PQQ,49,main
student_book,starter,1,1.12,Track 1.12,,audio,CQACAgQAAxkBAAIBsGqisxG3jWTRl0HVOk1NLPdO53WdAAJ5HgACmGnxUIU6wF4s469SPQQ,15,main
student_book,starter,1,1.13,Track 1.13,,audio,CQACAgQAAxkBAAIBkmqisxGhqpdQOQUwuGUHATS4PGBYAAJbHgACmGnxUFwXv0_OGg3GPQQ,26,main
student_book,starter,1,1.14,Track 1.14,,audio,CQACAgQAAxkBAAIBomqisxGcVlk_gSi-E7XYmLAVj6_SAAJrHgACmGnxUIhaEpbmSuumPQQ,14,main
student_book,starter,1,1.15,Track 1.15,,audio,CQACAgQAAxkBAAIBsmqisxFDP3ePnekrpPmsWhMD6H_6AAJ7HgACmGnxUEjgVyarL0FIPQQ,55,main
student_book,starter,1,1.16,Track 1.16,,audio,CQACAgQAAxkBAAIBlGqisxHU4xon--KttwEZO3jhRwOBAAJdHgACmGnxUHX-qjCj-6CxPQQ,72,main
student_book,starter,1,1.17,Track 1.17,,audio,CQACAgQAAxkBAAIBpGqisxGNg_yWfxgBylNHEVJRlsUVAAJtHgACmGnxUCe8b5xN1UZFPQQ,79,main
student_book,starter,1,1.18,Track 1.18,,audio,CQACAgQAAxkBAAIBtGqisxGRFyXRHCE_K8UT_NOq8uhtAAJ9HgACmGnxUK5MY4CtxVa0PQQ,81,main
student_book,starter,1,1.19,Track 1.19,,audio,CQACAgQAAxkBAAIBlmqisxFkGQNsz2KjyxCMh89r80y2AAJfHgACmGnxUG4_YRznp5f1PQQ,17,main
student_book,starter,1,1.20,Track 1.20,,audio,CQACAgQAAxkBAAIBpmqisxHF7EBZS5duR477PVKHh7-1AAJvHgACmGnxUAljRK38RYDdPQQ,26,main
student_book,starter,1,1.21,Track 1.21,,audio,CQACAgQAAxkBAAIBiGqisxG1ji0yqhp9GHI2jnlx7GKYAAJRHgACmGnxUPLdxNzrhMyzPQQ,42,main
student_book,starter,1,1.22,Track 1.22,,audio,CQACAgQAAxkBAAIBmWqisxE1va46LaawVc3MGaOpneo9AAJiHgACmGnxUBiakBeEXgW_PQQ,37,main
student_book,starter,1,1.23,Track 1.23,,audio,CQACAgQAAxkBAAIBqWqisxHrreMg0KZ-nhYQ3hkiHAwnAAJyHgACmGnxUNoqsDW1D6L7PQQ,42,main
student_book,starter,1,1.24,Track 1.24,,audio,CQACAgQAAxkBAAIBi2qisxFPWJaUOKUmej-FaAhmSGO4AAJUHgACmGnxUC5vGb2OJBIMPQQ,39,main
student_book,starter,1,1.25,Track 1.25,,audio,CQACAgQAAxkBAAIBnGqisxEdWWhLWYq-00PoZhRBKPlbAAJlHgACmGnxUF8AAZQ6K3XAPT0E,51,main
student_book,starter,1,1.26,Track 1.26,,audio,CQACAgQAAxkBAAIBrGqisxH5RQyP00cflx9xnF0ywpAcAAJ1HgACmGnxUJYQHcy5zyBYPQQ,19,main
student_book,starter,1,1.27,Track 1.27,,audio,CQACAgQAAxkBAAIBjmqisxEcT-0kJ6TZJrLBZ3L7EAGDAAJXHgACmGnxUI3inUu3CsqxPQQ,55,main
student_book,starter,1,1.28,Track 1.28,,audio,CQACAgQAAxkBAAIBn2qisxHJzJosuRkcQJwXEZiuriDJAAJoHgACmGnxUNHb7Yf1TRfTPQQ,29,main
student_book,starter,1,1.29,Track 1.29,,audio,CQACAgQAAxkBAAIBr2qisxGgaPUY-rLo9CgUgbX32cMMAAJ4HgACmGnxUNYq5G9LkOO7PQQ,36,main
student_book,starter,1,1.30,Track 1.30,,audio,CQACAgQAAxkBAAIBkWqisxGjvRWYe1OUIyMljCOdEfXgAAJaHgACmGnxUFfSPGoWtLg3PQQ,67,main
student_book,starter,1,1.31,Track 1.31,,audio,CQACAgQAAxkBAAIBoWqisxFhDHwWq3dDoU7S5MxkQSmyAAJqHgACmGnxUEMbLMTSOfGyPQQ,33,main
student_book,starter,1,1.32,Track 1.32,,audio,CQACAgQAAxkBAAIBsWqisxHlpdJXKvl9fM-KuI-Dg8KYAAJ6HgACmGnxUBJjUdx5SFk8PQQ,78,main
student_book,starter,1,1.33,Track 1.33,,audio,CQACAgQAAxkBAAIBk2qisxGeE_4PmuL6ctZjuKNpadrJAAJcHgACmGnxUDZB7xagmlAUPQQ,71,main
student_book,starter,1,1.34,Track 1.34,,audio,CQACAgQAAxkBAAIBo2qisxETMJgDjxnpbiC1f1FmzpMZAAJsHgACmGnxUEkwAZ-ZkT39PQQ,76,main
student_book,starter,1,1.35,Track 1.35,,audio,CQACAgQAAxkBAAIBs2qisxHI9-i2yjEY5FLm3JfwSqSXAAJ8HgACmGnxUIjcL7T6KJXDPQQ,58,main
student_book,starter,1,1.36,Track 1.36,,audio,CQACAgQAAxkBAAIBlWqisxHwvHKZ_wTp8po8YpCawOYmAAJeHgACmGnxUFa-slSSBM9tPQQ,44,main
student_book,starter,1,1.37,Track 1.37,,audio,CQACAgQAAxkBAAIBpWqisxFMWWMmNwfeTGkxL9xhwTNyAAJuHgACmGnxUE74rGcp8QJlPQQ,15,main
student_book,starter,1,1.38,Track 1.38,,audio,CQACAgQAAxkBAAIBtWqisxHYshS0QkxYFEfNvy5WKhU7AAJ-HgACmGnxUEVBTeYLvEDIPQQ,56,main
student_book,starter,1,1.39,Track 1.39,,audio,CQACAgQAAxkBAAIBmGqisxEjD_kOYW8pAr3iY3HBIEJwAAJhHgACmGnxUAr2gghalqnvPQQ,72,main
student_book,starter,1,1.40,Track 1.40,,audio,CQACAgQAAxkBAAIBqGqisxEGhcgpjoTpY9IvUr1s_a4DAAJxHgACmGnxULkiZaqf0s7KPQQ,54,main
student_book,starter,1,1.41,Track 1.41,,audio,CQACAgQAAxkBAAIBimqisxEJbSmsKU6k-6ghl6FpPL-jAAJTHgACmGnxUEU2YJLwT_RoPQQ,30,main
student_book,starter,1,1.42,Track 1.42,,audio,CQACAgQAAxkBAAIBm2qisxG59QU6c3dPyxPg9nmSeOaAAAJkHgACmGnxUOV1G6u9cwSlPQQ,21,main
student_book,starter,1,1.43,Track 1.43,,audio,CQACAgQAAxkBAAIBq2qisxGb-mXXROM1fQ0QsyphcfbiAAJ0HgACmGnxUMX5C9M9bImdPQQ,36,main
student_book,starter,1,1.44,Track 1.44,,audio,CQACAgQAAxkBAAIBjWqisxHbDViRMiezgS7ojsuxs2GGAAJWHgACmGnxUISa3og0hyUIPQQ,67,main
student_book,starter,1,1.45,Track 1.45,,audio,CQACAgQAAxkBAAIBnmqisxHnkvf-J9oFwpImYeibKA6sAAJnHgACmGnxUEpYrBbzILUlPQQ,20,main
student_book,starter,1,1.46,Track 1.46,,audio,CQACAgQAAxkBAAIBrmqisxGJBXrGK1YXRWvOnpbaMOIkAAJ3HgACmGnxUOz6VRiLkbJGPQQ,56,main
student_book,starter,1,1.47,Track 1.47,,audio,CQACAgQAAxkBAAIBkGqisxHlxw-La_oQTfE7uxCCwgfKAAJZHgACmGnxUK2i9nDCWk6pPQQ,32,main
student_book,starter,2,2.01,Track 2.01,,audio,CQACAgQAAxkBAAIBwWqisxFneyqpUzlzrQuRQuWMuBffAAKKHgACmGnxUMy7mjoSQTCePQQ,87,main
student_book,starter,2,2.02,Track 2.02,,audio,CQACAgQAAxkBAAIBw2qisxF8eLJGBk8DwFU3UQKnlvVRAAKMHgACmGnxUNfeMtPHe2CrPQQ,32,main
student_book,starter,2,2.03,Track 2.03,,audio,CQACAgQAAxkBAAIBxWqisxEi7_hNl7i3VRdIKHFGHvgKAAKOHgACmGnxUGFJirKo9D1aPQQ,26,main
student_book,starter,2,2.04,Track 2.04,,audio,CQACAgQAAxkBAAIBx2qisxG-i3IRWnXpXqZlR4LDNELKAAKQHgACmGnxUMe5uhOvlEoFPQQ,159,main
student_book,starter,2,2.05,Track 2.05,,audio,CQACAgQAAxkBAAIByWqisxEJmAABOOi5JpVq-0KoPwLjQQACkh4AAphp8VDb1TLnNoELVz0E,35,main
student_book,starter,2,2.06,Track 2.06,,audio,CQACAgQAAxkBAAIBy2qisxFcfIrtIWhBjdQp1Q-wvKIJAAKUHgACmGnxUL8rRdujA7w5PQQ,22,main
student_book,starter,2,2.07,Track 2.07,,audio,CQACAgQAAxkBAAIBzWqisxEDTHXT3EclQ8cFzqN1ZlIDAAKWHgACmGnxUPxqTg4vYctaPQQ,24,main
student_book,starter,2,2.08,Track 2.08,,audio,CQACAgQAAxkBAAIBz2qisxEaf_Eo0jej1dUJvQ0x3ChFAAKYHgACmGnxUKOW6d4dnFF3PQQ,26,main
student_book,starter,2,2.09,Track 2.09,,audio,CQACAgQAAxkBAAIB0GqisxH1XLqtTk0BWLTXKmK_2DkVAAKZHgACmGnxUBLgPoX782jTPQQ,72,main
student_book,starter,2,2.10,Track 2.10,,audio,CQACAgQAAxkBAAIB0WqisxFqxi5iF9DMsk2RoOsjOSpjAAKaHgACmGnxUKRR3Y3UsdLePQQ,60,main
student_book,starter,2,2.11,Track 2.11,,audio,CQACAgQAAxkBAAIBtmqisxF0-Qf4da9ISvRRHw9fhz2tAAJ_HgACmGnxUKwk1XPAeONAPQQ,37,main
student_book,starter,2,2.12,Track 2.12,,audio,CQACAgQAAxkBAAIBt2qisxED4lOkBG6xGqgb_XtR_sjXAAKAHgACmGnxUHfOjLqdjx69PQQ,40,main
student_book,starter,2,2.13,Track 2.13,,audio,CQACAgQAAxkBAAIBuGqisxE_oBd_JWcwuLFQvzhjfc95AAKBHgACmGnxUDNnEvyXfu2qPQQ,22,main
student_book,starter,2,2.14,Track 2.14,,audio,CQACAgQAAxkBAAIBuWqisxGlSzmt5h4VY3raG06ZO5-NAAKCHgACmGnxUC76rIiqHiF3PQQ,65,main
student_book,starter,2,2.15,Track 2.15,,audio,CQACAgQAAxkBAAIBumqisxHrp1soWqKR1oTf0lrOdRuHAAKDHgACmGnxUE1t5mz7m8ZbPQQ,97,main
student_book,starter,2,2.16,Track 2.16,,audio,CQACAgQAAxkBAAIBu2qisxEN7FvX3xZAQaq0E9SUhi6zAAKEHgACmGnxULJZ4eUymWB1PQQ,15,main
student_book,starter,2,2.17,Track 2.17,,audio,CQACAgQAAxkBAAIBvGqisxHEZI4hN-OTkQWkvCIdbzd4AAKFHgACmGnxUM2P2GOPHw67PQQ,55,main
student_book,starter,2,2.18,Track 2.18,,audio,CQACAgQAAxkBAAIBvWqisxHYEuUuWPT5aWGfMxEjxr8zAAKGHgACmGnxUGTfzeAxxDqlPQQ,36,main
student_book,starter,2,2.19,Track 2.19,,audio,CQACAgQAAxkBAAIBvmqisxGa2k9xyoovf4wO8BvZxMERAAKHHgACmGnxUJnhm03Ol8hFPQQ,11,main
student_book,starter,2,2.20,Track 2.20,,audio,CQACAgQAAxkBAAIBv2qisxEQ6qH-omeZSbDTpvDzWAtrAAKIHgACmGnxUDsrNMoFy1IuPQQ,32,main
student_book,starter,2,2.21,Track 2.21,,audio,CQACAgQAAxkBAAIBwGqisxEsf0ZOPkH7LsW1nTLVy3WSAAKJHgACmGnxUCDi0HkuOjw0PQQ,39,main
student_book,starter,2,2.22,Track 2.22,,audio,CQACAgQAAxkBAAIBwmqisxG7BQy9K_c6BJytWzTyh2tQAAKLHgACmGnxULrsn80uUjcJPQQ,60,main
student_book,starter,2,2.23,Track 2.23,,audio,CQACAgQAAxkBAAIBxGqisxExN6bRRc-EqXxsY1Sx28rlAAKNHgACmGnxUGvnK16Jb2fdPQQ,96,main
student_book,starter,2,2.24,Track 2.24,,audio,CQACAgQAAxkBAAIBxmqisxE5Eg8mAtCnevU4MtiBng__AAKPHgACmGnxUBDxSY4cs46mPQQ,77,main
student_book,starter,2,2.25,Track 2.25,,audio,CQACAgQAAxkBAAIByGqisxEgfBCiir8drLVfpyTt2bkpAAKRHgACmGnxUCGTOCmZGWo1PQQ,37,main
student_book,starter,2,2.26,Track 2.26,,audio,CQACAgQAAxkBAAIBymqisxFZZT9fQVYW_OO0vp98puT8AAKTHgACmGnxUOTtNQaTSQQIPQQ,62,main
student_book,starter,2,2.27,Track 2.27,,audio,CQACAgQAAxkBAAIBzGqisxHGot1uiR4apMHcLpNXtAiZAAKVHgACmGnxUAVJmmMPh_hJPQQ,60,main
student_book,starter,2,2.28,Track 2.28,,audio,CQACAgQAAxkBAAIBzmqisxEwY4hu_gpCHFKmDcxeZJHBAAKXHgACmGnxUEXv1y73E-4ZPQQ,65,main
student_book,starter,3,3.01,Track 3.01,,audio,CQACAgQAAxkBAAIB3WqisxGmLB_d57T5XnIYMjz7UY3tAAKmHgACmGnxUH7u9FWezwrJPQQ,84,main
student_book,starter,3,3.02,Track 3.02,,audio,CQACAgQAAxkBAAIB32qisxHV-qBvRNJlNOKAZXYHjbf7AAKoHgACmGnxUOEbkeMSoir-PQQ,56,main
student_book,starter,3,3.03,Track 3.03,,audio,CQACAgQAAxkBAAIB4WqisxHrVFA46q09Vst4cLANxW67AAKrHgACmGnxUFTkEjnPoUyjPQQ,18,main
student_book,starter,3,3.04,Track 3.04,,audio,CQACAgQAAxkBAAIB42qisxHi4E3_hz_ZYTxpW0eZ703EAAKtHgACmGnxUDaMPn-77-zwPQQ,42,main
student_book,starter,3,3.05,Track 3.05,,audio,CQACAgQAAxkBAAIB5WqisxHvAAEt3iNb5AO7C0CSWK2O1QACrx4AAphp8VA0rm9oVzA0MT0E,18,main
student_book,starter,3,3.06,Track 3.06,,audio,CQACAgQAAxkBAAIB52qisxGn29_ctYclsFS_nzuuHWOEAAKxHgACmGnxULe97qCKbG35PQQ,47,main
student_book,starter,3,3.07,Track 3.07,,audio,CQACAgQAAxkBAAIB6GqisxHRnSqaPsHGtgOTtloPZ1H1AAKzHgACmGnxUI4Wlkl_k-p6PQQ,100,main
student_book,starter,3,3.08,Track 3.08,,audio,CQACAgQAAxkBAAIB6WqisxHxtf_v6C1NP4GP7a99ExbZAAK0HgACmGnxUNbqmu61EwPyPQQ,66,main
student_book,starter,3,3.09,Track 3.09,,audio,CQACAgQAAxkBAAIB6mqisxFJL88CwB2flEJ_mDEmdm58AAK1HgACmGnxUNQIe273GAQ1PQQ,37,main
student_book,starter,3,3.10,Track 3.10,,audio,CQACAgQAAxkBAAIB62qisxFJRl5C0cBZu3XZzeJXX994AAK2HgACmGnxUElpEURmWTa2PQQ,42,main
student_book,starter,3,3.11,Track 3.11,,audio,CQACAgQAAxkBAAIB0mqisxF1Pipa2vRBNRjsxJYIEQPzAAKbHgACmGnxUGUU--JSZn9RPQQ,38,main
student_book,starter,3,3.12,Track 3.12,,audio,CQACAgQAAxkBAAIB02qisxHCAzZs8MhHmNYR0beq_fOpAAKcHgACmGnxUDooLDoZ96Q-PQQ,62,main
student_book,starter,3,3.13,Track 3.13,,audio,CQACAgQAAxkBAAIB1GqisxHsIaYPV7JZTr0rjkYcwXVyAAKdHgACmGnxUPoWrXdHMinRPQQ,42,main
student_book,starter,3,3.14,Track 3.14,,audio,CQACAgQAAxkBAAIB1WqisxFeo_ekZjNJEQY0iblQOGYHAAKeHgACmGnxUEUF2J-qs-L4PQQ,22,main
student_book,starter,3,3.15,Track 3.15,,audio,CQACAgQAAxkBAAIB1mqisxESo1eFK_ttdbfWrBks-ZkgAAKfHgACmGnxUGmpSVSLAhqaPQQ,21,main
student_book,starter,3,3.16,Track 3.16,,audio,CQACAgQAAxkBAAIB12qisxE7zOHL50Jxaatuh3Lgd757AAKgHgACmGnxUOrqQOrOAis3PQQ,42,main
student_book,starter,3,3.17,Track 3.17,,audio,CQACAgQAAxkBAAIB2GqisxFH88V0ouTCC-Zu7tXk-NuMAAKhHgACmGnxUGZh4rMINpQzPQQ,39,main
student_book,starter,3,3.18,Track 3.18,,audio,CQACAgQAAxkBAAIB2WqisxHjoo_V2mPbDeATFi0ZV1KnAAKiHgACmGnxUGj-ur0K7PYCPQQ,24,main
student_book,starter,3,3.19,Track 3.19,,audio,CQACAgQAAxkBAAIB2mqisxFyjGoEehb4Spv63EmBKBTgAAKjHgACmGnxUJzKVh3d8xUdPQQ,65,main
student_book,starter,3,3.20,Track 3.20,,audio,CQACAgQAAxkBAAIB22qisxEZU48YKUAZ3UUM419nzgKMAAKkHgACmGnxUKHfShT8tnCxPQQ,55,main
student_book,starter,3,3.21,Track 3.21,,audio,CQACAgQAAxkBAAIB3GqisxE7QODtFAO1BnyPrjowIR2OAAKlHgACmGnxUAv8urAvdamhPQQ,44,main
student_book,starter,3,3.22,Track 3.22,,audio,CQACAgQAAxkBAAIB3mqisxFVX5UJJZQX_xP8KgIcV4ZoAAKnHgACmGnxUEFUU13EcAKAPQQ,99,main
student_book,starter,3,3.23,Track 3.23,,audio,CQACAgQAAxkBAAIB4GqisxHI9dJ_axbdM8Zti81JAeoYAAKpHgACmGnxUEFbZkyJldJlPQQ,29,main
student_book,starter,3,3.24,Track 3.24,,audio,CQACAgQAAxkBAAIB4mqisxGzRnxzI6x3LZhfYFlImZBlAAKsHgACmGnxUBy8xtUjsqCXPQQ,44,main
student_book,starter,3,3.25,Track 3.25,,audio,CQACAgQAAxkBAAIB5GqisxGlFggaJisjWnEDbgABGI5NeQACrh4AAphp8VC16ixaOMz64D0E,56,main
student_book,starter,3,3.26,Track 3.26,,audio,CQACAgQAAxkBAAIB5mqisxFGjmm1b5WNw_bBaQWU9S6HAAKwHgACmGnxUEky4_9OvGpIPQQ,43,main
student_book,starter,4,4.01,Track 4.01,,audio,CQACAgQAAxkBAAICUWqisxoDAw96eJYOHEpzkoH6VUbXAALCHgACmGnxUB_BtQcfzSlPPQQ,21,main
student_book,starter,4,4.02,Track 4.02,,audio,CQACAgQAAxkBAAICU2qisxq9jp0zVGdyO6g_Mx9t2ttMAALEHgACmGnxUBDQDXY8Cf5mPQQ,35,main
student_book,starter,4,4.03,Track 4.03,,audio,CQACAgQAAxkBAAICVWqisxqIu3as6J8ma68wQEGyYpwyAALGHgACmGnxUGMiBnKqqILVPQQ,24,main
student_book,starter,4,4.04,Track 4.04,,audio,CQACAgQAAxkBAAICV2qisxqD6kIza_Ew15mCPY2PcewOAALIHgACmGnxUJAGw6-acXvjPQQ,61,main
student_book,starter,4,4.05,Track 4.05,,audio,CQACAgQAAxkBAAICWWqisxoD2QtrTdggPvrVB0qg-uL8AALKHgACmGnxULNyx0zTSlTVPQQ,52,main
student_book,starter,4,4.06,Track 4.06,,audio,CQACAgQAAxkBAAICWmqisxp7j1LM1ewYnEDqAvu6l_qjAALLHgACmGnxUMu83yDTzxFFPQQ,29,main
student_book,starter,4,4.07,Track 4.07,,audio,CQACAgQAAxkBAAICW2qisxrCkcWRMobV8SP2H08UUn5bAALMHgACmGnxUHZ9ss0HIBCTPQQ,70,main
student_book,starter,4,4.08,Track 4.08,,audio,CQACAgQAAxkBAAICXGqisxrNLLAnWNO4bnsGOuYLzshkAALNHgACmGnxUJkpRETlG7btPQQ,32,main
student_book,starter,4,4.09,Track 4.09,,audio,CQACAgQAAxkBAAICXWqisxr0vqYEKRweZ-oOaCCyQmayAALOHgACmGnxUJByCb93AYaNPQQ,53,main
student_book,starter,4,4.10,Track 4.10,,audio,CQACAgQAAxkBAAICXmqisxoPavWE8hQfn2ovvRZHvCexAALPHgACmGnxUGEiQjxvXGiRPQQ,24,main
student_book,starter,4,4.11,Track 4.11,,audio,CQACAgQAAxkBAAICsWqis6SAge6NWQOqXeNHZbKwxYQoAAK3HgACmGnxUBnOkIVtTPsvPQQ,67,main
student_book,starter,4,4.12,Track 4.12,,audio,CQACAgQAAxkBAAICsmqis6R6U2rrUdMjRwOv2gvvu60NAAK4HgACmGnxUC258CtKUucOPQQ,40,main
student_book,starter,4,4.13,Track 4.13,,audio,CQACAgQAAxkBAAICs2qis6Td1iFvzp5scPYtwHYNhptlAAK5HgACmGnxUHEmv-dheiHGPQQ,42,main
student_book,starter,4,4.14,Track 4.14,,audio,CQACAgQAAxkBAAICtGqis6Q6PjqxczO0EGfChp-ba2ikAAK6HgACmGnxUGoPazRNa41IPQQ,74,main
student_book,starter,4,4.15,Track 4.15,,audio,CQACAgQAAxkBAAICtWqis6QCg01Xg2IuvWNKHOuSM8ubAAK7HgACmGnxUObSugrvnnAZPQQ,110,main
student_book,starter,4,4.16,Track 4.16,,audio,CQACAgQAAxkBAAICtmqis6TNtg-ukSvI4V2wRK6rgKS_AAK8HgACmGnxUDO4tbGsQ13gPQQ,53,main
student_book,starter,4,4.17,Track 4.17,,audio,CQACAgQAAxkBAAICt2qis6TcIzPNDMVTYL04Nrrdh5IPAAK9HgACmGnxUEYiWViu_2yaPQQ,83,main
student_book,starter,4,4.18,Track 4.18,,audio,CQACAgQAAxkBAAICuGqis6SYD7pzSTXgurS-RZLcwqPeAAK-HgACmGnxUKuEMZDyk5KQPQQ,33,main
student_book,starter,4,4.19,Track 4.19,,audio,CQACAgQAAxkBAAICuWqis6TWQPf50jWJihkzfNeIuf-pAAK_HgACmGnxUFFitGBAyk2ZPQQ,35,main
student_book,starter,4,4.20,Track 4.20,,audio,CQACAgQAAxkBAAICumqis6SfWiQ8jhHfPKJK2SYq2JcCAALAHgACmGnxUC0EObkoNugQPQQ,90,main
student_book,starter,4,4.21,Track 4.21,,audio,CQACAgQAAxkBAAICUGqisxrTtHDyimiDsqVQiY_pRDWpAALBHgACmGnxUKHd0JJQQ8RYPQQ,33,main
student_book,starter,4,4.22,Track 4.22,,audio,CQACAgQAAxkBAAICUmqisxpUGyuLgYRNJgSUHDncEYgwAALDHgACmGnxUCko5LMeNoGSPQQ,24,main
student_book,starter,4,4.23,Track 4.23,,audio,CQACAgQAAxkBAAICVGqisxr2Vn76fLRPGLEOph7_4Q_eAALFHgACmGnxUNkK9xfEGHMUPQQ,30,main
student_book,starter,4,4.24,Track 4.24,,audio,CQACAgQAAxkBAAICVmqisxoFcnvugMWj2OaSH99jKZLrAALHHgACmGnxUMbDG1EWwaWtPQQ,49,main
student_book,starter,4,4.25,Track 4.25,,audio,CQACAgQAAxkBAAICWGqisxq-xz5rekFHBPJx3LKO31WTAALJHgACmGnxUPePOrx4-3_RPQQ,72,main
student_book,starter,5,5.01,Track 5.01,,audio,CQACAgQAAxkBAAICa2qisxqHGCZ7991yoDnLi36h-u28AALjHgACmGnxUNKKaceYpfvNPQQ,27,main
student_book,starter,5,5.02,Track 5.02,,audio,CQACAgQAAxkBAAICbWqisxrmFkKVGvgKttPgez0KqP5RAALlHgACmGnxUM08CFHOdl1rPQQ,108,main
student_book,starter,5,5.03,Track 5.03,,audio,CQACAgQAAxkBAAICb2qisxrTKoNhTc-SOJ8HMZxx5HkRAALnHgACmGnxUAZawZHLByVhPQQ,30,main
student_book,starter,5,5.04,Track 5.04,,audio,CQACAgQAAxkBAAICcWqisxr8bv3Gphk7wg9wupcbwAuyAALpHgACmGnxUAn0vSP-EzgdPQQ,87,main
student_book,starter,5,5.05,Track 5.05,,audio,CQACAgQAAxkBAAICc2qisxpgirW_vANJJEChlzSgNDYPAALrHgACmGnxUH_rBgz3SP6FPQQ,32,main
student_book,starter,5,5.06,Track 5.06,,audio,CQACAgQAAxkBAAICdWqisxoy9yxSX2so8kRxaahgu32-AALtHgACmGnxUJtk7ru98QatPQQ,25,main
student_book,starter,5,5.07,Track 5.07,,audio,CQACAgQAAxkBAAICd2qisxrDCtlPzM8LVwTCaErIoMgCAALvHgACmGnxUJhzUUX---oaPQQ,58,main
student_book,starter,5,5.08,Track 5.08,,audio,CQACAgQAAxkBAAICeWqisxopxYVQr2nrRIfAte95t6o7AALxHgACmGnxUJp9adWPaUgrPQQ,27,main
student_book,starter,5,5.09,Track 5.09,,audio,CQACAgQAAxkBAAICe2qisxoLaW67vljrUAkcWDmLPfUbAALzHgACmGnxUOe2hJKWt13SPQQ,15,main
student_book,starter,5,5.10,Track 5.10,,audio,CQACAgQAAxkBAAICfWqisxp_NJzcXXrS6-enz_d6ncfBAAL1HgACmGnxUAHHP9NiTMtJPQQ,56,main
student_book,starter,5,5.11,Track 5.11,,audio,CQACAgQAAxkBAAICYGqisxpyryiwMtJ8PIFvwNspcqAfAALYHgACmGnxUPYZegT7LJ5iPQQ,123,main
student_book,starter,5,5.12,Track 5.12,,audio,CQACAgQAAxkBAAICYWqisxo2LzAIWQ4qKN0zxhVFvIdJAALZHgACmGnxUDygP8utMkoQPQQ,35,main
student_book,starter,5,5.13,Track 5.13,,audio,CQACAgQAAxkBAAICYmqisxowopiqd3ESIKKc8KQaq9yTAALaHgACmGnxUB5XhicghNLLPQQ,87,main
student_book,starter,5,5.14,Track 5.14,,audio,CQACAgQAAxkBAAICY2qisxpFHMCx8aqRx8pBP8Ti4EeWAALbHgACmGnxUDi5VmmBCn7HPQQ,117,main
student_book,starter,5,5.15,Track 5.15,,audio,CQACAgQAAxkBAAICZGqisxoXuAxaOgoYtvdSeMbQ9iUkAALcHgACmGnxUP3P1l8sgWETPQQ,110,main
student_book,starter,5,5.16,Track 5.16,,audio,CQACAgQAAxkBAAICZWqisxoNIkVCBBveOskECqltO_p2AALdHgACmGnxUCK3_FUz5_mcPQQ,44,main
student_book,starter,5,5.17,Track 5.17,,audio,CQACAgQAAxkBAAICZmqisxp5FmCfjYvAbOWFRrdsiVYzAALeHgACmGnxUEKEmtkutYPAPQQ,32,main
student_book,starter,5,5.18,Track 5.18,,audio,CQACAgQAAxkBAAICZ2qisxrVowhWXt4wR4f4bbg_1mAZAALfHgACmGnxUH8ySFM0swegPQQ,33,main
student_book,starter,5,5.19,Track 5.19,,audio,CQACAgQAAxkBAAICaGqisxpC4lziEme0_x-Fliib9HsDAALgHgACmGnxUAwubzi_SNEuPQQ,30,main
student_book,starter,5,5.20,Track 5.20,,audio,CQACAgQAAxkBAAICaWqisxpe7sWfMuZoheASihpjScHcAALhHgACmGnxUGdtF8SGcBfYPQQ,66,main
student_book,starter,5,5.21,Track 5.21,,audio,CQACAgQAAxkBAAICamqisxpONJftv-AmXkmda-CauI50AALiHgACmGnxUNdSn5Ygi-lZPQQ,66,main
student_book,starter,5,5.22,Track 5.22,,audio,CQACAgQAAxkBAAICbGqisxrlyOHJA3vYfvVMAqCy4wAB7gAC5B4AAphp8VC8u_OYKdTLXj0E,108,main
student_book,starter,5,5.23,Track 5.23,,audio,CQACAgQAAxkBAAICbmqisxoG3oTiQqmmz6nuWecGYJWBAALmHgACmGnxULTu-ubrtohQPQQ,79,main
student_book,starter,5,5.24,Track 5.24,,audio,CQACAgQAAxkBAAICcGqisxqA92qQPfpL3ZGLtjIX8xwfAALoHgACmGnxUMy823b_NidNPQQ,37,main
student_book,starter,5,5.25,Track 5.25,,audio,CQACAgQAAxkBAAICcmqisxrL8yVhZI6yht-idXCkVfBoAALqHgACmGnxUNhtFYWfFSLMPQQ,18,main
student_book,starter,5,5.26,Track 5.26,,audio,CQACAgQAAxkBAAICdGqisxqM3nBrBdAVw6NJxSWUcegCAALsHgACmGnxUIC5_ay4uSmYPQQ,29,main
student_book,starter,5,5.27,Track 5.27,,audio,CQACAgQAAxkBAAICdmqisxooPWZZdVeCJE7mdJiIdfPhAALuHgACmGnxUEmlmGZH-WpRPQQ,21,main
student_book,starter,5,5.28,Track 5.28,,audio,CQACAgQAAxkBAAICeGqisxqZEd8xrdfZH-thCU-5b_4MAALwHgACmGnxUGLfpQujimZQPQQ,29,main
student_book,starter,5,5.29,Track 5.29,,audio,CQACAgQAAxkBAAICemqisxqCSmaj5uBN17thUEO2TidNAALyHgACmGnxUHyEDlTqFSlQPQQ,52,main
student_book,starter,5,5.30,Track 5.30,,audio,CQACAgQAAxkBAAICfGqisxqJXS9zq3Ab2tFuMJXtq2z_AAL0HgACmGnxUE4MkHf0soc5PQQ,48,main
student_book,starter,5,5.31,Track 5.31,,audio,CQACAgQAAxkBAAICX2qisxrjRToUf9UyLVX9qTnNggABtAAC1x4AAphp8VCRevJo1vJ3wT0E,48,main
student_book,starter,6,6.01,Track 6.01,,audio,CQACAgQAAxkBAAICkWqisxod8dLiSURhumNAVi4J_raxAAIJHwACmGnxUFSJm13QhheUPQQ,63,main
student_book,starter,6,6.02,Track 6.02,,audio,CQACAgQAAxkBAAICh2qisxriMgAB0CG-JgUQ17W9lNkfGQAC_x4AAphp8VBY1JLUa9Y_dT0E,36,main
student_book,starter,6,6.03,Track 6.03,,audio,CQACAgQAAxkBAAICfmqisxr5Zg5vyG0q9Nus91UqrngxAAL2HgACmGnxUFINE4c2pDAyPQQ,45,main
student_book,starter,6,6.04,Track 6.04,,audio,CQACAgQAAxkBAAICiGqisxoYoTvssSAAAUV-LCb2-h_UwwADHwACmGnxUOmN8spdOXgdPQQ,79,main
student_book,starter,6,6.05,Track 6.05,,audio,CQACAgQAAxkBAAICf2qisxogkTcrUStPazdmwTSTI0xOAAL3HgACmGnxULyw-UBmFOcJPQQ,42,main
student_book,starter,6,6.06,Track 6.06,,audio,CQACAgQAAxkBAAICiWqisxom7BUzs09r38V6U9MMo3hXAAIBHwACmGnxUHU0p5tAkbZ5PQQ,27,main
student_book,starter,6,6.07,Track 6.07,,audio,CQACAgQAAxkBAAICgGqisxq7b5RsWr_qaNvmi7WBjUMMAAL4HgACmGnxUPhw8_96bdKIPQQ,126,main
student_book,starter,6,6.08,Track 6.08,,audio,CQACAgQAAxkBAAICimqisxqtI5Jhy7nMasvAAAEjg4kvngACAh8AAphp8VBuN7sGEgO1Bz0E,85,main
student_book,starter,6,6.09,Track 6.09,,audio,CQACAgQAAxkBAAICgWqisxozF9K6xVTCoMZ82d_E_r8LAAL5HgACmGnxUJAz4dn11vlgPQQ,33,main
student_book,starter,6,6.10,Track 6.10,,audio,CQACAgQAAxkBAAICi2qisxod-Pm_2BkQ-aff9w7x1xG-AAIDHwACmGnxUDZ5T7Z-GQoXPQQ,33,main
student_book,starter,6,6.11,Track 6.11,,audio,CQACAgQAAxkBAAICgmqisxq4q71_uQUYYi97n6FnkeadAAL6HgACmGnxUNCY_5Yom2ZRPQQ,70,main
student_book,starter,6,6.12,Track 6.12,,audio,CQACAgQAAxkBAAICjGqisxq6znpiCSTRx1jYIGiUilWsAAIEHwACmGnxUDvTuAoCgSXFPQQ,88,main
student_book,starter,6,6.13,Track 6.13,,audio,CQACAgQAAxkBAAICg2qisxpNM2FHnpraXfQz9iBB8G1FAAL7HgACmGnxUPyR5OAifWuIPQQ,67,main
student_book,starter,6,6.14,Track 6.14,,audio,CQACAgQAAxkBAAICjWqisxrlvEdQp5K-NgUyu_8LFL_ZAAIFHwACmGnxUMePwIQnkT6zPQQ,91,main
student_book,starter,6,6.15,Track 6.15,,audio,CQACAgQAAxkBAAIChGqisxr6RhLHN4lk6Zg4yP8XkMlmAAL8HgACmGnxUA_AnqFKs70DPQQ,50,main
student_book,starter,6,6.16,Track 6.16,,audio,CQACAgQAAxkBAAICjmqisxpJqFX7u1fBl8vHmm1n_oRwAAIGHwACmGnxUOUwekef_muWPQQ,30,main
student_book,starter,6,6.17,Track 6.17,,audio,CQACAgQAAxkBAAIChWqisxr50WayqOUXID28EdNN_W5tAAL9HgACmGnxUFfw1u4xJbUYPQQ,33,main
student_book,starter,6,6.18,Track 6.18,,audio,CQACAgQAAxkBAAICj2qisxpdyXLAIaDNLwfQVvPav83nAAIHHwACmGnxUKsIIeTQjHycPQQ,22,main
student_book,starter,6,6.19,Track 6.19,,audio,CQACAgQAAxkBAAIChmqisxrhHPPJnhqC1cfuSn-7M7J5AAL-HgACmGnxUC0wpcHymRmwPQQ,49,main
student_book,starter,6,6.20,Track 6.20,,audio,CQACAgQAAxkBAAICkGqisxqw1_nqqCIIY4qRSuFvpierAAIIHwACmGnxUKUqSJ4ChvtIPQQ,66,main
student_book,starter,7,7.01,Track 7.01,,audio,CQACAgQAAxkBAAICnmqisxqsMT5a4NjFUww6NZDayau3AAIWHwACmGnxUG3mil5sHbCFPQQ,44,main
student_book,starter,7,7.02,Track 7.02,,audio,CQACAgQAAxkBAAICoGqisxrMBNRXXdW30IfT9OXqtc_XAAIYHwACmGnxUCXfI10ZpVUVPQQ,100,main
student_book,starter,7,7.03,Track 7.03,,audio,CQACAgQAAxkBAAIComqisxrcWoSiRJjRkPGw66KVICO7AAIaHwACmGnxUHrjaGETnxecPQQ,26,main
student_book,starter,7,7.04,Track 7.04,,audio,CQACAgQAAxkBAAICpGqisxqLzp9yxLxFeHsGrKhvh15jAAIcHwACmGnxULeLgz_315kPPQQ,67,main
student_book,starter,7,7.05,Track 7.05,,audio,CQACAgQAAxkBAAICpmqisxr-uFMBUlvy1Idoh8QWn5VgAAIeHwACmGnxUJJGRtxTovFgPQQ,33,main
student_book,starter,7,7.06,Track 7.06,,audio,CQACAgQAAxkBAAICqGqisxoW0N4yFHEvi526cGCfGSCeAAIgHwACmGnxUJcw_MTqX-mXPQQ,30,main
student_book,starter,7,7.07,Track 7.07,,audio,CQACAgQAAxkBAAICqmqisxotcRJf0SQkCG31rCPiCX1WAAIjHwACmGnxUIDbEVXUE3D7PQQ,71,main
student_book,starter,7,7.08,Track 7.08,,audio,CQACAgQAAxkBAAICrGqisxqAovj66VZzpg6oPc-8VgR0AAIlHwACmGnxUOaingy3NsxCPQQ,43,main
student_book,starter,7,7.09,Track 7.09,,audio,CQACAgQAAxkBAAICrmqisxo_rCBVpXqIw8wo7mQZ2th9AAInHwACmGnxUFIDKnJXU6V7PQQ,42,main
student_book,starter,7,7.10,Track 7.10,,audio,CQACAgQAAxkBAAIB7Wqisxg-odtpJU_5VzoDjpaAu-ujAAIpHwACmGnxUNcZXNjGVIfKPQQ,85,main
student_book,starter,7,7.11,Track 7.11,,audio,CQACAgQAAxkBAAICk2qisxrIOvvYksI3-52h_RsGfOPXAAILHwACmGnxUJepoYXOApvfPQQ,43,main
student_book,starter,7,7.12,Track 7.12,,audio,CQACAgQAAxkBAAIClGqisxqny-Nto6w-JO1a0e31Y2bHAAIMHwACmGnxUC1S1awujaARPQQ,22,main
student_book,starter,7,7.13,Track 7.13,,audio,CQACAgQAAxkBAAIClWqisxqV1GVJ4z-SBlDdOR3bHYmJAAINHwACmGnxUDjTKStwncjsPQQ,42,main
student_book,starter,7,7.14,Track 7.14,,audio,CQACAgQAAxkBAAIClmqisxozgdrZhBlE6lYgc6SVmziHAAIOHwACmGnxUKkLJixXcES7PQQ,62,main
student_book,starter,7,7.15,Track 7.15,,audio,CQACAgQAAxkBAAICl2qisxroowc8Zm32ryzoDdQWH1NCAAIPHwACmGnxUM5PPC2NJMTQPQQ,81,main
student_book,starter,7,7.16,Track 7.16,,audio,CQACAgQAAxkBAAICmGqisxoP-wSY0XzPWdu3m-BKuiRnAAIQHwACmGnxULwaKsWdd6sqPQQ,40,main
student_book,starter,7,7.17,Track 7.17,,audio,CQACAgQAAxkBAAICmWqisxpTMTIXFKHaVBJOZzJEExJbAAIRHwACmGnxUIwNaG9DqDVyPQQ,41,main
student_book,starter,7,7.18,Track 7.18,,audio,CQACAgQAAxkBAAICmmqisxrZUlvpFENChR-Q3rFhUeYlAAISHwACmGnxUEP0o3CLCBkUPQQ,85,main
student_book,starter,7,7.19,Track 7.19,,audio,CQACAgQAAxkBAAICm2qisxrjNNnzluOS5FEuTNi-oJHWAAITHwACmGnxUCoX46Akrkk3PQQ,24,main
student_book,starter,7,7.20,Track 7.20,,audio,CQACAgQAAxkBAAICnGqisxojL5ts_bNQp7za2tX6OMO3AAIUHwACmGnxUN0ldFvNulPHPQQ,44,main
student_book,starter,7,7.21,Track 7.21,,audio,CQACAgQAAxkBAAICnWqisxo21Q8wGrYJ6FTpcMzm4jymAAIVHwACmGnxUHYmIKVuBoA6PQQ,43,main
student_book,starter,7,7.22,Track 7.22,,audio,CQACAgQAAxkBAAICn2qisxrFuG7GfN-CCHkXzzqhg-0IAAIXHwACmGnxUNEHUao1HU4PPQQ,75,main
student_book,starter,7,7.23,Track 7.23,,audio,CQACAgQAAxkBAAICoWqisxqPmpgC1QVNSxxWOPMxBkMaAAIZHwACmGnxUPtWghHeXYPZPQQ,65,main
student_book,starter,7,7.24,Track 7.24,,audio,CQACAgQAAxkBAAICo2qisxpgo9jJIXY6Gk7oO9_mep1-AAIbHwACmGnxUJWQ7j5NNmTMPQQ,41,main
student_book,starter,7,7.25,Track 7.25,,audio,CQACAgQAAxkBAAICpWqisxqdvmTuDh9mH_aFJCtpHVXuAAIdHwACmGnxUBI8TatfVVxUPQQ,21,main
student_book,starter,7,7.26,Track 7.26,,audio,CQACAgQAAxkBAAICp2qisxqxQ06pY1zcBuMMFZl4mw62AAIfHwACmGnxUGtRwcs8XA1iPQQ,72,main
student_book,starter,7,7.27,Track 7.27,,audio,CQACAgQAAxkBAAICqWqisxpOBt-EX6FYrrBYUvcTcOSrAAIhHwACmGnxUKC8HAaANNGJPQQ,25,main
student_book,starter,7,7.28,Track 7.28,,audio,CQACAgQAAxkBAAICq2qisxrDjQZHsYf8Kue84p1YaCWnAAIkHwACmGnxUM1aia5fNX0XPQQ,47,main
student_book,starter,7,7.29,Track 7.29,,audio,CQACAgQAAxkBAAICrWqisxohMtnh3EbFPdZTW2SgsbHIAAImHwACmGnxUIW7_ikEtC1mPQQ,53,main
student_book,starter,7,7.30,Track 7.30,,audio,CQACAgQAAxkBAAICr2qisxohRfDIC-IWKssxmLuccInQAAIoHwACmGnxUPW1ba9JMd1WPQQ,88,main
student_book,starter,7,7.31,Track 7.31,,audio,CQACAgQAAxkBAAICkmqisxpdvoK2YWTsAmEzM1PlI3k4AAIKHwACmGnxUHj2f5z8Bi0UPQQ,57,main
student_book,starter,8,8.01,Track 8.01,,audio,CQACAgQAAxkBAAICAAFqorMYSEjS-xk6KUhCv1SDheCwyQACPB8AAphp8VCMv0qz4xD27T0E,74,main
student_book,starter,8,8.02,Track 8.02,,audio,CQACAgQAAxkBAAIB92qisxh9SrF3VDQzigibH-lvDurlAAIzHwACmGnxUAoJeDPMizJ5PQQ,41,main
student_book,starter,8,8.03,Track 8.03,,audio,CQACAgQAAxkBAAIB7mqisxg0e5B16wGkuzqbGjp0lO6HAAIqHwACmGnxUGsoO5PipBxjPQQ,46,main
student_book,starter,8,8.04,Track 8.04,,audio,CQACAgQAAxkBAAIB-Gqisxh1_kFx1mFdQsPxP-ILOqAPAAI0HwACmGnxUB3fJHeWp_cTPQQ,51,main
student_book,starter,8,8.05,Track 8.05,,audio,CQACAgQAAxkBAAIB72qisxgAAbwQIc2lMei1nN2s6KSQawACKx8AAphp8VByw9sCtqQRFD0E,59,main
student_book,starter,8,8.06,Track 8.06,,audio,CQACAgQAAxkBAAIB-WqisxjCr3sTsEumleqMNKEFwakoAAI1HwACmGnxUOaAx5W5Xe8fPQQ,64,main
student_book,starter,8,8.07,Track 8.07,,audio,CQACAgQAAxkBAAIB8GqisxgOtDsyapCOUXMwX2lxXEc2AAIsHwACmGnxUOB4nNIbpY-TPQQ,21,main
student_book,starter,8,8.08,Track 8.08,,audio,CQACAgQAAxkBAAIB-mqisxgG2k6679Elm5zEZJYAAar0FAACNh8AAphp8VAAAW653DBUoaE9BA,32,main
student_book,starter,8,8.09,Track 8.09,,audio,CQACAgQAAxkBAAIB8WqisxgBEoy7DLjjZehO82sEee3CAAItHwACmGnxUNfs_uppYAIDPQQ,23,main
student_book,starter,8,8.10,Track 8.10,,audio,CQACAgQAAxkBAAIB-2qisxh_q3NXqO1nKel0DdAhaguoAAI3HwACmGnxUHahdwUuZ-zePQQ,79,main
student_book,starter,8,8.11,Track 8.11,,audio,CQACAgQAAxkBAAIB8mqisxiRj3uCd6SIXHowzhYPNbN_AAIuHwACmGnxUInhWj8j9MNZPQQ,61,main
student_book,starter,8,8.12,Track 8.12,,audio,CQACAgQAAxkBAAIB_GqisxgZon6oPH2lltsEtD24n78xAAI4HwACmGnxUIfosooen2hLPQQ,52,main
student_book,starter,8,8.13,Track 8.13,,audio,CQACAgQAAxkBAAIB82qisxjOF8eTvvivUPJL_0fyy1UKAAIvHwACmGnxUA7NKiOv4DYMPQQ,91,main
student_book,starter,8,8.14,Track 8.14,,audio,CQACAgQAAxkBAAIB_Wqisxjge8F45JNXMIT2_35TEHm9AAI5HwACmGnxUCn5_FYil8jlPQQ,21,main
student_book,starter,8,8.15,Track 8.15,,audio,CQACAgQAAxkBAAIB9Gqisxg8gr8bzvNXJQG1gaZTfPW0AAIwHwACmGnxUMUphwULpl6jPQQ,47,main
student_book,starter,8,8.16,Track 8.16,,audio,CQACAgQAAxkBAAIB_mqisxgZ1-D2XV17HnxfO51Asa3sAAI6HwACmGnxUBKrGiZ2wUIfPQQ,44,main
student_book,starter,8,8.17,Track 8.17,,audio,CQACAgQAAxkBAAIB9WqisxhG5tFL2K7x4XgeCm2fEv-LAAIxHwACmGnxUO-H0w3ZiPnJPQQ,109,main
student_book,starter,8,8.18,Track 8.18,,audio,CQACAgQAAxkBAAIB_2qisxgr7972THkc3HaH4MLkBFKGAAI7HwACmGnxUEWiVIaIVeeWPQQ,25,main
student_book,starter,8,8.19,Track 8.19,,audio,CQACAgQAAxkBAAIB9mqisxgxmyNFUzo1BwLW8nLOAiVjAAIyHwACmGnxUGRLaw1WxGiCPQQ,86,main
student_book,starter,9,9.01,Track 9.01,,audio,CQACAgQAAxkBAAICDGqisxiqgJPcTlensqO0C-gPYEUqAAJIHwACmGnxUAF8oSe2cX9ePQQ,72,main
student_book,starter,9,9.02,Track 9.02,,audio,CQACAgQAAxkBAAICDmqisxhZDEh9eTEp_GCsFhUSy5D5AAJKHwACmGnxUPB5-bHArg1gPQQ,83,main
student_book,starter,9,9.03,Track 9.03,,audio,CQACAgQAAxkBAAICEGqisxgdv8MQXIZUpZ_YNiFZHjIQAAJMHwACmGnxUOdyq0P4V_cmPQQ,87,main
student_book,starter,9,9.04,Track 9.04,,audio,CQACAgQAAxkBAAICEWqisxh2tUtLPEO8aaAZHofAbhveAAJNHwACmGnxUDMAAcXUHrQT0D0E,31,main
student_book,starter,9,9.05,Track 9.05,,audio,CQACAgQAAxkBAAICEmqisxgbT7xi1wABtwrFpvph3x5w-wACTh8AAphp8VAYPbUCLd5Inj0E,73,main
student_book,starter,9,9.06,Track 9.06,,audio,CQACAgQAAxkBAAICE2qisxgHYIzvNzr1KOVyOZE0dhNOAAJPHwACmGnxUInGJvn1kkrdPQQ,133,main
student_book,starter,9,9.07,Track 9.07,,audio,CQACAgQAAxkBAAICFGqisxiLtC_KGZNQyfg2XM04AwKzAAJQHwACmGnxUAi9N_KAAdB6PQQ,69,main
student_book,starter,9,9.08,Track 9.08,,audio,CQACAgQAAxkBAAICFWqisxgdOCG3znhR_QABW6gS3I4yyAACUR8AAphp8VClKzuWgQ5RFz0E,29,main
student_book,starter,9,9.09,Track 9.09,,audio,CQACAgQAAxkBAAICFmqisxjpbfb0yS4SD8M1hsYWvPSiAAJSHwACmGnxUP5nLzuCtws8PQQ,46,main
student_book,starter,9,9.10,Track 9.10,,audio,CQACAgQAAxkBAAICF2qisxhFTUhOFP2z_1L_ktaY01k3AAJTHwACmGnxUNC6g9jMoWPPPQQ,30,main
student_book,starter,9,9.11,Track 9.11,,audio,CQACAgQAAxkBAAICAWqisxgjIQ67ZIkxN-fbPaCBPDnqAAI9HwACmGnxUJq9boSo41UwPQQ,101,main
student_book,starter,9,9.12,Track 9.12,,audio,CQACAgQAAxkBAAICAmqisxij2Gd7gT1Lo-Qd5MKa_nU0AAI-HwACmGnxUE71vwFq89ruPQQ,18,main
student_book,starter,9,9.13,Track 9.13,,audio,CQACAgQAAxkBAAICA2qisxihLBXqtCN8CbI2nLKdJnxbAAI_HwACmGnxUBKyjhAlYnu6PQQ,19,main
student_book,starter,9,9.14,Track 9.14,,audio,CQACAgQAAxkBAAICBGqisxgyggG27PZR1v-vVDkX33WUAAJAHwACmGnxUHX1U5AVWIWVPQQ,77,main
student_book,starter,9,9.15,Track 9.15,,audio,CQACAgQAAxkBAAICBWqisxioDwcwuNl9CS-O_458zDNLAAJBHwACmGnxUBCAEy-NIxlbPQQ,21,main
student_book,starter,9,9.16,Track 9.16,,audio,CQACAgQAAxkBAAICBmqisxjHeagp28g7a5nHtu2fLqVLAAJCHwACmGnxUJKwQm-HXQZ9PQQ,47,main
student_book,starter,9,9.17,Track 9.17,,audio,CQACAgQAAxkBAAICB2qisxhMpSIUirYn9OOJay_SLAGiAAJDHwACmGnxUP_hTfm9yG_UPQQ,88,main
student_book,starter,9,9.18,Track 9.18,,audio,CQACAgQAAxkBAAICCGqisxjNAqgiaxPlBppCaI2DCw_zAAJEHwACmGnxUMS657X9dPcRPQQ,48,main
student_book,starter,9,9.19,Track 9.19,,audio,CQACAgQAAxkBAAICCWqisxhovTJJwy59NXPBX6xYWoBaAAJFHwACmGnxUAFzdeb0i7SwPQQ,99,main
student_book,starter,9,9.20,Track 9.20,,audio,CQACAgQAAxkBAAICCmqisxgxiuMJwYCpSqyEZYgp_WeoAAJGHwACmGnxUPVTy0FUA2RDPQQ,26,main
student_book,starter,9,9.21,Track 9.21,,audio,CQACAgQAAxkBAAICC2qisxikt162gHXpOsM5llyvz3PiAAJHHwACmGnxUOC2LPZb7QoSPQQ,107,main
student_book,starter,9,9.22,Track 9.22,,audio,CQACAgQAAxkBAAICDWqisxhdUpD463gjqkpmApzpGTX1AAJJHwACmGnxUHXS3wjnkrK3PQQ,42,main
student_book,starter,9,9.23,Track 9.23,,audio,CQACAgQAAxkBAAICD2qisxjVTZyJKLpvys7utAABNe7kHQACSx8AAphp8VAFegAB2n1opuc9BA,49,main
student_book,starter,10,10.01,Track 10.01,,audio,CQACAgQAAxkBAAICKmqisxii7VFzvwzVDSU_915TLW0pAAJmHwACmGnxUEA23rPAFRmHPQQ,76,main
student_book,starter,10,10.02,Track 10.02,,audio,CQACAgQAAxkBAAICIWqisxi2qvPOHf25vgsFD6rDSjCRAAJdHwACmGnxUJENmAXWxghwPQQ,69,main
student_book,starter,10,10.03,Track 10.03,,audio,CQACAgQAAxkBAAICGGqisxgCoAzJ3Aw-YPgZqf9xTGV5AAJUHwACmGnxUJNrstRuuNgyPQQ,58,main
student_book,starter,10,10.04,Track 10.04,,audio,CQACAgQAAxkBAAICImqisxjNPB2p5cN5AAGTkM365leyDQACXh8AAphp8VCMl9PsBx_t8z0E,104,main
student_book,starter,10,10.05,Track 10.05,,audio,CQACAgQAAxkBAAICGWqisxi74RZG_9Mvf044iQbQzYScAAJVHwACmGnxUDmkPZkNxio6PQQ,69,main
student_book,starter,10,10.06,Track 10.06,,audio,CQACAgQAAxkBAAICI2qisxgubUmb5vQZoIkk2HJF-LinAAJfHwACmGnxUERZH3XnZJoFPQQ,54,main
student_book,starter,10,10.07,Track 10.07,,audio,CQACAgQAAxkBAAICGmqisxjNS6vOTbmEHKCDPb9x6KQZAAJWHwACmGnxUD0CdHgMZIcCPQQ,20,main
student_book,starter,10,10.08,Track 10.08,,audio,CQACAgQAAxkBAAICJGqisxjYCeG_AAG49V6abvEWxUnd7wACYB8AAphp8VA-UsGPhBShvz0E,31,main
student_book,starter,10,10.09,Track 10.09,,audio,CQACAgQAAxkBAAICG2qisxgsiyIyNPqmkwod1531XejFAAJXHwACmGnxUExYl92AIjL4PQQ,38,main
student_book,starter,10,10.10,Track 10.10,,audio,CQACAgQAAxkBAAICJWqisxi1VDw74KMOfe8uMTd_vEmQAAJhHwACmGnxUOnWm7bxW3ZFPQQ,47,main
student_book,starter,10,10.11,Track 10.11,,audio,CQACAgQAAxkBAAICHGqisxh0dqT9QvYRv2LfwRV4PhAJAAJYHwACmGnxUGwvNEtQWCQ3PQQ,30,main
student_book,starter,10,10.12,Track 10.12,,audio,CQACAgQAAxkBAAICJmqisxj2oMk73NmS-FVd2LqOL6MIAAJiHwACmGnxUEGpeVQe1b5-PQQ,76,main
student_book,starter,10,10.13,Track 10.13,,audio,CQACAgQAAxkBAAICHWqisxhjwwSO0ce-L_7IP_E4pb64AAJZHwACmGnxUEXy3_djTk5zPQQ,80,main
student_book,starter,10,10.14,Track 10.14,,audio,CQACAgQAAxkBAAICJ2qisxjdX8J-2-TJkooJ60rW3zCQAAJjHwACmGnxUIx0GeCZp5COPQQ,87,main
student_book,starter,10,10.15,Track 10.15,,audio,CQACAgQAAxkBAAICHmqisxiiapHdXvmkAiBht7D3QvcDAAJaHwACmGnxUP8dB0nPq5xaPQQ,78,main
student_book,starter,10,10.16,Track 10.16,,audio,CQACAgQAAxkBAAICKGqisxg3J-cUcqf1-GWnFS0VZHoJAAJkHwACmGnxUJ6rzHw7i8R5PQQ,105,main
student_book,starter,10,10.17,Track 10.17,,audio,CQACAgQAAxkBAAICH2qisxhH4uz46miMTphKXeWDP5zZAAJbHwACmGnxUBIjwyGPll6APQQ,46,main
student_book,starter,10,10.18,Track 10.18,,audio,CQACAgQAAxkBAAICKWqisxjlI3MVzXCk9lzk25g_M_cwAAJlHwACmGnxUPMk_rf5qArtPQQ,53,main
student_book,starter,10,10.19,Track 10.19,,audio,CQACAgQAAxkBAAICIGqisxhDR1or5asOtI7pL90AAUfoyAACXB8AAphp8VCU3ttEvIEiTT0E,65,main
student_book,starter,11,11.01,Track 11.01,,audio,CQACAgQAAxkBAAICNmqisxhyyMJwX9Kng1x08AMPSMcUAAJyHwACmGnxUAQGsugnD3R5PQQ,43,main
student_book,starter,11,11.02,Track 11.02,,audio,CQACAgQAAxkBAAICOGqisxhtVt4CxIIeCMo7a2ZkertuAAJ0HwACmGnxUM4FZLUxuoZDPQQ,46,main
student_book,starter,11,11.03,Track 11.03,,audio,CQACAgQAAxkBAAICOmqisxjjFf9aDgXptpCxReb4AhUoAAJ2HwACmGnxUELleWxaB4w4PQQ,76,main
student_book,starter,11,11.04,Track 11.04,,audio,CQACAgQAAxkBAAICPGqisxhehVG7OvJuDuyw99arhUY_AAJ4HwACmGnxULGgPIPvvsM-PQQ,41,main
student_book,starter,11,11.05,Track 11.05,,audio,CQACAgQAAxkBAAICPWqisxgtzkzD_6aDlXT_rpgBoBPlAAJ5HwACmGnxUJkyX5ajbtV-PQQ,49,main
student_book,starter,11,11.06,Track 11.06,,audio,CQACAgQAAxkBAAICPmqisxijk_vqbUn7Fhufjq1fp7s1AAJ6HwACmGnxUJdJOEHt-DBhPQQ,42,main
student_book,starter,11,11.07,Track 11.07,,audio,CQACAgQAAxkBAAICP2qisxjB45AUmyDluDSobhRK-vehAAJ7HwACmGnxUIKcXALcdS3UPQQ,90,main
student_book,starter,11,11.08,Track 11.08,,audio,CQACAgQAAxkBAAICQGqisxhZjl8VeiFBAAGLIXzw8RulHgACfB8AAphp8VBdjtoYdePG6T0E,51,main
student_book,starter,11,11.09,Track 11.09,,audio,CQACAgQAAxkBAAICQWqisxiYjxUjmHFvFD3OkRhgzJCnAAJ9HwACmGnxUFJhbZ9ECyiEPQQ,55,main
student_book,starter,11,11.10,Track 11.10,,audio,CQACAgQAAxkBAAICQmqisxjQ2KQg79uHebSsuOiLdd9ZAAJ-HwACmGnxUDGP2Nk2-arMPQQ,70,main
student_book,starter,11,11.11,Track 11.11,,audio,CQACAgQAAxkBAAICK2qisxii4Wj-A21ZHM-Y__-gMMruAAJnHwACmGnxUDPF0BqLcMTFPQQ,28,main
student_book,starter,11,11.12,Track 11.12,,audio,CQACAgQAAxkBAAICLGqisxiBoUxUXDpkyT8o52VITBX5AAJoHwACmGnxUKuTI2SBX2w1PQQ,20,main
student_book,starter,11,11.13,Track 11.13,,audio,CQACAgQAAxkBAAICLWqisxjXaKpDvIohXIngJBb4h0AmAAJpHwACmGnxUAx-na92w2chPQQ,88,main
student_book,starter,11,11.14,Track 11.14,,audio,CQACAgQAAxkBAAICLmqisxi_bm6PsirD9qTTCdjf7N6HAAJqHwACmGnxUMV8La3DYw1-PQQ,38,main
student_book,starter,11,11.15,Track 11.15,,audio,CQACAgQAAxkBAAICL2qisxhrZmWiTK0uX2P4Yh5wFW0dAAJrHwACmGnxUOpGKgXF_3rMPQQ,134,main
student_book,starter,11,11.16,Track 11.16,,audio,CQACAgQAAxkBAAICMGqisxi3g1PebVyBNQI7BJhLfoKZAAJsHwACmGnxUJEaVqYerz2HPQQ,63,main
student_book,starter,11,11.17,Track 11.17,,audio,CQACAgQAAxkBAAICMWqisxhd-0oOvlOCT8ZTC3nrlMJdAAJtHwACmGnxUIHAhyew8Vg8PQQ,33,main
student_book,starter,11,11.18,Track 11.18,,audio,CQACAgQAAxkBAAICMmqisxhgeu5q-C_9nn2gQOv1kpusAAJuHwACmGnxUHR9sAFhhv2rPQQ,70,main
student_book,starter,11,11.19,Track 11.19,,audio,CQACAgQAAxkBAAICM2qisxgcouY4XyVBErM1L_LO_VoUAAJvHwACmGnxUM30reG4J5N6PQQ,32,main
student_book,starter,11,11.20,Track 11.20,,audio,CQACAgQAAxkBAAICNGqisxhJeMcEZBCUZcc1S4w1gJCNAAJwHwACmGnxUBtvGKciZvCWPQQ,20,main
student_book,starter,11,11.21,Track 11.21,,audio,CQACAgQAAxkBAAICNWqisxgEXmq1JiRxTp1vXhw-AAF-IQACcR8AAphp8VDQ_xXhVSqwET0E,27,main
student_book,starter,11,11.22,Track 11.22,,audio,CQACAgQAAxkBAAICN2qisxg6g-7v7JcayDSsSadDeUMwAAJzHwACmGnxUCO0wvXK13GsPQQ,36,main
student_book,starter,11,11.23,Track 11.23,,audio,CQACAgQAAxkBAAICOWqisxi3RGAGPV6SBa28afyTXx7zAAJ1HwACmGnxUFb-y10HaPK-PQQ,85,main
student_book,starter,11,11.24,Track 11.24,,audio,CQACAgQAAxkBAAICO2qisxhJ0RHP36H4R29-WLyyGSIiAAJ3HwACmGnxUIb69sOIWJ21PQQ,43,main
student_book,starter,12,12.01,Track 12.01,,audio,CQACAgQAAxkBAAICT2qisxgqN8-DQpN9UlO-50gMuYefAAKLHwACmGnxUKFfVyqKa6d_PQQ,64,main
student_book,starter,12,12.02,Track 12.02,,audio,CQACAgQAAxkBAAICSWqisxhhyEgYns6Zin7IGPKiIpdAAAKFHwACmGnxUGikrBDODNewPQQ,131,main
student_book,starter,12,12.03,Track 12.03,,audio,CQACAgQAAxkBAAICQ2qisxiBAAH7ZReSWXKgxxre-n_QNQACfx8AAphp8VACVNasWNW-7D0E,135,main
student_book,starter,12,12.04,Track 12.04,,audio,CQACAgQAAxkBAAICSmqisxg3VIgBQ2m8XHKHdHDcQI-YAAKGHwACmGnxUD-ugItQcgHmPQQ,89,main
student_book,starter,12,12.05,Track 12.05,,audio,CQACAgQAAxkBAAICRGqisxh0_nd8b86k10XL3omkQP77AAKAHwACmGnxUJyQJKMFSYmnPQQ,35,main
student_book,starter,12,12.06,Track 12.06,,audio,CQACAgQAAxkBAAICS2qisxiIAAFD2SZutH6gWHRNrL4wfwAChx8AAphp8VCCWzbYysk3dT0E,75,main
student_book,starter,12,12.07,Track 12.07,,audio,CQACAgQAAxkBAAICRWqisxi26C3TLUsHMcVonD7eiCj3AAKBHwACmGnxUMzjncANuWGtPQQ,33,main
student_book,starter,12,12.08,Track 12.08,,audio,CQACAgQAAxkBAAICTGqisxja4-ch2PKKiaT7wcWccCZvAAKIHwACmGnxUEaSfG2rdchkPQQ,32,main
student_book,starter,12,12.09,Track 12.09,,audio,CQACAgQAAxkBAAICRmqisxheJpEg6qSzDuxiv1gV-OLKAAKCHwACmGnxUOWMw7pW-ymOPQQ,100,main
student_book,starter,12,12.10,Track 12.10,,audio,CQACAgQAAxkBAAICTWqisxiid3bPFrmxihi0OefFSUZFAAKJHwACmGnxUDoGKfKXbopRPQQ,100,main
student_book,starter,12,12.11,Track 12.11,,audio,CQACAgQAAxkBAAICR2qisxhEGfSrIoYGd_gUkYVtPkXBAAKDHwACmGnxUEHZLBZqghHkPQQ,68,main
student_book,starter,12,12.12,Track 12.12,,audio,CQACAgQAAxkBAAICTmqisxh2oGDr-96xsLH647eCEkzoAAKKHwACmGnxUCVh0LciHq0pPQQ,45,main
student_book,starter,12,12.13,Track 12.13,,audio,CQACAgQAAxkBAAICSGqisxgruKcXEOj7EncoZty6DcN7AAKEHwACmGnxUBF5FAaUxk9sPQQ,88,main
workbook,starter,1,1.1,Track 1.1,,audio,CQACAgQAAxkBAAICzmqis9t8RxIMYc6I3huNprc7A3TtAAKcHwACmGnxUG2rZ2nWzWeSPQQ,25,main
workbook,starter,1,1.2,Track 1.2,,audio,CQACAgQAAxkBAAIC4Gqis9t9SDAU7vA8U03gpDnyKGNsAAKuHwACmGnxUMhfvTIhw6h4PQQ,36,main
workbook,starter,1,1.3,Track 1.3,,audio,CQACAgQAAxkBAAICv2qis9sKzezvNRa-LgZzPi5FjMrWAAKNHwACmGnxUB3p-739LeIuPQQ,61,main
workbook,starter,1,1.4,Track 1.4,,audio,CQACAgQAAxkBAAIC0Wqis9uq5S3CHUPiy7JScUVNIbXeAAKfHwACmGnxUKi1yAoCWQEVPQQ,118,main
workbook,starter,1,1.5,Track 1.5,,audio,CQACAgQAAxkBAAIC42qis9sci8D6dRB_hwsZSL0qjMHJAAKxHwACmGnxUE7kW3eFpljBPQQ,33,main
workbook,starter,1,1.6,Track 1.6,,audio,CQACAgQAAxkBAAICwmqis9tqLtS04T8nYH_ySANGZkybAAKQHwACmGnxUHyu3HmtjzS_PQQ,35,main
workbook,starter,1,1.7,Track 1.7,,audio,CQACAgQAAxkBAAIC1Gqis9tLMTgHLqoUEfk6zYz2Fa13AAKiHwACmGnxUHGceMQsi8PlPQQ,44,main
workbook,starter,2,2.1,Track 2.1,,audio,CQACAgQAAxkBAAIC5mqis9tExJkJ3DvDan2HDc_JcvR-AAK0HwACmGnxUO9JlXDvkKG9PQQ,31,main
workbook,starter,2,2.2,Track 2.2,,audio,CQACAgQAAxkBAAICxWqis9sxc3z4gFrCpsuuoqOX6XnvAAKTHwACmGnxUJZdNZ6LzuYuPQQ,41,main
workbook,starter,2,2.3,Track 2.3,,audio,CQACAgQAAxkBAAIC12qis9vbiQ147YxfqgK237pXmScwAAKlHwACmGnxUAAB80_BwOlDoT0E,58,main
workbook,starter,2,2.4,Track 2.4,,audio,CQACAgQAAxkBAAIC6Wqis9vZ7X6hcEK_aR1yas89Hjj5AAK3HwACmGnxUFIny-onQ9h3PQQ,43,main
workbook,starter,3,3.1,Track 3.1,,audio,CQACAgQAAxkBAAICyGqis9ta-kxWR26ftJ7_xErikjGTAAKWHwACmGnxUEZDT6zZdpeSPQQ,36,main
workbook,starter,3,3.2,Track 3.2,,audio,CQACAgQAAxkBAAIC2mqis9shRTWAsPZRknBRlZf6VF7NAAKoHwACmGnxUDxWW1DPmkzjPQQ,32,main
workbook,starter,3,3.3,Track 3.3,,audio,CQACAgQAAxkBAAIC7Gqis9vaWAQ-NzXBg3iVjnQHTa2gAAK6HwACmGnxUFPiMPe6NwsUPQQ,44,main
workbook,starter,3,3.4,Track 3.4,,audio,CQACAgQAAxkBAAICy2qis9tuRkZQt7r0NEe5kdzn8tY2AAKZHwACmGnxUN1et1q2y7ZkPQQ,48,main
workbook,starter,3,3.5,Track 3.5,,audio,CQACAgQAAxkBAAIC3Wqis9s-xFQ-wckUo_strDc9tMLSAAKrHwACmGnxUCiL_u5Et6mbPQQ,32,main
workbook,starter,4,4.1,Track 4.1,,audio,CQACAgQAAxkBAAIC72qis9s_QJRYlVw0foQ1cpJNkROTAAK9HwACmGnxUHxM9RVDHueoPQQ,68,main
workbook,starter,4,4.2,Track 4.2,,audio,CQACAgQAAxkBAAICzWqis9v2DPebvLRr_k451YUfA7Y1AAKbHwACmGnxULLoMIlM5OxHPQQ,61,main
workbook,starter,4,4.3,Track 4.3,,audio,CQACAgQAAxkBAAIC32qis9tif6Hgh5TIuVpRdLeL-yG5AAKtHwACmGnxUHdHP09A2SMNPQQ,34,main
workbook,starter,5,5.1,Track 5.1,,audio,CQACAgQAAxkBAAICvmqis9v1mtAIxeQOzNkMhn3t_0hdAAKMHwACmGnxUCbuboLQsglEPQQ,29,main
workbook,starter,5,5.2,Track 5.2,,audio,CQACAgQAAxkBAAIC0Gqis9ui3BtcLnZ6QyZrB7Yw83pyAAKeHwACmGnxUPE41o5BfRhvPQQ,61,main
workbook,starter,5,5.3,Track 5.3,,audio,CQACAgQAAxkBAAIC4mqis9tSHK80mzAB6HtrlhbHhdo6AAKwHwACmGnxUMX5zDxTWfRsPQQ,30,main
workbook,starter,5,5.4,Track 5.4,,audio,CQACAgQAAxkBAAICwWqis9slbFCU_lcqWtrtjrHxuMgNAAKPHwACmGnxUOGbrfgSwihoPQQ,41,main
workbook,starter,5,5.5,Track 5.5,,audio,CQACAgQAAxkBAAIC02qis9ssau4bkohLB3slMdyZRZLqAAKhHwACmGnxUL20SIm0JTHVPQQ,42,main
workbook,starter,5,5.6,Track 5.6,,audio,CQACAgQAAxkBAAIC5Wqis9sotfISOzBUqCEw1wACUvPgAAKzHwACmGnxUMVrNMuc9c99PQQ,58,main
workbook,starter,5,5.7,Track 5.7,,audio,CQACAgQAAxkBAAICxGqis9txWGHjRjtVSlbyb4L24o1TAAKSHwACmGnxUO0sHNI_oTQAAT0E,45,main
workbook,starter,6,6.1,Track 6.1,,audio,CQACAgQAAxkBAAIC1mqis9sFThUoO8GYMtg6Evuwn_JyAAKkHwACmGnxULIpFsSjb5-0PQQ,61,main
workbook,starter,6,6.2,Track 6.2,,audio,CQACAgQAAxkBAAIC6Gqis9sWSqLb4U0MIbpXT6gC242eAAK2HwACmGnxUOcQnj1lKwm-PQQ,28,main
workbook,starter,6,6.3,Track 6.3,,audio,CQACAgQAAxkBAAICx2qis9sbSqzJyw8sxJQ2o_azjeC2AAKVHwACmGnxUCtFBX7Bi7rYPQQ,53,main
workbook,starter,6,6.4,Track 6.4,,audio,CQACAgQAAxkBAAIC2Wqis9tU3W6Z_frsOJs8U6Smb2yPAAKnHwACmGnxUHRJNJWkF_8YPQQ,55,main
workbook,starter,6,6.5,Track 6.5,,audio,CQACAgQAAxkBAAIC62qis9uUzcTySryTJ-JI3Vft7MjHAAK5HwACmGnxUF2My-TCI21kPQQ,60,main
workbook,starter,7,7.1,Track 7.1,,audio,CQACAgQAAxkBAAICymqis9t3beO6dFzOon43-VXn1CX7AAKYHwACmGnxUK2PQz11HafQPQQ,73,main
workbook,starter,7,7.2,Track 7.2,,audio,CQACAgQAAxkBAAIC3Gqis9vuB7QXwkRoroHtw9cBjEewAAKqHwACmGnxUMfTFq3_nBAoPQQ,58,main
workbook,starter,7,7.3,Track 7.3,,audio,CQACAgQAAxkBAAIC7mqis9sYdFkIYxY__RJ79kNDkLpAAAK8HwACmGnxUDXcLGKUUy74PQQ,42,main
workbook,starter,8,8.1,Track 8.1,,audio,CQACAgQAAxkBAAICzGqis9tsoyAOMTNjva1By_2iCveyAAKaHwACmGnxUDO1RKz6U39hPQQ,46,main
workbook,starter,8,8.2,Track 8.2,,audio,CQACAgQAAxkBAAIC3mqis9tIcUs7Pbcv0ObgVKblgoLDAAKsHwACmGnxULTRer0cHY3nPQQ,27,main
workbook,starter,8,8.3,Track 8.3,,audio,CQACAgQAAxkBAAIC8Gqis9vTrixZAAGHFzlXppjLRDXGYgACvh8AAphp8VCRi9FPkvJ5zD0E,32,main
workbook,starter,8,8.4,Track 8.4,,audio,CQACAgQAAxkBAAICz2qis9ssM6B-WcIV2Izkhm_tdd2XAAKdHwACmGnxUCY6n3N7jkeZPQQ,40,main
workbook,starter,9,9.1,Track 9.1,,audio,CQACAgQAAxkBAAIC4Wqis9vpZZHxHpeKEVzqHoayO4zfAAKvHwACmGnxUFEzTWDSC1U3PQQ,50,main
workbook,starter,9,9.2,Track 9.2,,audio,CQACAgQAAxkBAAICwGqis9uuRjr7QNRqwEfGIjfTT8ctAAKOHwACmGnxUOdwGmqLQI-bPQQ,19,main
workbook,starter,9,9.3,Track 9.3,,audio,CQACAgQAAxkBAAIC0mqis9uxUuXKsHoQ1Ugii5fhPpykAAKgHwACmGnxUDkMr-D5i5McPQQ,32,main
workbook,starter,9,9.4,Track 9.4,,audio,CQACAgQAAxkBAAIC5Gqis9tnH0DsxSHw9F5Km2fQpRn2AAKyHwACmGnxUN2o17gCI_PjPQQ,45,main
workbook,starter,9,9.5,Track 9.5,,audio,CQACAgQAAxkBAAICw2qis9sosy7xEXPZTrNvgMHXB21uAAKRHwACmGnxUANJP6cyNOosPQQ,54,main
workbook,starter,10,10.1,Track 10.1,,audio,CQACAgQAAxkBAAIC1Wqis9sCAAFIiViunsP1j62uaw0_dwACox8AAphp8VDgqPFGcmr7wT0E,60,main
workbook,starter,10,10.2,Track 10.2,,audio,CQACAgQAAxkBAAIC52qis9s3oyQdnd3mSPkWRXm-aBMTAAK1HwACmGnxUIoLCZKwFjysPQQ,45,main
workbook,starter,11,11.1,Track 11.1,,audio,CQACAgQAAxkBAAICxmqis9uoktlMvw86pfZ6N7a_cyx2AAKUHwACmGnxUFqklnVI0UeXPQQ,40,main
workbook,starter,11,11.2,Track 11.2,,audio,CQACAgQAAxkBAAIC2Gqis9vXvxex8BYhhu68034IbC0MAAKmHwACmGnxUE6ODxmftlEGPQQ,49,main
workbook,starter,11,11.3,Track 11.3,,audio,CQACAgQAAxkBAAIC6mqis9u-ku82KmDt-xgIFAhsL1KXAAK4HwACmGnxUFbYJ9V-PQw0PQQ,41,main
workbook,starter,12,12.1,Track 12.1,,audio,CQACAgQAAxkBAAICyWqis9v_V-KwAjW59jGV4meGYPZsAAKXHwACmGnxUFM-afu1QsOTPQQ,36,main
workbook,starter,12,12.2,Track 12.2,,audio,CQACAgQAAxkBAAIC22qis9tkyDXiY1-ToX80k4x0f1OyAAKpHwACmGnxUFK0mrhhdpmjPQQ,68,main
workbook,starter,12,12.3,Track 12.3,,audio,CQACAgQAAxkBAAIC7Wqis9unkDerb_TZRZfA7sqRnCdRAAK7HwACmGnxUAL8grVmMKo0PQQ,48,main
student_book,level_1,1,1.02,Track 1.02,,audio,CQACAgQAAxkBAAIC_2qitAscSwXIZEfoHiei1pES4qQ1AALMHwACmGnxUGmEP54IfXzRPQQ,104,main
student_book,level_1,1,1.03,Track 1.03,,audio,CQACAgQAAxkBAAIDpWqitBJ_aHD9b2aOaheBy4M1TWG9AAKBIAACmGnxUCIRYkmaJqkwPQQ,104,main
student_book,level_1,1,1.04,Track 1.04,,audio,CQACAgQAAxkBAAIDFmqitAvyvGUAAeqdA3zaGjofLUg31AAC5B8AAphp8VDjCu1tDy8npz0E,43,main
student_book,level_1,1,1.05,Track 1.05,,audio,CQACAgQAAxkBAAIDvGqitBLRInXgzw3HTxmHSK6Sn44NAAKdIAACmGnxUHFvF0JLeaf5PQQ,48,main
student_book,level_1,1,1.06,Track 1.06,,audio,CQACAgQAAxkBAAIDLWqitAv3hWgjFSKHK8FhJ4NpPJAAA_8fAAKYafFQdJ4CKEa0_PQ9BA,33,main
student_book,level_1,1,1.07,Track 1.07,,audio,CQACAgQAAxkBAAID5mqitCtNCOk6-TIaLQTYH-jklWzTAAK1IAACmGnxUFSL1ahgBtEGPQQ,56,main
student_book,level_1,1,1.08,Track 1.08,,audio,CQACAgQAAxkBAAIDRGqitAvUJPI95DdTbsgBcDSDibMVAAIcIAACmGnxUAKUZ-T_kT2uPQQ,32,main
student_book,level_1,1,1.09,Track 1.09,,audio,CQACAgQAAxkBAAID_WqitCumOIBjjP-sgAe-gmlAFEHSAALMIAACmGnxUEWn-9yl8yptPQQ,42,main
student_book,level_1,1,1.10,Track 1.10,,audio,CQACAgQAAxkBAAIDXGqitBK5ecSKyq1MZd-E0FgySBczAAI1IAACmGnxUJOxZ4dXcrMFPQQ,9,main
student_book,level_1,1,1.11,Track 1.11,,audio,CQACAgQAAxkBAAIEFGqitCvXsEFjtCTrSmYb5FgiUsWZAALjIAACmGnxUBxtnA5mxCQAAT0E,32,main
student_book,level_1,1,1.12,Track 1.12,,audio,CQACAgQAAxkBAAIDc2qitBIS3n8qAkKgZgmZ_Rz3CB7gAAJOIAACmGnxUFhDimRAgGSiPQQ,25,main
student_book,level_1,1,1.13,Track 1.13,,audio,CQACAgQAAxkBAAIDv2qitCvUX2Yp874Xa-hXByW5yjT4AAL6IAACmGnxULWRq7ExS8vePQQ,57,main
student_book,level_1,1,1.14,Track 1.14,,audio,CQACAgQAAxkBAAIDimqitBIEJhECFZGE5T5-TjXFc7k2AAJlIAACmGnxUMP_3glXQ4-hPQQ,56,main
student_book,level_1,1,1.15,Track 1.15,,audio,CQACAgQAAxkBAAIC-mqitAufZAKZbMlexMCnyOcwChrXAALHHwACmGnxULv0-ps4qepiPQQ,78,main
student_book,level_1,1,1.16,Track 1.16,,audio,CQACAgQAAxkBAAIDoGqitBJaemp7nLoWYTdR-3FodXKhAAJ8IAACmGnxUOs-nWcmzRCwPQQ,47,main
student_book,level_1,1,1.17,Track 1.17,,audio,CQACAgQAAxkBAAIDEWqitAusCyGAUKmm9SkghsA6xlZkAALfHwACmGnxUC_EoB2Vs_VPPQQ,81,main
student_book,level_1,1,1.18,Track 1.18,,audio,CQACAgQAAxkBAAIDt2qitBLFyUQW-PQfw_puMogwhTGqAAKYIAACmGnxUHDS2pxs_rGmPQQ,48,main
student_book,level_1,1,1.19,Track 1.19,,audio,CQACAgQAAxkBAAIDKGqitAt4lJUN-BnOmStCL4oFwlGeAAL6HwACmGnxUOJs-JVyJT8wPQQ,137,main
student_book,level_1,1,1.20,Track 1.20,,audio,CQACAgQAAxkBAAID4WqitCscQ5mXe4-uMlfpx0OcsweTAAKwIAACmGnxUEhNEmNp98mkPQQ,13,main
student_book,level_1,1,1.21,Track 1.21,,audio,CQACAgQAAxkBAAIDP2qitAv1W8M3xyo6CyZ7hLytmRKpAAIUIAACmGnxUL-_6OwuGJPZPQQ,26,main
student_book,level_1,1,1.22,Track 1.22,,audio,CQACAgQAAxkBAAID-GqitCuwMDl-jCbXHfTl2BSi77JoAALHIAACmGnxUIeP7SSSO215PQQ,67,main
student_book,level_1,1,1.23,Track 1.23,,audio,CQACAgQAAxkBAAIDVmqitAu_vyrR-RQJw-cDrjWme6NlAAIvIAACmGnxUF92pLjSA4ogPQQ,60,main
student_book,level_1,1,1.24,Track 1.24,,audio,CQACAgQAAxkBAAIED2qitCuw315vUAraYxSZg_1z2imPAALeIAACmGnxUJqRz9JnJghWPQQ,30,main
student_book,level_1,1,1.25,Track 1.25,,audio,CQACAgQAAxkBAAIDbmqitBKyDdBAgJoRQvtIbHzP-g4sAAJJIAACmGnxUBOTaeu0qYnXPQQ,79,main
student_book,level_1,1,1.26,Track 1.26,,audio,CQACAgQAAxkBAAIEJmqitCsyXz6pY6z3rNGgQbuLcpPPAAL1IAACmGnxUGpytY8WS04BPQQ,70,main
student_book,level_1,1,1.27,Track 1.27,,audio,CQACAgQAAxkBAAIDhWqitBKXnMII6n_mL9VCSz9Yn-N8AAJgIAACmGnxUBFy0n8cU6hPPQQ,52,main
student_book,level_1,1,1.28,Track 1.28,,audio,CQACAgQAAxkBAAIC9WqitAvpnibDzMlnCzOvciy_BnwEAALCHwACmGnxUHzwT5q9Qn_7PQQ,24,main
student_book,level_1,1,1.29,Track 1.29,,audio,CQACAgQAAxkBAAIDm2qitBLVTRYrrZXqYoZFfjAvjhnCAAJ3IAACmGnxUGh7nHHUWB8jPQQ,52,main
student_book,level_1,1,1.30,Track 1.30,,audio,CQACAgQAAxkBAAIDDGqitAt1X4EgEsPDY3JJvxmQbxjhAALaHwACmGnxUDtS5WqKp5h0PQQ,98,main
student_book,level_1,1,1.31,Track 1.31,,audio,CQACAgQAAxkBAAIDsmqitBLBS1L457NrqxWnoG2gY-7iAAKOIAACmGnxUFyin5-n-NVHPQQ,48,main
student_book,level_1,1,1.32,Track 1.32,,audio,CQACAgQAAxkBAAIDI2qitAsGK5tPzrPyGJkCIoyR4bdDAALzHwACmGnxUMZ0JYiwr0D-PQQ,27,main
student_book,level_1,1,1.33,Track 1.33,,audio,CQACAgQAAxkBAAID3GqitCtkITG6XDuudBeDkJM1Yv6qAAKrIAACmGnxUEZMjxezdwt6PQQ,77,main
student_book,level_1,1,1.34,Track 1.34,,audio,CQACAgQAAxkBAAIDOmqitAv9rfaVQIbXqz8cMFQNImGXAAIPIAACmGnxUBLaBtfrk-kgPQQ,55,main
student_book,level_1,1,1.35,Track 1.35,,audio,CQACAgQAAxkBAAID82qitCt-zbO2e63QIdyVnDFSB1MLAALCIAACmGnxUHo0fuFwPXYYPQQ,55,main
student_book,level_1,1,1.36,Track 1.36,,audio,CQACAgQAAxkBAAIDUWqitAt5tnZ6x3mSMh8HbEL_Y-HdAAIqIAACmGnxUJZLT8sPRJgKPQQ,30,main
student_book,level_1,1,1.37,Track 1.37,,audio,CQACAgQAAxkBAAIECmqitCu5QxI4BBSpzXB5zzo4ztP4AALZIAACmGnxUF1rDlSRMGvwPQQ,52,main
student_book,level_1,1,1.38,Track 1.38,,audio,CQACAgQAAxkBAAIDaWqitBKSUBL5VY1RLqQkes4ZQwITAAJEIAACmGnxUK67BDS1Z3RTPQQ,71,main
student_book,level_1,1,1.39,Track 1.39,,audio,CQACAgQAAxkBAAIEIWqitCvRrJL1Y1NUPBm0ZN4-suseAALwIAACmGnxUNuP7UoTQJQmPQQ,52,main
student_book,level_1,1,1.40,Track 1.40,,audio,CQACAgQAAxkBAAIDgGqitBIam0Hwv8FsDwABQF6gMzc_fAACWyAAAphp8VBeQOgKNRyq1z0E,50,main
student_book,level_1,1,1.41,Track 1.41,,audio,CQACAgQAAxkBAAIDzGqitCsiildr2cO5j34Rr9uGOt7WAAIHIQACmGnxUL15aflgsieEPQQ,172,main
student_book,level_1,1,1.42,Track 1.42,,audio,CQACAgQAAxkBAAIDlmqitBL0jA0fSJjQvYnkXwNl2IzaAAJyIAACmGnxUFMq_vJUxyrKPQQ,53,main
student_book,level_1,1,1.43,Track 1.43,,audio,CQACAgQAAxkBAAIDB2qitAspJCl1HH0hmc1jSIVo7RI6AALVHwACmGnxUKFkR3ksunoIPQQ,38,main
student_book,level_1,1,1.44,Track 1.44,,audio,CQACAgQAAxkBAAIDrWqitBIMWpTpcNaGyMCeIfEQgt0BAAKJIAACmGnxULU3UI0vaTfgPQQ,50,main
student_book,level_1,1,1.45,Track 1.45,,audio,CQACAgQAAxkBAAIDHmqitAu0V1WRL7GepO34PxZrwBUiAALsHwACmGnxUHa_zwAB_E5otD0E,24,main
student_book,level_1,1,1.46,Track 1.46,,audio,CQACAgQAAxkBAAID12qitCt-Hj8OgTVqRBMM842sGqzkAAKlIAACmGnxUDvFv5jEWwS5PQQ,30,main
student_book,level_1,1,1.47,Track 1.47,,audio,CQACAgQAAxkBAAIDNWqitAtuOGT0P3Uo5W3QCDjli51yAAIJIAACmGnxUCAGgs2xzm8YPQQ,63,main
student_book,level_1,1,1.48,Track 1.48,,audio,CQACAgQAAxkBAAID7mqitCu436WXuHyUH5lqqV_b8qEoAAK9IAACmGnxUMR7B06vRTvFPQQ,58,main
student_book,level_1,1,1.49,Track 1.49,,audio,CQACAgQAAxkBAAIDTGqitAtscW_rJucbs1_gLM57rUmJAAIkIAACmGnxUDt7IhD8Cr8NPQQ,89,main
student_book,level_1,1,1.50,Track 1.50,,audio,CQACAgQAAxkBAAIEBWqitCsp_w9a2uyM8hxiYdABHV59AALUIAACmGnxUMquKkqW3nhLPQQ,22,main
student_book,level_1,1,1.51,Track 1.51,,audio,CQACAgQAAxkBAAIDZGqitBKOWwvWwhU1rleWZZpxmZjvAAI-IAACmGnxUJxl-vgT9lq0PQQ,77,main
student_book,level_1,1,1.52,Track 1.52,,audio,CQACAgQAAxkBAAIEHGqitCvxFE6WkSPwg80ImQSCFNiUAALrIAACmGnxUK_guscWrASsPQQ,18,main
student_book,level_1,1,1.53,Track 1.53,,audio,CQACAgQAAxkBAAIDe2qitBJ2-7R315i7A55-LuuChQzZAAJWIAACmGnxUIUehv-th2u3PQQ,34,main
student_book,level_1,2,2.01,Track 2.01,,audio,CQACAgQAAxkBAAIDx2qitCtvwQe2E2B3tl9Fvdmys7LfAAICIQACmGnxUN4ETVgRnf-SPQQ,157,main
student_book,level_1,2,2.02,Track 2.02,,audio,CQACAgQAAxkBAAIDkWqitBL0Az_k_eh4QUWA6oUbf7ueAAJsIAACmGnxUB-nFYriY-nXPQQ,28,main
student_book,level_1,2,2.03,Track 2.03,,audio,CQACAgQAAxkBAAIDAmqitAuxLN-tw5SZhC1VH0_0yZnGAALPHwACmGnxUMgXDbuyJ0RoPQQ,25,main
student_book,level_1,2,2.04,Track 2.04,,audio,CQACAgQAAxkBAAIDqGqitBJbv7dyTWfJ08k4zja6U20uAAKEIAACmGnxUCpcxefBL86FPQQ,41,main
student_book,level_1,2,2.05,Track 2.05,,audio,CQACAgQAAxkBAAIDGWqitAtK1_TqbTWijxOEX2Bi6MVvAALnHwACmGnxUGcLXdWEJtOkPQQ,54,main
student_book,level_1,2,2.06,Track 2.06,,audio,CQACAgQAAxkBAAID0mqitCvCT_v6SySeiA-DTwWrr2zsAAKgIAACmGnxUHAFaG2yhV5HPQQ,30,main
student_book,level_1,2,2.07,Track 2.07,,audio,CQACAgQAAxkBAAIDMGqitAu8ene3tgaecfIvh0ZBEtU3AAICIAACmGnxUB0LwlgTeiaJPQQ,126,main
student_book,level_1,2,2.08,Track 2.08,,audio,CQACAgQAAxkBAAID6WqitCsTqomZtSv2M6gJN3rwA8d-AAK4IAACmGnxUBxsLOzYF1Q5PQQ,38,main
student_book,level_1,2,2.09,Track 2.09,,audio,CQACAgQAAxkBAAIDR2qitAvoRMT6oPYnC86jNO4O4KpuAAIfIAACmGnxUNVmg1QJ91tEPQQ,30,main
student_book,level_1,2,2.10,Track 2.10,,audio,CQACAgQAAxkBAAIEAAFqorQrF-lX-F7ZLolbzeQEQYiv5gACzyAAAphp8VB03RNMSaU_kD0E,41,main
student_book,level_1,2,2.11,Track 2.11,,audio,CQACAgQAAxkBAAIDX2qitBIBhkmRBpWag53t0j3pBsEXAAI4IAACmGnxUP7R75cVt79_PQQ,34,main
student_book,level_1,2,2.12,Track 2.12,,audio,CQACAgQAAxkBAAIEF2qitCutzGkoUYJsPCmaeymMnHtYAALmIAACmGnxUFaPcQkKQZ4uPQQ,98,main
student_book,level_1,2,2.13,Track 2.13,,audio,CQACAgQAAxkBAAIDdmqitBJnv2TLoczvD6FSpehA_rctAAJRIAACmGnxUKAVz3yGadxQPQQ,64,main
student_book,level_1,2,2.14,Track 2.14,,audio,CQACAgQAAxkBAAIDwmqitCu8bVXq-XPK0DAJXIxWfj59AAL9IAACmGnxUDOHUki40MWePQQ,113,main
student_book,level_1,2,2.15,Track 2.15,,audio,CQACAgQAAxkBAAIDjWqitBIo1yBM_7Kj97d9kx0lVEkWAAJoIAACmGnxUPe2AhF5zxAjPQQ,89,main
student_book,level_1,2,2.16,Track 2.16,,audio,CQACAgQAAxkBAAIC_WqitAsRN5hQAtAj7Vp4J7D78tRNAALKHwACmGnxUB1iyYqf-xOUPQQ,24,main
student_book,level_1,2,2.17,Track 2.17,,audio,CQACAgQAAxkBAAIDo2qitBLZUK_4bWHJ4njivZRWBU6WAAJ_IAACmGnxUNoQOBhsE3ZaPQQ,31,main
student_book,level_1,2,2.18,Track 2.18,,audio,CQACAgQAAxkBAAIDFGqitAvE6KnQnKXfsytEPY4EjGz7AALiHwACmGnxUNJ8ZdMDL7EvPQQ,61,main
student_book,level_1,3,3.01,Track 3.01,,audio,CQACAgQAAxkBAAIDumqitBJNsju-tJyMx-AfaL0RZ51PAAKbIAACmGnxUGuGGizi986_PQQ,68,main
student_book,level_1,3,3.02,Track 3.02,,audio,CQACAgQAAxkBAAIDK2qitAsmPpyhun5nJHum4IQs_N78AAL9HwACmGnxUPto6OkKFQ1GPQQ,130,main
student_book,level_1,3,3.03,Track 3.03,,audio,CQACAgQAAxkBAAID5GqitCutBxvFauQvJMhQ_sz_iMFDAAKzIAACmGnxULonBa3GMTxHPQQ,68,main
student_book,level_1,3,3.04,Track 3.04,,audio,CQACAgQAAxkBAAIDQmqitAvBlzncdSn3Y3iX08kW56w-AAIaIAACmGnxUOMu7HuJByhIPQQ,100,main
student_book,level_1,3,3.05,Track 3.05,,audio,CQACAgQAAxkBAAID-2qitCsjicB3BDPY46-jPV7-IVx_AALKIAACmGnxUC8QcfTHV-AwPQQ,28,main
student_book,level_1,3,3.06,Track 3.06,,audio,CQACAgQAAxkBAAIDWmqitBIsF3E2bgXhQUZjX1_bM53mAAIzIAACmGnxUJ_nH5QvnjBKPQQ,37,main
student_book,level_1,3,3.07,Track 3.07,,audio,CQACAgQAAxkBAAIEEmqitCtWXUi6k7ijf3aFyPD8InwiAALhIAACmGnxUBSR5WKEHb4DPQQ,99,main
student_book,level_1,3,3.08,Track 3.08,,audio,CQACAgQAAxkBAAIDcWqitBLj4wABvi8XkPu1noLPg2rGnAACTCAAAphp8VA5EPsydQgYzz0E,81,main
student_book,level_1,3,3.09,Track 3.09,,audio,CQACAgQAAxkBAAIEKWqitCv60nfR4V93DwL7R2q-WgPTAAL4IAACmGnxUJMNhAtnZJ-9PQQ,14,main
student_book,level_1,3,3.10,Track 3.10,,audio,CQACAgQAAxkBAAIDiGqitBLuiAABa5sCMO3FKE811k9hkwACYyAAAphp8VCKDeHMT6PmqD0E,154,main
student_book,level_1,3,3.11,Track 3.11,,audio,CQACAgQAAxkBAAIC-GqitAuvfALlZhknxXdfDEUbFlhyAALFHwACmGnxUODA7GQK-0Z1PQQ,42,main
student_book,level_1,3,3.12,Track 3.12,,audio,CQACAgQAAxkBAAIDnmqitBLcmBlFhJW13qYBqt9kb3R9AAJ6IAACmGnxUFUMKwSu9BXKPQQ,15,main
student_book,level_1,3,3.13,Track 3.13,,audio,CQACAgQAAxkBAAIDD2qitAsjUOqWU9_fOkJMaOEAAc9KPgAC3R8AAphp8VBHLbscn5B4Xz0E,33,main
student_book,level_1,3,3.14,Track 3.14,,audio,CQACAgQAAxkBAAIDtWqitBKls2CRJYNYmcLteeurM-ymAAKRIAACmGnxUHUm3coJFCbIPQQ,108,main
student_book,level_1,3,3.15,Track 3.15,,audio,CQACAgQAAxkBAAIDJmqitAtALDBpsV8kxt98cxvCLrI8AAL2HwACmGnxUCtGEzsKdORqPQQ,52,main
student_book,level_1,3,3.16,Track 3.16,,audio,CQACAgQAAxkBAAID32qitCu_HsjnZQqZGdZo_XY-4DorAAKuIAACmGnxUJIfu6jgLPp7PQQ,55,main
student_book,level_1,3,3.17,Track 3.17,,audio,CQACAgQAAxkBAAIDPWqitAsJ7u-aes2ovumApGdmoV3IAAISIAACmGnxUB8BO8XIrF_lPQQ,57,main
student_book,level_1,3,3.18,Track 3.18,,audio,CQACAgQAAxkBAAID9mqitCvz2ASyx5VFTs6WhOJoixuWAALFIAACmGnxUBtTOZaX-E_jPQQ,83,main
student_book,level_1,3,3.19,Track 3.19,,audio,CQACAgQAAxkBAAIDVGqitAv_Z1sPKLU5OQ5_MVnpUbmtAAItIAACmGnxUDla4G-6j_vcPQQ,26,main
student_book,level_1,3,3.20,Track 3.20,,audio,CQACAgQAAxkBAAIEDWqitCuOTwWt62Vs9cUX6cyhN10QAALcIAACmGnxUL5lo762CmcoPQQ,87,main
student_book,level_1,3,3.21,Track 3.21,,audio,CQACAgQAAxkBAAIDbGqitBLgIyZg3hkTa8YvHKTMlM4mAAJHIAACmGnxUFnWqyHHa3NRPQQ,25,main
student_book,level_1,3,3.22,Track 3.22,,audio,CQACAgQAAxkBAAIEJGqitCthen4K634fZsZISWxY1JDUAALzIAACmGnxUKwjSc-znm8VPQQ,29,main
student_book,level_1,3,3.23,Track 3.23,,audio,CQACAgQAAxkBAAIDg2qitBIl8qzf-kGZU5Ejx5nkZ54vAAJeIAACmGnxULXRvpTlhzl7PQQ,29,main
student_book,level_1,3,3.24,Track 3.24,,audio,CQACAgQAAxkBAAIDz2qitCsuf910JbifSOwydDoU7OEWAAIKIQACmGnxUMeFHHBbGyl-PQQ,63,main
student_book,level_1,3,3.25,Track 3.25,,audio,CQACAgQAAxkBAAIDmWqitBIrq97cSz73qnYZS5_LT3DSAAJ1IAACmGnxUDx_L9zkGtBQPQQ,20,main
student_book,level_1,3,3.26,Track 3.26,,audio,CQACAgQAAxkBAAIDCmqitAtJ6pzFLgIItRZWMx_mwpPaAALYHwACmGnxUAhfZbYSaDWNPQQ,79,main
student_book,level_1,3,3.27,Track 3.27,,audio,CQACAgQAAxkBAAIDsGqitBKdRAGXoJ9AyRK7qEM1wLE1AAKMIAACmGnxUKCdqtlSj2F7PQQ,65,main
student_book,level_1,3,3.28,Track 3.28,,audio,CQACAgQAAxkBAAIDIWqitAuxDzvgzpG-5yZqeO6gt57uAALxHwACmGnxUK_3u34bTts7PQQ,46,main
student_book,level_1,3,3.29,Track 3.29,,audio,CQACAgQAAxkBAAID2mqitCu0ckO8W08aVQGdfFqCaOahAAKpIAACmGnxUFuI4CSm_-_jPQQ,76,main
student_book,level_1,3,3.30,Track 3.30,,audio,CQACAgQAAxkBAAIDOGqitAuqJHZ8-xGgatUqdtBKFkReAAINIAACmGnxUDi4D8bXXG0LPQQ,83,main
student_book,level_1,3,3.31,Track 3.31,,audio,CQACAgQAAxkBAAID8WqitCsDxLcOVj3fHIeXBZ3jt9RaAALAIAACmGnxUGUOmbzpbjKkPQQ,27,main
student_book,level_1,4,4.01,Track 4.01,,audio,CQACAgQAAxkBAAIDT2qitAvvqIBc-rd3Su3J74LxJm1CAAInIAACmGnxUAiHRaamwC_cPQQ,34,main
student_book,level_1,4,4.02,Track 4.02,,audio,CQACAgQAAxkBAAIECGqitCs8lrcbB2HsE6qC_r4aR3QfAALXIAACmGnxUAk4PHZqIQMFPQQ,32,main
student_book,level_1,4,4.03,Track 4.03,,audio,CQACAgQAAxkBAAIDZ2qitBKnofFY2oEPxIJL9B0yDJ9WAAJBIAACmGnxUFW7h_PVQF8aPQQ,137,main
student_book,level_1,4,4.04,Track 4.04,,audio,CQACAgQAAxkBAAIEH2qitCvL95mzM7mL1UG4p_-m6i0NAALuIAACmGnxUHRdTYySakQQPQQ,16,main
student_book,level_1,4,4.05,Track 4.05,,audio,CQACAgQAAxkBAAIDfmqitBKcXLgi4GBe5UCpaz5zwYEYAAJZIAACmGnxUIGLzDUOTfDcPQQ,41,main
student_book,level_1,4,4.06,Track 4.06,,audio,CQACAgQAAxkBAAIDymqitCsCffbwK-GQsJggoX9TTX9EAAIFIQACmGnxULZ8N40sOwV-PQQ,78,main
student_book,level_1,4,4.07,Track 4.07,,audio,CQACAgQAAxkBAAIDlGqitBI52dlkG6tkyBGADnHzqqFFAAJvIAACmGnxUHgQcqXnrQUFPQQ,126,main
student_book,level_1,4,4.08,Track 4.08,,audio,CQACAgQAAxkBAAIDBWqitAsgCblHSKSMbttB1w6j0slfAALTHwACmGnxUBjpf0mvtnYrPQQ,163,main
student_book,level_1,4,4.09,Track 4.09,,audio,CQACAgQAAxkBAAIDq2qitBJ4Wmc8GMrP7dYo0xdLHcFdAAKHIAACmGnxUDbwoVR2mYmqPQQ,36,main
student_book,level_1,4,4.10,Track 4.10,,audio,CQACAgQAAxkBAAIDHGqitAuUGJVkvQvA7e6lBR1XgmIMAALqHwACmGnxUN5sO1MxGf5ePQQ,32,main
student_book,level_1,4,4.11,Track 4.11,,audio,CQACAgQAAxkBAAID1WqitCtYr3g90cksJ_YNZub7nBw7AAKjIAACmGnxUC7isfHVpgfMPQQ,137,main
student_book,level_1,4,4.12,Track 4.12,,audio,CQACAgQAAxkBAAIDM2qitAtfj2_PiWBNo8ZHPhwdFsSTAAIHIAACmGnxUDIME_u7pMY0PQQ,33,main
student_book,level_1,4,4.13,Track 4.13,,audio,CQACAgQAAxkBAAID7GqitCsZ3WGngyEZYrgbQezp3BuqAAK7IAACmGnxUC2RvYyxe-yAPQQ,43,main
student_book,level_1,4,4.14,Track 4.14,,audio,CQACAgQAAxkBAAIDSmqitAvyCv7RxE1SRGsnIVAoMorjAAIiIAACmGnxUNUHUYx2KRd7PQQ,17,main
student_book,level_1,4,4.15,Track 4.15,,audio,CQACAgQAAxkBAAIEA2qitCvJtHI1-wHaEM15CLrYwAxlAALSIAACmGnxUNqAex0IR-7qPQQ,68,main
student_book,level_1,4,4.16,Track 4.16,,audio,CQACAgQAAxkBAAIDYmqitBICkj9mLHH4iPDbZXB5k1GUAAI7IAACmGnxUOa9bSLudwWdPQQ,27,main
student_book,level_1,4,4.17,Track 4.17,,audio,CQACAgQAAxkBAAIEGmqitCtuHTbsqaXm0RvO6oCQ_5NCAALpIAACmGnxUM6uQ8V9EaDTPQQ,47,main
student_book,level_1,4,4.18,Track 4.18,,audio,CQACAgQAAxkBAAIDeWqitBLrKcxaCm_hY1ZWg1rHE_YZAAJUIAACmGnxUAQk3Q_LI2klPQQ,61,main
student_book,level_1,4,4.19,Track 4.19,,audio,CQACAgQAAxkBAAIDxWqitCue3oPfu6Kx3p6CkIfQ2sDdAAMhAAKYafFQ2RjWMWGIBKY9BA,27,main
student_book,level_1,4,4.20,Track 4.20,,audio,CQACAgQAAxkBAAIDkGqitBLq3Bshg3cloXLjZ6hEiPQxAAJrIAACmGnxUBzLkiVM7ASCPQQ,45,main
student_book,level_1,4,4.21,Track 4.21,,audio,CQACAgQAAxkBAAIDAWqitAvQEOeKzRxvgQpImWln1XUGAALOHwACmGnxUJgjlyOyizf2PQQ,19,main
student_book,level_1,4,4.22,Track 4.22,,audio,CQACAgQAAxkBAAIDp2qitBLPEnJNiwABaSd0NVTbNrMHYAACgyAAAphp8VCLOWb9fdGfwD0E,28,main
student_book,level_1,4,4.23,Track 4.23,,audio,CQACAgQAAxkBAAIDGGqitAuZMDL8XzCceJgzo0XMPOnHAALmHwACmGnxUPOgijUI73_zPQQ,82,main
student_book,level_1,5,5.01,Track 5.01,,audio,CQACAgQAAxkBAAID0WqitCu7oKHIF3h4uoGkK4vV-Mp8AAKfIAACmGnxUJpoMiWWj8cjPQQ,142,main
student_book,level_1,5,5.02,Track 5.02,,audio,CQACAgQAAxkBAAIDL2qitAtLFzq2ZvNE-IdIcdnQJrZFAAIBIAACmGnxUG8r4nWjOqGEPQQ,141,main
student_book,level_1,5,5.03,Track 5.03,,audio,CQACAgQAAxkBAAID6GqitCuvTBbv5Xe-dohA2XjHgetTAAK3IAACmGnxUMTVMSECgJB-PQQ,167,main
student_book,level_1,5,5.04,Track 5.04,,audio,CQACAgQAAxkBAAIDRmqitAtiz5RG8VzaSM4zrzlSqW-4AAIeIAACmGnxUDM2CCWl05UKPQQ,52,main
student_book,level_1,5,5.05,Track 5.05,,audio,CQACAgQAAxkBAAID_2qitCu9iXvTnnk3tLrW2fI-tV9EAALOIAACmGnxUPoCqPIF8qxdPQQ,31,main
student_book,level_1,5,5.06,Track 5.06,,audio,CQACAgQAAxkBAAIDXmqitBLyl0OKQuAbICltW0U-NrMFAAI3IAACmGnxUFPF8DgpP0XNPQQ,30,main
student_book,level_1,5,5.07,Track 5.07,,audio,CQACAgQAAxkBAAIEFmqitCvGqK7ro_KjfAr6ljPtqyu8AALlIAACmGnxUIBaDSvIETZpPQQ,50,main
student_book,level_1,5,5.08,Track 5.08,,audio,CQACAgQAAxkBAAIDdWqitBKEtuGQ2Zh2wP8rxqcNo2RfAAJQIAACmGnxUEgYI2MQJ4UxPQQ,34,main
student_book,level_1,5,5.09,Track 5.09,,audio,CQACAgQAAxkBAAIDwWqitCtqjpN-kcpP6nzvP0jMWXvUAAL8IAACmGnxUPTTD6xVu_kVPQQ,125,main
student_book,level_1,5,5.10,Track 5.10,,audio,CQACAgQAAxkBAAIDjGqitBKTqFZ0vDWq4xM2IZcV7G7rAAJnIAACmGnxUJhgWJxGO1tZPQQ,66,main
student_book,level_1,5,5.11,Track 5.11,,audio,CQACAgQAAxkBAAIC_GqitAs3b-x2-SmOdQrOFSmyf7EkAALJHwACmGnxUH05PYA2MXeJPQQ,70,main
student_book,level_1,5,5.12,Track 5.12,,audio,CQACAgQAAxkBAAIDomqitBIclC8s2G_RXPlLjwzWqn5lAAJ-IAACmGnxUP8AAVRhB1wY0T0E,17,main
student_book,level_1,5,5.13,Track 5.13,,audio,CQACAgQAAxkBAAIDE2qitAuCmbMFJ1jglikKVdA-C4C1AALhHwACmGnxUAFIch_Pr4L6PQQ,105,main
student_book,level_1,5,5.14,Track 5.14,,audio,CQACAgQAAxkBAAIDuWqitBKAyRB7uVWSPsz-INt6vnDxAAKaIAACmGnxUK8mXa94t2L6PQQ,23,main
student_book,level_1,5,5.15,Track 5.15,,audio,CQACAgQAAxkBAAIDKmqitAsf5OZVakbMV6kaBj_5peeRAAL8HwACmGnxUMu0qyGF6LpTPQQ,27,main
student_book,level_1,5,5.16,Track 5.16,,audio,CQACAgQAAxkBAAID42qitCt6tRk-r25RItKlhD5YyjPoAAKyIAACmGnxUHNmI3jdsQJpPQQ,140,main
student_book,level_1,5,5.17,Track 5.17,,audio,CQACAgQAAxkBAAIDQWqitAtO-8QTG6yPT1zu0aHW7-eFAAIYIAACmGnxUPkgVePJtKaaPQQ,34,main
student_book,level_1,5,5.18,Track 5.18,,audio,CQACAgQAAxkBAAID-mqitCsH2U-Vo1RzkrsQ2qBY_LpXAALJIAACmGnxUNQgApmCltg_PQQ,25,main
student_book,level_1,5,5.19,Track 5.19,,audio,CQACAgQAAxkBAAIDWWqitBIivIf2NhNLR3FTEFe534HOAAIyIAACmGnxUJB2Nwyz32KZPQQ,98,main
student_book,level_1,5,5.20,Track 5.20,,audio,CQACAgQAAxkBAAIEEWqitCvL5PHJ9nmtF_yETPuFvzZDAALgIAACmGnxUHRFUPPyRMQiPQQ,23,main
student_book,level_1,5,5.21,Track 5.21,,audio,CQACAgQAAxkBAAIDcGqitBLWqji6xzlOds5CAh-8NuDOAAJLIAACmGnxUNyHU7CMUgSkPQQ,42,main
student_book,level_1,5,5.22,Track 5.22,,audio,CQACAgQAAxkBAAIEKGqitCsYD-Afy2QE77NDXXK0N-eaAAL3IAACmGnxULtQNwatTZ0ZPQQ,39,main
student_book,level_1,5,5.23,Track 5.23,,audio,CQACAgQAAxkBAAIDh2qitBIJjuEkvVzVQuMCU5zBI8E_AAJiIAACmGnxUCThaES4U9i9PQQ,73,main
student_book,level_1,5,5.24,Track 5.24,,audio,CQACAgQAAxkBAAIC92qitAt0RbWR_vGNPZUtB_Tc3dNzAALEHwACmGnxUFq74jFeLk_QPQQ,18,main
student_book,level_1,5,5.25,Track 5.25,,audio,CQACAgQAAxkBAAIDnWqitBJdDZ73CqEHnbH6cdMgf_1QAAJ5IAACmGnxUJ2Ppf9JV508PQQ,40,main
student_book,level_1,5,5.26,Track 5.26,,audio,CQACAgQAAxkBAAIDDmqitAsYO6veDzJ2eaKX8wtO_DjoAALcHwACmGnxUEM8GW2tNaL4PQQ,56,main
student_book,level_1,5,5.27,Track 5.27,,audio,CQACAgQAAxkBAAIDtGqitBKbkby0atmysGRNxzCK3P45AAKQIAACmGnxUAbsATKNQFizPQQ,95,main
student_book,level_1,5,5.28,Track 5.28,,audio,CQACAgQAAxkBAAIDJWqitAs6T2WOyUnIdI_Cx1xOIcGNAAL1HwACmGnxUCw-NreF_sDsPQQ,44,main
student_book,level_1,6,6.01,Track 6.01,,audio,CQACAgQAAxkBAAID3mqitCsH2A2xuXUgUFoOZzg4clBfAAKtIAACmGnxUAAByIDO4bAf8j0E,127,main
student_book,level_1,6,6.02,Track 6.02,,audio,CQACAgQAAxkBAAIDPGqitAugjVjR5Q6JNkeBwmqdOiq5AAIRIAACmGnxUAao_5M_26ANPQQ,45,main
student_book,level_1,6,6.03,Track 6.03,,audio,CQACAgQAAxkBAAID9WqitCuGnh3HVi475vYPsoOVCi-3AALEIAACmGnxUG7WnwqCDOAlPQQ,80,main
student_book,level_1,6,6.04,Track 6.04,,audio,CQACAgQAAxkBAAIDU2qitAszMHg0X3ltU6bXmdeBwjgsAAIsIAACmGnxUJCiKx5VxYDePQQ,173,main
student_book,level_1,6,6.05,Track 6.05,,audio,CQACAgQAAxkBAAIEDGqitCtPlJer4KIUlOMk-F2UP_IpAALbIAACmGnxUKhoSGjF2IJ-PQQ,122,main
student_book,level_1,6,6.06,Track 6.06,,audio,CQACAgQAAxkBAAIDa2qitBLLU3-KeCMh6aVNpB4P8-VmAAJGIAACmGnxUGJhJSnmOLcMPQQ,36,main
student_book,level_1,6,6.07,Track 6.07,,audio,CQACAgQAAxkBAAIEI2qitCuwpJled5etcdsvwIElvNl7AALyIAACmGnxUD7tlVvp1af4PQQ,46,main
student_book,level_1,6,6.08,Track 6.08,,audio,CQACAgQAAxkBAAIDgmqitBLCPdviYheMnQwIOvEU0zQ2AAJdIAACmGnxUPttTU7r5bW-PQQ,39,main
student_book,level_1,6,6.09,Track 6.09,,audio,CQACAgQAAxkBAAIDzmqitCt6N9oQ-E3mS_9jPYZRnIwkAAIJIQACmGnxUHG7xGu9vdfpPQQ,31,main
student_book,level_1,6,6.10,Track 6.10,,audio,CQACAgQAAxkBAAIDmGqitBIK1_V7R1sBsPO4yzzdxjwrAAJ0IAACmGnxUJ9veYeceYtRPQQ,70,main
student_book,level_1,6,6.11,Track 6.11,,audio,CQACAgQAAxkBAAIDCWqitAsK7jh8QwABYzMdjd3H-EVD3wAC1x8AAphp8VDUAdB2SQLwxD0E,23,main
student_book,level_1,6,6.12,Track 6.12,,audio,CQACAgQAAxkBAAIDr2qitBKiZdqnafJyr6MXgT_kH5IGAAKLIAACmGnxUGNm559WHwv_PQQ,16,main
student_book,level_1,6,6.13,Track 6.13,,audio,CQACAgQAAxkBAAIDIGqitAtnnw9Hc5qFM15X7t8mK-8zAALwHwACmGnxUNS79mXtWTA4PQQ,74,main
student_book,level_1,6,6.14,Track 6.14,,audio,CQACAgQAAxkBAAID2WqitCsCTcyMbVC8TP7eXPwzCDGgAAKoIAACmGnxUBfx_vwjwG-tPQQ,119,main
student_book,level_1,6,6.15,Track 6.15,,audio,CQACAgQAAxkBAAIDN2qitAvsXzqpG-K4nAoKoXmymcK0AAIMIAACmGnxUGqi2G7Ec2X_PQQ,19,main
student_book,level_1,6,6.16,Track 6.16,,audio,CQACAgQAAxkBAAID8GqitCsAAWGLv8BgwpX1h23YyZd9rAACvyAAAphp8VBMSFhBW81kdz0E,42,main
student_book,level_1,6,6.17,Track 6.17,,audio,CQACAgQAAxkBAAIDTmqitAsYUBhhH9Po0W_-ff3TjDq_AAImIAACmGnxUFRoYuPhlKLGPQQ,58,main
student_book,level_1,6,6.18,Track 6.18,,audio,CQACAgQAAxkBAAIEB2qitCsDDVKKxBh5yNB5O7mTUEGGAALWIAACmGnxUFtSPHXMQUD7PQQ,143,main
student_book,level_1,6,6.19,Track 6.19,,audio,CQACAgQAAxkBAAIDZmqitBLiFYuH_oEbEThrhjU71a7nAAJAIAACmGnxUHK55_yrEGLhPQQ,26,main
student_book,level_1,6,6.20,Track 6.20,,audio,CQACAgQAAxkBAAIEHmqitCusU8hOn_t_m9gHv1727-5CAALtIAACmGnxUAUdOwABcX0ITz0E,30,main
student_book,level_1,6,6.21,Track 6.21,,audio,CQACAgQAAxkBAAIDfWqitBLJqfbzJYChfHqVWCP24BCeAAJYIAACmGnxUL2yfpZaJp3KPQQ,46,main
student_book,level_1,6,6.22,Track 6.22,,audio,CQACAgQAAxkBAAIDyWqitCs8wHRczhJZ1737RuE0UnpGAAIEIQACmGnxUPcyEzr-_t6DPQQ,15,main
student_book,level_1,6,6.23,Track 6.23,,audio,CQACAgQAAxkBAAIDk2qitBL3hjuemy_ABypNCZML5K1YAAJuIAACmGnxUNYq549bbB7aPQQ,29,main
student_book,level_1,6,6.24,Track 6.24,,audio,CQACAgQAAxkBAAIDBGqitAvDPYtDLw_EcXVpX_xA09YrAALSHwACmGnxULn46-LBCvJfPQQ,22,main
student_book,level_1,6,6.25,Track 6.25,,audio,CQACAgQAAxkBAAIDqmqitBJ8yfc2OWjcVohgrgN0XAwpAAKGIAACmGnxUEevuzS7dQLRPQQ,107,main
student_book,level_1,7,7.01,Track 7.01,,audio,CQACAgQAAxkBAAIDG2qitAu8GojochdcZDzZ8-_-bFNiAALpHwACmGnxUMPyGST-jB1GPQQ,111,main
student_book,level_1,7,7.02,Track 7.02,,audio,CQACAgQAAxkBAAID1GqitCuyz40_jYSRMInas_8EOww6AAKiIAACmGnxUOFN4Zrj9imfPQQ,27,main
student_book,level_1,7,7.03,Track 7.03,,audio,CQACAgQAAxkBAAIDMmqitAv5vB6f-xrFbuckQmLeEi9XAAIGIAACmGnxUL98Gt0tutptPQQ,32,main
student_book,level_1,7,7.04,Track 7.04,,audio,CQACAgQAAxkBAAID62qitCto-aQfqDsqMyf8buGHTbSsAAK6IAACmGnxUI1C97uw6prMPQQ,81,main
student_book,level_1,7,7.05,Track 7.05,,audio,CQACAgQAAxkBAAIDSWqitAvCbCnmuYnjCoTfLNy173_qAAIhIAACmGnxUFQjPB7FKxpJPQQ,18,main
student_book,level_1,7,7.06,Track 7.06,,audio,CQACAgQAAxkBAAIEAmqitCv1CO1qxk1oach2Mu0OFnVyAALRIAACmGnxUKGKVI-F3A54PQQ,52,main
student_book,level_1,7,7.07,Track 7.07,,audio,CQACAgQAAxkBAAIDYWqitBJKuh3ex4-qga4lflBfuL3OAAI6IAACmGnxUHBEJAQzlikJPQQ,78,main
student_book,level_1,7,7.08,Track 7.08,,audio,CQACAgQAAxkBAAIEGWqitCuGR5isAV2gHUMEzudwCstjAALoIAACmGnxUHUJjDPoo0ApPQQ,12,main
student_book,level_1,7,7.09,Track 7.09,,audio,CQACAgQAAxkBAAIDeGqitBKG5b5QWIbz-_B90XMLsdG_AAJTIAACmGnxUIlVcBOoB7TMPQQ,23,main
student_book,level_1,7,7.10,Track 7.10,,audio,CQACAgQAAxkBAAIDxGqitCsv70jgay7EKaDE_2dIpnW5AAL_IAACmGnxUBQJeglLatu2PQQ,38,main
student_book,level_1,7,7.11,Track 7.11,,audio,CQACAgQAAxkBAAIDj2qitBKvgsBIyXY9k1olN6tvMhTLAAJqIAACmGnxUFPux-cB5iXqPQQ,41,main
student_book,level_1,7,7.12,Track 7.12,,audio,CQACAgQAAxkBAAIDAAFqorQLv0cSuj0zZafPWMCOmLhVIQACzR8AAphp8VD_0oUbXP9rUj0E,47,main
student_book,level_1,7,7.13,Track 7.13,,audio,CQACAgQAAxkBAAIDpmqitBIPNzJe_KB-LrlK5iLbnAL6AAKCIAACmGnxUJkHYgu-FHCZPQQ,60,main
student_book,level_1,7,7.14,Track 7.14,,audio,CQACAgQAAxkBAAIDF2qitAsiGDYsS8ek9bpLh5IsnfsLAALlHwACmGnxUEB1CZDIAAEPFz0E,64,main
student_book,level_1,7,7.15,Track 7.15,,audio,CQACAgQAAxkBAAID0GqitCu5-RtN_b1NyhRuybTma99fAAKeIAACmGnxUHyNs873FGcHPQQ,15,main
student_book,level_1,7,7.16,Track 7.16,,audio,CQACAgQAAxkBAAIDLmqitAsWmZ5NkGixHls8EUQ6fMayAAMgAAKYafFQhQXl7UsCy6Y9BA,140,main
student_book,level_1,7,7.17,Track 7.17,,audio,CQACAgQAAxkBAAID52qitCs5afOUrhhQ4tDpjqZwxnYuAAK2IAACmGnxUJOUVDo4tEl2PQQ,130,main
student_book,level_1,7,7.18,Track 7.18,,audio,CQACAgQAAxkBAAIDRWqitAsVRbe_IajsiASYFtxGylCTAAIdIAACmGnxUK5kbS7vhnkyPQQ,65,main
student_book,level_1,7,7.19,Track 7.19,,audio,CQACAgQAAxkBAAID_mqitCvXXw-lXAw3r2PLY1CDBCv9AALNIAACmGnxUNt33NCE5ThHPQQ,84,main
student_book,level_1,7,7.20,Track 7.20,,audio,CQACAgQAAxkBAAIDXWqitBKdrvnbHlqxHJvhsaqsAAHK1gACNiAAAphp8VAwEMVlSMmoiz0E,51,main
student_book,level_1,7,7.21,Track 7.21,,audio,CQACAgQAAxkBAAIEFWqitCt-qQLvrIPfXLvFQkXOn_b9AALkIAACmGnxUKaYwKoRW0UNPQQ,70,main
student_book,level_1,7,7.22,Track 7.22,,audio,CQACAgQAAxkBAAIDdGqitBJ93A-zArb3f3jyU45RZnoRAAJPIAACmGnxUPN4nqJuUgWqPQQ,83,main
student_book,level_1,7,7.23,Track 7.23,,audio,CQACAgQAAxkBAAIDwGqitCumBdCFs0W9IbKzvstvxbAJAAL7IAACmGnxUE6cEdVBZoj3PQQ,129,main
student_book,level_1,7,7.24,Track 7.24,,audio,CQACAgQAAxkBAAIDi2qitBJQR1ikgtgn53_JdYQrozmqAAJmIAACmGnxULE2ZFaXmfQKPQQ,50,main
student_book,level_1,8,8.01,Track 8.01,,audio,CQACAgQAAxkBAAIC-2qitAsXbl3R53-AcvCJce-B4TTHAALIHwACmGnxUC_Ls0LRraSyPQQ,158,main
student_book,level_1,8,8.02,Track 8.02,,audio,CQACAgQAAxkBAAIDoWqitBJrMOCw2vUGTjItct5XW2D-AAJ9IAACmGnxUBsR_5JpezrNPQQ,104,main
student_book,level_1,8,8.03,Track 8.03,,audio,CQACAgQAAxkBAAIDEmqitAt5n4V6V0grkuC6yUHUmcQRAALgHwACmGnxUMf7Nms3g-PAPQQ,45,main
student_book,level_1,8,8.04,Track 8.04,,audio,CQACAgQAAxkBAAIDuGqitBImD-BpMPPevMvT87uqRF3eAAKZIAACmGnxUCd0SJKvFwpaPQQ,58,main
student_book,level_1,8,8.05,Track 8.05,,audio,CQACAgQAAxkBAAIDKWqitAv21wVUMGzFfR7sKna7ul2yAAL7HwACmGnxUCgzshDYyxUZPQQ,70,main
student_book,level_1,8,8.06,Track 8.06,,audio,CQACAgQAAxkBAAID4mqitCsVVdItKi_YWm_8-p9VKL2iAAKxIAACmGnxUDnp1yCKzV-JPQQ,93,main
student_book,level_1,8,8.07,Track 8.07,,audio,CQACAgQAAxkBAAIDQGqitAtvAAG1T_6TS_DmyaaVG4jh4wACFyAAAphp8VDfDJ7B9ewSvj0E,95,main
student_book,level_1,8,8.08,Track 8.08,,audio,CQACAgQAAxkBAAID-WqitCvMdbtcuw2TjONwbj8ZOxMfAALIIAACmGnxULkEMhNHE_P1PQQ,48,main
student_book,level_1,8,8.09,Track 8.09,,audio,CQACAgQAAxkBAAIDV2qitAtRw85IFvoSeJtppvDjx5OuAAIwIAACmGnxUEa3XP0jXH2gPQQ,81,main
student_book,level_1,8,8.10,Track 8.10,,audio,CQACAgQAAxkBAAIEEGqitCt3ThkyUouWFLPwKqD0PqMUAALfIAACmGnxUM1-MIjlFjP0PQQ,186,main
student_book,level_1,8,8.11,Track 8.11,,audio,CQACAgQAAxkBAAIDb2qitBKSQX8jzziBgdOba6bDRwUzAAJKIAACmGnxUJAzA9bDu5qMPQQ,111,main
student_book,level_1,8,8.12,Track 8.12,,audio,CQACAgQAAxkBAAIEJ2qitCv1m6idpsKJOrIPophc1AW7AAL2IAACmGnxUOxLyadNgTvMPQQ,94,main
student_book,level_1,8,8.13,Track 8.13,,audio,CQACAgQAAxkBAAIDhmqitBJZUArDzl1VjHcSYjv37cy-AAJhIAACmGnxUOsEgnB6oWJJPQQ,39,main
student_book,level_1,8,8.14,Track 8.14,,audio,CQACAgQAAxkBAAIC9mqitAuDSqyJhlyVxJhuZXJyxxlMAALDHwACmGnxUMlYqxPZ9VrgPQQ,102,main
student_book,level_1,8,8.15,Track 8.15,,audio,CQACAgQAAxkBAAIDnGqitBJLG74VYHevL8r_Fw16UpfYAAJ4IAACmGnxUHcmEI46bncWPQQ,34,main
student_book,level_1,8,8.16,Track 8.16,,audio,CQACAgQAAxkBAAIDDWqitAuYK2HZLN2qvVigIBOKnopYAALbHwACmGnxUDqM07RnkO8rPQQ,12,main
student_book,level_1,8,8.17,Track 8.17,,audio,CQACAgQAAxkBAAIDs2qitBJGa_RqOzALupe-RIKUQ6UeAAKPIAACmGnxUGB7iJJPx90TPQQ,28,main
student_book,level_1,8,8.18,Track 8.18,,audio,CQACAgQAAxkBAAIDJGqitAt_hohk3kWxLxh7pbojbNr-AAL0HwACmGnxUBTQPJP_3ob8PQQ,37,main
student_book,level_1,8,8.19,Track 8.19,,audio,CQACAgQAAxkBAAID3WqitCvVE5kdLcqLKQbiRh9AiIBIAAKsIAACmGnxULdOsM6PotErPQQ,211,main
student_book,level_1,8,8.20,Track 8.20,,audio,CQACAgQAAxkBAAIDO2qitAtHLsqCvtHNpaPN3AwSkKC7AAIQIAACmGnxUN0cE0MAAURrWj0E,32,main
student_book,level_1,8,8.21,Track 8.21,,audio,CQACAgQAAxkBAAID9GqitCs2TFSpGN8ugVgoJ8aA2s8HAALDIAACmGnxUKxSLQ7CU3ruPQQ,33,main
student_book,level_1,8,8.22,Track 8.22,,audio,CQACAgQAAxkBAAIDUmqitAtBP6GY_voNEJ4Ht5ihyt9lAAIrIAACmGnxUExyOyr5GYaTPQQ,54,main
student_book,level_1,8,8.23,Track 8.23,,audio,CQACAgQAAxkBAAIEC2qitCvNwdkg86UgXW4N_d7uLqZZAALaIAACmGnxUEx3fGuaJSDiPQQ,36,main
student_book,level_1,8,8.24,Track 8.24,,audio,CQACAgQAAxkBAAIDamqitBI7U5ir1VCz8wdT0TwhtsE6AAJFIAACmGnxUBr5Ls-9_-XjPQQ,37,main
student_book,level_1,8,8.25,Track 8.25,,audio,CQACAgQAAxkBAAIEImqitCvT-qNau_gmW_sNRE9dotY-AALxIAACmGnxUFzYvwhXnhSdPQQ,87,main
student_book,level_1,9,9.01,Track 9.01,,audio,CQACAgQAAxkBAAIDgWqitBIkyWetSUjkjylzYTi_MwtFAAJcIAACmGnxUPfdQYPLPl1WPQQ,240,main
student_book,level_1,9,9.02,Track 9.02,,audio,CQACAgQAAxkBAAIDzWqitCuMhrX_DXjc_LoDIZKqOL40AAIIIQACmGnxUCA7CIDbuT4oPQQ,29,main
student_book,level_1,9,9.03,Track 9.03,,audio,CQACAgQAAxkBAAIDl2qitBJLTMqrqSFbP-3ByAEbykgyAAJzIAACmGnxUAk5zfBjzjmcPQQ,76,main
student_book,level_1,9,9.04,Track 9.04,,audio,CQACAgQAAxkBAAIDCGqitAtlZV10vCbZqzqz10b6bPkJAALWHwACmGnxUNxhLZSc0THsPQQ,134,main
student_book,level_1,9,9.05,Track 9.05,,audio,CQACAgQAAxkBAAIDrmqitBJWSKsOk9VjwGSUJ8dLkisvAAKKIAACmGnxUE9WvYqDvz4ePQQ,28,main
student_book,level_1,9,9.06,Track 9.06,,audio,CQACAgQAAxkBAAIDH2qitAtBKntZPuLoqQHyOihAoCvNAALtHwACmGnxUFG4Y6iWSvjXPQQ,38,main
student_book,level_1,9,9.07,Track 9.07,,audio,CQACAgQAAxkBAAID2GqitCscS4VVy8XmyR7xklx4wkV4AAKmIAACmGnxUCXgOMfK98mKPQQ,82,main
student_book,level_1,9,9.08,Track 9.08,,audio,CQACAgQAAxkBAAIDNmqitAuQmtJNdPrNdvHi3XOSVmXeAAILIAACmGnxUM8VFu3uB2ovPQQ,39,main
student_book,level_1,9,9.09,Track 9.09,,audio,CQACAgQAAxkBAAID72qitCu-n-ipX5mt-7yVtKAr0Ri0AAK-IAACmGnxUCAOUswqsxeYPQQ,17,main
student_book,level_1,9,9.10,Track 9.10,,audio,CQACAgQAAxkBAAIDTWqitAvTI19L7f97YHWXXOdGG4j7AAIlIAACmGnxUEKx4TZttw3APQQ,35,main
student_book,level_1,9,9.11,Track 9.11,,audio,CQACAgQAAxkBAAIEBmqitCsAAQW5WGaNMVnhkwliXJkBMAAC1SAAAphp8VDcMXefXYrFmT0E,21,main
student_book,level_1,9,9.12,Track 9.12,,audio,CQACAgQAAxkBAAIDZWqitBK3q8HS5GYG61cLlEACgoB4AAI_IAACmGnxUCQ-BvfKUT2RPQQ,154,main
student_book,level_1,9,9.13,Track 9.13,,audio,CQACAgQAAxkBAAIEHWqitCtMXyDxDC2snZCrhJspAAEdYAAC7CAAAphp8VDdm1iVVGGb3j0E,91,main
student_book,level_1,9,9.14,Track 9.14,,audio,CQACAgQAAxkBAAIDfGqitBKyPiXEQf3CKqceCcEd-1mvAAJXIAACmGnxUKGnUX_XAgkpPQQ,60,main
student_book,level_1,9,9.15,Track 9.15,,audio,CQACAgQAAxkBAAIDyGqitCvVR0Uihnxgw7kVfniemCwdAAIDIQACmGnxUMOdKXg5Xpk-PQQ,64,main
student_book,level_1,9,9.16,Track 9.16,,audio,CQACAgQAAxkBAAIDkmqitBIpKljLHUbKQ-jNmN7YzPrGAAJtIAACmGnxULK0E4cAAXQYnj0E,94,main
student_book,level_1,9,9.17,Track 9.17,,audio,CQACAgQAAxkBAAIDA2qitAu98hTaI5KTo2bw-FhKDzUeAALRHwACmGnxUCcxHVe2lB2qPQQ,407,main
student_book,level_1,9,9.18,Track 9.18,,audio,CQACAgQAAxkBAAIDqWqitBJscaEM2nnnkdO6xmQY2RZIAAKFIAACmGnxUJOx5j4heoIiPQQ,27,main
student_book,level_1,9,9.19,Track 9.19,,audio,CQACAgQAAxkBAAIDGmqitAusuTPJbnYRB5TtLk-2yhrjAALoHwACmGnxUE7NEduQgwd-PQQ,9,main
student_book,level_1,9,9.20,Track 9.20,,audio,CQACAgQAAxkBAAID02qitCvUplOXukbQzGKfeBEVgNZAAAKhIAACmGnxUNF3ZKntDIO0PQQ,48,main
student_book,level_1,9,9.21,Track 9.21,,audio,CQACAgQAAxkBAAIDMWqitAv-zF137aHGSBw6LvEnk1BQAAIDIAACmGnxUGNIyb0AAfgT-D0E,101,main
student_book,level_1,9,9.22,Track 9.22,,audio,CQACAgQAAxkBAAID6mqitCt-uEvqYu8YhXXNd0IGqZFlAAK5IAACmGnxUNK52_btLWQMPQQ,48,main
student_book,level_1,9,9.23,Track 9.23,,audio,CQACAgQAAxkBAAIDSGqitAtPgyBIxMSqxlqqpX2vR1HkAAIgIAACmGnxUC5Jr0MpSYT4PQQ,56,main
student_book,level_1,9,9.24,Track 9.24,,audio,CQACAgQAAxkBAAIEAWqitCtFw9b3_KH7vzv16TEYu-mVAALQIAACmGnxUJ_4WokQyjcpPQQ,21,main
student_book,level_1,9,9.25,Track 9.25,,audio,CQACAgQAAxkBAAIDYGqitBIx6CtrBHAPDk_xNppz5fkbAAI5IAACmGnxUG6PnCvwXbHhPQQ,60,main
student_book,level_1,9,9.26,Track 9.26,,audio,CQACAgQAAxkBAAIEGGqitCtyiWBwMI3FztHMtBNPvBI2AALnIAACmGnxUFaCoQctP_XDPQQ,82,main
student_book,level_1,9,9.27,Track 9.27,,audio,CQACAgQAAxkBAAIDd2qitBLENHZNXBZIWfQpegLdNt20AAJSIAACmGnxUD4hHYFcKKb2PQQ,116,main
student_book,level_1,9,9.28,Track 9.28,,audio,CQACAgQAAxkBAAIDw2qitCvgajOlXL-a30trUpHAnmiOAAL-IAACmGnxUA5e6ALOBmWIPQQ,53,main
student_book,level_1,10,10.01,Track 10.01,,audio,CQACAgQAAxkBAAIDjmqitBJbQ1r13mMyqp7aaVTfIgxXAAJpIAACmGnxUHD_Hj6dqYBRPQQ,52,main
student_book,level_1,10,10.02,Track 10.02,,audio,CQACAgQAAxkBAAIC_mqitAu2FB9SsVD6L4JKqr2ZmZbRAALLHwACmGnxUO8ZYu0a0gABdz0E,124,main
student_book,level_1,10,10.03,Track 10.03,,audio,CQACAgQAAxkBAAIDpGqitBIYIfEKWM8crf5dz5R4G_NjAAKAIAACmGnxULjodMsFKlUQPQQ,87,main
student_book,level_1,10,10.04,Track 10.04,,audio,CQACAgQAAxkBAAIDFWqitAuAHnIMq1yRlJ8rvOmaC9N_AALjHwACmGnxUEd2kq5FxO5bPQQ,22,main
student_book,level_1,10,10.05,Track 10.05,,audio,CQACAgQAAxkBAAIDu2qitBItlzbSu3NahzEl1IysrdtsAAKcIAACmGnxUM16LViJa5vyPQQ,54,main
student_book,level_1,10,10.06,Track 10.06,,audio,CQACAgQAAxkBAAIDLGqitAuNgj40TGPQ65WXvn7-t4sAA_4fAAKYafFQsrolh8DONRM9BA,14,main
student_book,level_1,10,10.07,Track 10.07,,audio,CQACAgQAAxkBAAID5WqitCv-17FrekaZWmS9G3CCU5hNAAK0IAACmGnxUO0S5NLxBm2NPQQ,58,main
student_book,level_1,10,10.08,Track 10.08,,audio,CQACAgQAAxkBAAIDQ2qitAuAzuk79BT6P91LDNEw5v0GAAIbIAACmGnxUI2y1whOIR0tPQQ,82,main
student_book,level_1,10,10.09,Track 10.09,,audio,CQACAgQAAxkBAAID_GqitCuzDyiBLwUL-v7vRXycw6FyAALLIAACmGnxULZ1Nz3spoF4PQQ,16,main
student_book,level_1,10,10.10,Track 10.10,,audio,CQACAgQAAxkBAAIDW2qitBKWYX5Evh8xuv92XZ8JPDosAAI0IAACmGnxUMUy86a7eg_ZPQQ,72,main
student_book,level_1,10,10.11,Track 10.11,,audio,CQACAgQAAxkBAAIEE2qitCucIhfdq_L1udOgezayB8sdAALiIAACmGnxUIy-oYaXDG1jPQQ,21,main
student_book,level_1,10,10.12,Track 10.12,,audio,CQACAgQAAxkBAAIDcmqitBKfVENVgxJm21kYz5ogjcnKAAJNIAACmGnxUKx_YwE4v3wxPQQ,173,main
student_book,level_1,10,10.13,Track 10.13,,audio,CQACAgQAAxkBAAIDvmqitCv_nb83sGcAAWWqT-OIeR1EiQAC-SAAAphp8VBTPLQRQp9pYD0E,51,main
student_book,level_1,10,10.14,Track 10.14,,audio,CQACAgQAAxkBAAIDiWqitBJw_CysN3R5a71V-7r-W4jMAAJkIAACmGnxUJDef0V_tOTAPQQ,57,main
student_book,level_1,10,10.15,Track 10.15,,audio,CQACAgQAAxkBAAIC-WqitAtQu34HZn9z_RawPJvIn1pfAALGHwACmGnxUGTvuX2BC8PfPQQ,68,main
student_book,level_1,10,10.16,Track 10.16,,audio,CQACAgQAAxkBAAIDn2qitBIcjV6jvtUk9YAGp7zLWoWUAAJ7IAACmGnxUGpZoMLHG1LtPQQ,106,main
student_book,level_1,10,10.17,Track 10.17,,audio,CQACAgQAAxkBAAIDEGqitAvODcvq7AYHL2wzhCBYQaZcAALeHwACmGnxUPUx2iazvDXzPQQ,74,main
student_book,level_1,10,10.18,Track 10.18,,audio,CQACAgQAAxkBAAIDtmqitBL_CzOGMIVE5rRD0nE_2axhAAKXIAACmGnxUG6qXLBk6yuZPQQ,288,main
student_book,level_1,10,10.19,Track 10.19,,audio,CQACAgQAAxkBAAIDJ2qitAuJ-oTpfOiz4lygPAUxxLf0AAL5HwACmGnxUA68TJpexNvmPQQ,74,main
student_book,level_1,10,10.20,Track 10.20,,audio,CQACAgQAAxkBAAID4GqitCuSn28q_imr6DumpmaZF9s5AAKvIAACmGnxUP1f-eaXk1VUPQQ,14,main
student_book,level_1,10,10.21,Track 10.21,,audio,CQACAgQAAxkBAAIDPmqitAud03gAAYgR021eYCG7sz1kCwACEyAAAphp8VCDN9z4wocQQj0E,123,main
student_book,level_1,11,11.01,Track 11.01,,audio,CQACAgQAAxkBAAID92qitCujDm89zVE4H9M7vxomd1WSAALGIAACmGnxUK0RdHP2CRcrPQQ,27,main
student_book,level_1,11,11.02,Track 11.02,,audio,CQACAgQAAxkBAAIDVWqitAseZ7WU6Q2XY89nqt7v6Rk_AAIuIAACmGnxUO_fO_LHWU43PQQ,16,main
student_book,level_1,11,11.03,Track 11.03,,audio,CQACAgQAAxkBAAIEDmqitCu2DX3dOaEH0O14UGsPsXlBAALdIAACmGnxUCuKvG3WRnHSPQQ,104,main
student_book,level_1,11,11.04,Track 11.04,,audio,CQACAgQAAxkBAAIDbWqitBKENEjRL1GCS9xcOcwK7mI2AAJIIAACmGnxUNoAAXoM3Li2uz0E,167,main
student_book,level_1,11,11.05,Track 11.05,,audio,CQACAgQAAxkBAAIEJWqitCu8nuYe8n24TPKT9jiqpUBFAAL0IAACmGnxUMBB8yLeLS36PQQ,42,main
student_book,level_1,11,11.06,Track 11.06,,audio,CQACAgQAAxkBAAIDhGqitBLUwEnz5rAO41gzFwLZvo4mAAJfIAACmGnxUC2nJlalqU48PQQ,32,main
student_book,level_1,11,11.07,Track 11.07,,audio,CQACAgQAAxkBAAIC9GqitAuQ9CkaOGJE90adzMn_NUnaAALBHwACmGnxUJ5Z-0f6d65iPQQ,39,main
student_book,level_1,11,11.08,Track 11.08,,audio,CQACAgQAAxkBAAIDmmqitBJEFLmhs0KEX2LDiN5Dn5s4AAJ2IAACmGnxUPs-ilpb4vlVPQQ,13,main
student_book,level_1,11,11.09,Track 11.09,,audio,CQACAgQAAxkBAAIDC2qitAutAAGi-xP2BnNFIUaGU27HNQAC2R8AAphp8VCaInMP3X41-T0E,72,main
student_book,level_1,11,11.10,Track 11.10,,audio,CQACAgQAAxkBAAIDsWqitBLYaYP_Hvo59bUP6wVB-tfsAAKNIAACmGnxUHKNmKi8qqDiPQQ,28,main
student_book,level_1,11,11.11,Track 11.11,,audio,CQACAgQAAxkBAAIDImqitAsf9Nf58iLJDBNgipEmwbSAAALyHwACmGnxUNqh05f7RUEePQQ,185,main
student_book,level_1,11,11.12,Track 11.12,,audio,CQACAgQAAxkBAAID22qitCtfmOoLjl0sn9x3QCNAGO2KAAKqIAACmGnxUJhgJM-0-gyOPQQ,50,main
student_book,level_1,11,11.13,Track 11.13,,audio,CQACAgQAAxkBAAIDOWqitAv7H3IDwRbGk58aVRPmyzx0AAIOIAACmGnxUCdRLbpb1S71PQQ,26,main
student_book,level_1,11,11.14,Track 11.14,,audio,CQACAgQAAxkBAAID8mqitCupwylMvNqT2F-bwzVBP0yiAALBIAACmGnxUJy1WzKrwzP6PQQ,86,main
student_book,level_1,11,11.15,Track 11.15,,audio,CQACAgQAAxkBAAIDUGqitAv_pTfc86DpJ1g3Jm_phSdMAAIoIAACmGnxUB3V8lVfLGF0PQQ,34,main
student_book,level_1,11,11.16,Track 11.16,,audio,CQACAgQAAxkBAAIECWqitCvH8039GWDDbeZSVvI01-PoAALYIAACmGnxUBzl4et2PqEPPQQ,56,main
student_book,level_1,11,11.17,Track 11.17,,audio,CQACAgQAAxkBAAIDaGqitBKs2CR1Uru0G5gUjz-H9IpyAAJDIAACmGnxUMOkdxlEpuLJPQQ,72,main
student_book,level_1,11,11.18,Track 11.18,,audio,CQACAgQAAxkBAAIEIGqitCv4bK91uRG4FZva5XoPvlYVAALvIAACmGnxUDQAAQRzqO8n5T0E,91,main
student_book,level_1,11,11.19,Track 11.19,,audio,CQACAgQAAxkBAAIDf2qitBL7boEucoQpqeAv9rATdttiAAJaIAACmGnxUM78zynSNe-rPQQ,28,main
student_book,level_1,12,12.01,Track 12.01,,audio,CQACAgQAAxkBAAIDy2qitCsCXw7mGRDjGfsOSbywa-3AAAIGIQACmGnxUFoBvrYaEpJAPQQ,61,main
student_book,level_1,12,12.02,Track 12.02,,audio,CQACAgQAAxkBAAIDlWqitBJYjXqn5YIE1cBbr8OeFrwZAAJxIAACmGnxUMCVn8pFF67HPQQ,34,main
student_book,level_1,12,12.03,Track 12.03,,audio,CQACAgQAAxkBAAIDBmqitAuqQesFyKQHBMmEeeM_EaclAALUHwACmGnxUDuwZtGZjYCYPQQ,13,main
student_book,level_1,12,12.04,Track 12.04,,audio,CQACAgQAAxkBAAIDrGqitBJxS3tMioqwORrdXF40lNApAAKIIAACmGnxUBQgEOftOIQJPQQ,61,main
student_book,level_1,12,12.05,Track 12.05,,audio,CQACAgQAAxkBAAIDHWqitAte1w628vW9FPVFrHlccgAB3wAC6x8AAphp8VCICKtMLjjFgz0E,45,main
student_book,level_1,12,12.06,Track 12.06,,audio,CQACAgQAAxkBAAID1mqitCtc1H9HKwapIC6ow2dkuNBRAAKkIAACmGnxUOS4t2l1wfXsPQQ,90,main
student_book,level_1,12,12.07,Track 12.07,,audio,CQACAgQAAxkBAAIDNGqitAsrew5OlSVjNsSSAuqcsrbVAAIIIAACmGnxUH2gj3KlQ_WmPQQ,97,main
student_book,level_1,12,12.08,Track 12.08,,audio,CQACAgQAAxkBAAID7WqitCvWAxryftMBQl2XFe4lrzpKAAK8IAACmGnxUHVWNU6EjqtRPQQ,16,main
student_book,level_1,12,12.09,Track 12.09,,audio,CQACAgQAAxkBAAIDS2qitAue6MJh_J9syp9qzjHMFQISAAIjIAACmGnxUEaIHPZbE5r9PQQ,15,main
student_book,level_1,12,12.10,Track 12.10,,audio,CQACAgQAAxkBAAIEBGqitCvuLv3DcJ4IlCqpq06reWomAALTIAACmGnxUJTsIiNtKRFZPQQ,31,main
student_book,level_1,12,12.11,Track 12.11,,audio,CQACAgQAAxkBAAIDY2qitBLJ1AsRSVoPRSXKx4qkJ3bCAAI8IAACmGnxUCnTK-rt7Q5YPQQ,42,main
student_book,level_1,12,12.12,Track 12.12,,audio,CQACAgQAAxkBAAIEG2qitCs2aoVCs4BrttoWDWiX-zfcAALqIAACmGnxUKdtua8BniI8PQQ,55,main
student_book,level_1,12,12.13,Track 12.13,,audio,CQACAgQAAxkBAAIDemqitBK2dXpNKyXTDCv4_8ivWjRNAAJVIAACmGnxUCqORjRngI1gPQQ,108,main
student_book,level_1,12,12.14,Track 12.14,,audio,CQACAgQAAxkBAAIDxmqitCvrjwhKJxF9vRRNbxamMj4DAAIBIQACmGnxUExnpCz4CZ9VPQQ,137,main
workbook,level_1,1,1.1,Track 1.1,,audio,CQACAgQAAxkBAAIEPmqitE4iljwvveQKRj-mGsxZ_vXGAAIcIQACmGnxUFrZoNKAe0y7PQQ,45,main
workbook,level_1,1,1.2,Track 1.2,,audio,CQACAgQAAxkBAAIEUGqitE68FIzWT8lFXJViXXV9q6edAAIuIQACmGnxUPU-U5VRewj8PQQ,53,main
workbook,level_1,1,1.3,Track 1.3,,audio,CQACAgQAAxkBAAIEL2qitE7bRhYjcNjys7-CVoUo01k0AAINIQACmGnxUL2JkM3eHPz4PQQ,44,main
workbook,level_1,1,1.4,Track 1.4,,audio,CQACAgQAAxkBAAIEQWqitE5yTFSGAAEX6kGlZWza-j6GowACHyEAAphp8VBD4HGqyW0ZZT0E,43,main
workbook,level_1,1,1.5,Track 1.5,,audio,CQACAgQAAxkBAAIEU2qitE6Y0lACYhhZe4QcvP__weKKAAIxIQACmGnxUCtNDct-FPROPQQ,52,main
workbook,level_1,1,1.6,Track 1.6,,audio,CQACAgQAAxkBAAIEMmqitE4_6-FarTcsPAKOz6Iwnak9AAIQIQACmGnxUE_tRxyihcwcPQQ,48,main
workbook,level_1,2,2.1,Track 2.1,,audio,CQACAgQAAxkBAAIERGqitE4bO0f9j1ttSP6JFWn-WLfbAAIiIQACmGnxUKhmHViYCX21PQQ,56,main
workbook,level_1,2,2.2,Track 2.2,,audio,CQACAgQAAxkBAAIEVmqitE6R-cZTaunn6BWvGPrUSV6xAAI0IQACmGnxULl2egjyG_uvPQQ,37,main
workbook,level_1,2,2.3,Track 2.3,,audio,CQACAgQAAxkBAAIENWqitE6pMY-l0FlAirqUfyHRXsXfAAITIQACmGnxUFHW6CqcQzJLPQQ,45,main
workbook,level_1,3,3.1,Track 3.1,,audio,CQACAgQAAxkBAAIER2qitE6odqvLPbH-tcG7sP6W7O4WAAIlIQACmGnxUIkRBWAGhBYbPQQ,67,main
workbook,level_1,3,3.2,Track 3.2,,audio,CQACAgQAAxkBAAIEWWqitE4QcYOGHzl8mwspVHP-p3EFAAI3IQACmGnxUPnBFBPStcMjPQQ,24,main
workbook,level_1,3,3.3,Track 3.3,,audio,CQACAgQAAxkBAAIEOGqitE5hhPkv_inRDz9gCy20Lv7VAAIWIQACmGnxUA0dUty7r1LcPQQ,55,main
workbook,level_1,3,3.4,Track 3.4,,audio,CQACAgQAAxkBAAIESmqitE50rWzuU3wjQ7XR06F32UYLAAIoIQACmGnxUMlY6ocYtfFqPQQ,39,main
workbook,level_1,4,4.1,Track 4.1,,audio,CQACAgQAAxkBAAIEXGqitE4S9YbJXVl9fhz-m-7-ufG1AAI6IQACmGnxUHKAPr4VFkZ1PQQ,48,main
workbook,level_1,4,4.2,Track 4.2,,audio,CQACAgQAAxkBAAIEO2qitE4pSZixghGKRZBejmBycYhFAAIZIQACmGnxUPgWS6CY2rzXPQQ,33,main
workbook,level_1,4,4.3,Track 4.3,,audio,CQACAgQAAxkBAAIETWqitE5mCqmeu867elSlJwkkmPBdAAIrIQACmGnxUArcRg1qnNwlPQQ,49,main
workbook,level_1,4,4.4,Track 4.4,,audio,CQACAgQAAxkBAAIEXmqitE5gjhlAt4QI-Q-pM-kWqQGcAAI8IQACmGnxUO2dSZgyb_GnPQQ,49,main
workbook,level_1,5,5.1,Track 5.1,,audio,CQACAgQAAxkBAAIEPWqitE7RbMD3pdRiqXeht_-13WnMAAIbIQACmGnxUPXYbeErtDPHPQQ,43,main
workbook,level_1,5,5.2,Track 5.2,,audio,CQACAgQAAxkBAAIET2qitE40q-XMBZASEuUSXeEdJvDJAAItIQACmGnxUCE4fOvVVUd5PQQ,31,main
workbook,level_1,5,5.3,Track 5.3,,audio,CQACAgQAAxkBAAIELmqitE74qP5_Pvj8Qfh4to7XhZuLAAIMIQACmGnxUH-fgDXYY_LdPQQ,87,main
workbook,level_1,5,5.4,Track 5.4,,audio,CQACAgQAAxkBAAIEQGqitE7VK69SsLVOg0nQTbru0zQLAAIeIQACmGnxUHATcBt44YAOPQQ,42,main
workbook,level_1,6,6.1,Track 6.1,,audio,CQACAgQAAxkBAAIEUmqitE6cihmMaVlI5TetCbtXbsSnAAIwIQACmGnxUBg0g71T4yfVPQQ,42,main
workbook,level_1,6,6.2,Track 6.2,,audio,CQACAgQAAxkBAAIEMWqitE7JJxXW8yBxfXgQqyAIZDXOAAIPIQACmGnxUPEUZ1kv_fFoPQQ,71,main
workbook,level_1,6,6.3,Track 6.3,,audio,CQACAgQAAxkBAAIEQ2qitE4EmS4PxVI85U3SVrOU2zlbAAIhIQACmGnxUKcmbzSsjpKAPQQ,50,main
workbook,level_1,6,6.4,Track 6.4,,audio,CQACAgQAAxkBAAIEVWqitE7yVe9CqN9TNkiYs7ysUKMbAAIzIQACmGnxUMDGDXX9FEebPQQ,80,main
workbook,level_1,6,6.5,Track 6.5,,audio,CQACAgQAAxkBAAIENGqitE49-s9pePsAAbFLOeBvMXCD7AACEiEAAphp8VBo1MLmPwT6VT0E,70,main
workbook,level_1,6,6.6,Track 6.6,,audio,CQACAgQAAxkBAAIERmqitE4o-u1JKFNHzVkuMFRjWa1QAAIkIQACmGnxUC1gEmBq-8PdPQQ,37,main
workbook,level_1,7,7.1,Track 7.1,,audio,CQACAgQAAxkBAAIEWGqitE7f2PztpDIyBRQhF5m8cezTAAI2IQACmGnxUJ2lgz7Dl7YFPQQ,27,main
workbook,level_1,7,7.2,Track 7.2,,audio,CQACAgQAAxkBAAIEN2qitE7O9HEpkHiBVvDZQK7rxcBVAAIVIQACmGnxUFU9sV1BGVyLPQQ,58,main
workbook,level_1,7,7.3,Track 7.3,,audio,CQACAgQAAxkBAAIESWqitE4TXdCg7op81WLa_07hG9IlAAInIQACmGnxUEUFfPdJ5CySPQQ,81,main
workbook,level_1,7,7.4,Track 7.4,,audio,CQACAgQAAxkBAAIEW2qitE66r-nUdRPxiz-jPFa-KIfjAAI5IQACmGnxUH071zW4nuinPQQ,43,main
workbook,level_1,8,8.1,Track 8.1,,audio,CQACAgQAAxkBAAIEOmqitE6B4LHa53NrU1zIxRk1cUKPAAIYIQACmGnxUCSRInE1wteZPQQ,54,main
workbook,level_1,8,8.2,Track 8.2,,audio,CQACAgQAAxkBAAIETGqitE6hQZxn2hXPuAcwv2TErP-ZAAIqIQACmGnxUCM_XALfeOzRPQQ,45,main
workbook,level_1,8,8.3,Track 8.3,,audio,CQACAgQAAxkBAAIEXWqitE6eh9pozuIqhvh33GTwU0tiAAI7IQACmGnxUPiXejHn7E1dPQQ,44,main
workbook,level_1,9,9.1,Track 9.1,,audio,CQACAgQAAxkBAAIEPGqitE50ynM6k94MZjScL_H3RdbiAAIaIQACmGnxUDeqpQGgeaXQPQQ,43,main
workbook,level_1,9,9.2,Track 9.2,,audio,CQACAgQAAxkBAAIETmqitE5-qLSsSxJ8VuTaB-4fUIrOAAIsIQACmGnxUCclOm5EI4NqPQQ,45,main
workbook,level_1,9,9.3,Track 9.3,,audio,CQACAgQAAxkBAAIEX2qitE5j32rX_dBMZK8hk3hQyMWEAAI9IQACmGnxUJ8HV4X6mT9hPQQ,56,main
workbook,level_1,9,9.4,Track 9.4,,audio,CQACAgQAAxkBAAIEP2qitE4Tozbp9OMad9qQxkMhYCMfAAIdIQACmGnxUCrkgvvrda_pPQQ,37,main
workbook,level_1,9,9.5,Track 9.5,,audio,CQACAgQAAxkBAAIEUWqitE5q3KVGxVv-tLoNuPGAV19rAAIvIQACmGnxUOL1SJcKMj2LPQQ,45,main
workbook,level_1,10,10.1,Track 10.1,,audio,CQACAgQAAxkBAAIEMGqitE7Bed02tZGND7jdndntJJNvAAIOIQACmGnxUG_UL9sEe3FSPQQ,83,main
workbook,level_1,10,10.2,Track 10.2,,audio,CQACAgQAAxkBAAIEQmqitE7jLtBYWeV-iMjMmDnZySrVAAIgIQACmGnxUN3zgkxhPdV6PQQ,44,main
workbook,level_1,10,10.3,Track 10.3,,audio,CQACAgQAAxkBAAIEVGqitE4T8ren11Fio1x0mTYFQ3YfAAIyIQACmGnxUAAB4qPcnPjv0z0E,61,main
workbook,level_1,11,11.1,Track 11.1,,audio,CQACAgQAAxkBAAIEM2qitE4O_CrVUjmCw5kR2yyYZHhOAAIRIQACmGnxUE7Ziyhp9iLFPQQ,55,main
workbook,level_1,11,11.2,Track 11.2,,audio,CQACAgQAAxkBAAIERWqitE7PmLI81UbhK09qBlFPgpOjAAIjIQACmGnxUID2_C21_YMMPQQ,44,main
workbook,level_1,11,11.3,Track 11.3,,audio,CQACAgQAAxkBAAIEV2qitE6H4rz6wscX2tr86Z09-h2WAAI1IQACmGnxUJZjuc4-mfMBPQQ,64,main
workbook,level_1,12,12.1,Track 12.1,,audio,CQACAgQAAxkBAAIENmqitE7MJnODE2IDL6dct3VkkkQpAAIUIQACmGnxUPjT6X0kScJLPQQ,45,main
workbook,level_1,12,12.2,Track 12.2,,audio,CQACAgQAAxkBAAIESGqitE43bB6hfnH3NUyMTUpmKN46AAImIQACmGnxUDWKJmCj3XZaPQQ,19,main
workbook,level_1,12,12.3,Track 12.3,,audio,CQACAgQAAxkBAAIEWmqitE4EFDlPrHIGiWfivJqPybxVAAI4IQACmGnxUDEpYhws2oxBPQQ,81,main
workbook,level_1,12,12.4,Track 12.4,,audio,CQACAgQAAxkBAAIEOWqitE50no1nYHEYNOU1iYBYfYxsAAIXIQACmGnxUNidcGT_mRFkPQQ,123,main
workbook,level_1,12,12.5,Track 12.5,,audio,CQACAgQAAxkBAAIES2qitE4JkbNMdwxZcCtIr_8pXt3tAAIpIQACmGnxUPPGUMv9eiXNPQQ,64,main
student_book,level_2,1,1.2,Track 1.2,,audio,CQACAgQAAxkBAAIEbWqitHwGwV6TkI0UuGs2k4ia5L9LAAI6IAACmGn5UPfCO_Yq6PGIPQQ,116,main
student_book,level_2,1,1.3,Track 1.3,,audio,CQACAgQAAxkBAAIFAWqitIPkV3ZA6J0gAAFRfmfzGJkY_gACWCMAAuBc-FCiCvMO3aq3oz0E,37,main
student_book,level_2,1,1.4,Track 1.4,,audio,CQACAgQAAxkBAAIEgmqitHy954Cdbn7vvEHbDv8_E0WqAAI4IgAC4Fz4UNl59pX3ve5fPQQ,20,main
student_book,level_2,1,1.5,Track 1.5,,audio,CQACAgQAAxkBAAIFe2qitJyBmJB0lSK6H5ZLV-2G74ULAALUIwAC4Fz4UPQOC8JTqzBQPQQ,23,main
student_book,level_2,1,1.6,Track 1.6,,audio,CQACAgQAAxkBAAIEl2qitHw4cDBIebwXuhdCf8LsQH70AAJXIgAC4Fz4UH1SNyRqGt1qPQQ,52,main
student_book,level_2,1,1.7,Track 1.7,,audio,CQACAgQAAxkBAAIFcWqitJybSvGM7SAQGD9TfvC2yDzFAALJIwAC4Fz4UM7K78wQdEKyPQQ,42,main
student_book,level_2,1,1.8,Track 1.8,,audio,CQACAgQAAxkBAAIExWqitHwiRAxg98S64xvELUYrfOU3AAIXIwAC4Fz4UCGhGH2mBnzbPQQ,67,main
student_book,level_2,1,1.9,Track 1.9,,audio,CQACAgQAAxkBAAIFaGqitJwOs8sujFV8zNMfX1TengABxwACwCMAAuBc-FAR1IImy-w8Cz0E,78,main
student_book,level_2,1,1.10,Track 1.10,,audio,CQACAgQAAxkBAAIEv2qitHzgo98o8YwnDdZMD5HhOwz-AAIRIwAC4Fz4UO_9YeSVYEBpPQQ,212,main
student_book,level_2,1,1.11,Track 1.11,,audio,CQACAgQAAxkBAAIFX2qitJwf5kWW0rlQfGvqxcCUEcXfAAK3IwAC4Fz4UO3IXyd0VTTIPQQ,76,main
student_book,level_2,1,1.12,Track 1.12,,audio,CQACAgQAAxkBAAIEtmqitHxvo_Du2bZlQHvHkJTbzsG0AAIHIwAC4Fz4UELLEVl-wrB3PQQ,25,main
student_book,level_2,1,1.13,Track 1.13,,audio,CQACAgQAAxkBAAIFVWqitJxC50MDvt7yyu6iQps8c-xkAAKsIwAC4Fz4UFFauu2gqIbcPQQ,62,main
student_book,level_2,1,1.14,Track 1.14,,audio,CQACAgQAAxkBAAIEvmqitHyDdsdA3pz7uX8JF6bjk8L7AAIQIwAC4Fz4UBC_qNrIiXA-PQQ,53,main
student_book,level_2,1,1.15,Track 1.15,,audio,CQACAgQAAxkBAAIEaGqitHxFZ52gvG17bRsGLRGU0czTAAIvIAACmGn5UCqj8SxS7IluPQQ,36,main
student_book,level_2,1,1.16,Track 1.16,,audio,CQACAgQAAxkBAAIFCWqitIPOfUNZvTWQVZrwCj6VTcFPAAJgIwAC4Fz4UGRh5XOCv8hMPQQ,33,main
student_book,level_2,1,1.17,Track 1.17,,audio,CQACAgQAAxkBAAIEfWqitHwLb-8AAXgOJcVZgD_d7fsi0gACrR0AAuBc8FBzYpazwc0OBz0E,38,main
student_book,level_2,1,1.18,Track 1.18,,audio,CQACAgQAAxkBAAIFAAFqorSDbUhMCjoEEVZUuGLdf3-fKQACVyMAAuBc-FD-nbFBKkeHlz0E,39,main
student_book,level_2,1,1.19,Track 1.19,,audio,CQACAgQAAxkBAAIEkmqitHyW6GKCxKpMZBNAuatoLyYKAAJPIgAC4Fz4UBLOoDHv5o7TPQQ,66,main
student_book,level_2,1,1.20,Track 1.20,,audio,CQACAgQAAxkBAAIFemqitJxUNHY_zWzRoW_ruhLjbHmYAALSIwAC4Fz4ULFCItiy_Ey8PQQ,90,main
student_book,level_2,1,1.21,Track 1.21,,audio,CQACAgQAAxkBAAIErGqitHyuTKaL3yN8j7mXRdipJjgGAAL9IgAC4Fz4UMuehZGcDHYhPQQ,55,main
student_book,level_2,1,1.22,Track 1.22,,audio,CQACAgQAAxkBAAIFcGqitJwma05n_2LZdaCiqps8XfUYAALIIwAC4Fz4UAg-DN8xdZ1yPQQ,26,main
student_book,level_2,1,1.23,Track 1.23,,audio,CQACAgQAAxkBAAIEpmqitHy91WowJgs-veD10DRzN7LWAAL3IgAC4Fz4UHMqcgfx1QMxPQQ,176,main
student_book,level_2,1,1.24,Track 1.24,,audio,CQACAgQAAxkBAAIFZ2qitJz5c84K3_pKkd-OdPfJfNHUAAK_IwAC4Fz4UL20YvuZlaq4PQQ,27,main
student_book,level_2,1,1.25,Track 1.25,,audio,CQACAgQAAxkBAAIE-WqitINhkiHo8R5cpspsei1-wxP1AAJQIwAC4Fz4UB2QjWo7Y1rhPQQ,51,main
student_book,level_2,1,1.26,Track 1.26,,audio,CQACAgQAAxkBAAIFXmqitJwXvx_kzzaDi0fdETci_qSWAAK2IwAC4Fz4UHZqNNgdx2OcPQQ,26,main
student_book,level_2,1,1.27,Track 1.27,,audio,CQACAgQAAxkBAAIEpWqitHxrhmWvF6SC3swUErVNHR_OAAL2IgAC4Fz4UATeQRjNuQ3JPQQ,24,main
student_book,level_2,1,1.28,Track 1.28,,audio,CQACAgQAAxkBAAIEY2qitHw9vY0sPxt4xi6fhFDzhjtqAAIkIAACmGn5UCckdIy_yqsnPQQ,177,main
student_book,level_2,1,1.29,Track 1.29,,audio,CQACAgQAAxkBAAIFEmqitIPur2EzltpXhHaJ5dcEsNc4AAJpIwAC4Fz4UMwOznsjAAGG3z0E,73,main
student_book,level_2,1,1.30,Track 1.30,,audio,CQACAgQAAxkBAAIEeGqitHztTy8JaaaTjGfsZPdkiTh7AAKnHQAC4FzwUDOI1cCLmgyUPQQ,78,main
student_book,level_2,1,1.31,Track 1.31,,audio,CQACAgQAAxkBAAIFCGqitINtDNGoeEE80QLJBdUuAUMZAAJfIwAC4Fz4UJuCdBIoTWJVPQQ,52,main
student_book,level_2,1,1.32,Track 1.32,,audio,CQACAgQAAxkBAAIEjWqitHz7CQ-HrJsFWM3IszTC22eoAAJJIgAC4Fz4UOBT4gthvJF4PQQ,76,main
student_book,level_2,1,1.33,Track 1.33,,audio,CQACAgQAAxkBAAIE_2qitINYKGsSKl1TfCD0oPoceNxgAAJWIwAC4Fz4ULge7ZRrDL2rPQQ,102,main
student_book,level_2,1,1.34,Track 1.34,,audio,CQACAgQAAxkBAAIE8GqitIPbu7AJpwnwBKJXgrL5FHRiAAJGIwAC4Fz4UHTBEl28A-PxPQQ,34,main
student_book,level_2,2,2.1,Track 2.1,,audio,CQACAgQAAxkBAAIFeWqitJw70lKxFbdgPMvMn7hRA0eOAALRIwAC4Fz4UNp11Hk8hi--PQQ,108,main
student_book,level_2,2,2.2,Track 2.2,,audio,CQACAgQAAxkBAAIE6WqitIMZ5cYT1WtAmsflmFuXHuGqAAI7IwAC4Fz4UAUNJsKpcoNAPQQ,41,main
student_book,level_2,2,2.3,Track 2.3,,audio,CQACAgQAAxkBAAIFb2qitJwqcsG8ut6Sv-OXb-5VnuMvAALHIwAC4Fz4UP-qGg5lU5KWPQQ,23,main
student_book,level_2,2,2.4,Track 2.4,,audio,CQACAgQAAxkBAAIE4mqitINjN0HzoAUEW1KWPBl48oV6AAIzIwAC4Fz4UN6N-J23C7AkPQQ,32,main
student_book,level_2,2,2.5,Track 2.5,,audio,CQACAgQAAxkBAAIFZmqitJyAI3F09NGjJL50nv-C91wCAAK-IwAC4Fz4UOpkz6THU0bZPQQ,34,main
student_book,level_2,2,2.6,Track 2.6,,audio,CQACAgQAAxkBAAIE22qitINxc39s00cqpw7iDTG20bEfAAIsIwAC4Fz4UL9RbuDUhGVPPQQ,59,main
student_book,level_2,2,2.7,Track 2.7,,audio,CQACAgQAAxkBAAIFXWqitJzRcxfeTXy-xPVCEA7vzGmzAAK1IwAC4Fz4UGJfIZ1kuwPnPQQ,51,main
student_book,level_2,2,2.8,Track 2.8,,audio,CQACAgQAAxkBAAIE4WqitIPjFWooCjeyrvUlRCbkeeuMAAIyIwAC4Fz4UKVO2znHqG4ZPQQ,73,main
student_book,level_2,2,2.9,Track 2.9,,audio,CQACAgQAAxkBAAIEdGqitHxcrxhXwEPBuHwGFwzrbxsPAAKjHQAC4FzwULCgFylwoQ5oPQQ,40,main
student_book,level_2,2,2.10,Track 2.10,,audio,CQACAgQAAxkBAAIFKmqitIPNbBnjFUwKqNXKbkejNIQBAAKBIwAC4Fz4UNlBk5EHtWAdPQQ,124,main
student_book,level_2,2,2.11,Track 2.11,,audio,CQACAgQAAxkBAAIEiWqitHyr3CifWSeFZTNndCA0v0ckAAJCIgAC4Fz4UKK6hB4eRhSEPQQ,29,main
student_book,level_2,2,2.12,Track 2.12,,audio,CQACAgQAAxkBAAIFIGqitIPanc6mOatwQiAnnKqjX-YbAAJ3IwAC4Fz4UKY0b8-fFs10PQQ,13,main
student_book,level_2,2,2.13,Track 2.13,,audio,CQACAgQAAxkBAAIEnmqitHyBMtJv-0Zfp2aaIrgO19xFAAJyIgAC4Fz4UAX2cNCmxG5ePQQ,84,main
student_book,level_2,2,2.14,Track 2.14,,audio,CQACAgQAAxkBAAIFF2qitIMV40f0FkEdCbK_PeyR9NgVAAJuIwAC4Fz4UOSF_hXbdObMPQQ,39,main
student_book,level_2,2,2.15,Track 2.15,,audio,CQACAgQAAxkBAAIEw2qitHx5EEn60IgtgY32NczP3nERAAIVIwAC4Fz4UNTx_ouC9FDOPQQ,148,main
student_book,level_2,2,2.16,Track 2.16,,audio,CQACAgQAAxkBAAIFDWqitIN3_uBQ2kdWvOJKxT_URdGHAAJkIwAC4Fz4UOohabh40S81PQQ,154,main
student_book,level_2,2,2.17,Track 2.17,,audio,CQACAgQAAxkBAAIEvGqitHy_N8ar_ahrrDkfCp1qyEUxAAIOIwAC4Fz4UC9N8rvRcSVWPQQ,38,main
student_book,level_2,2,2.18,Track 2.18,,audio,CQACAgQAAxkBAAIFA2qitIPLBicvOhB4zp__Y3TPksV0AAJaIwAC4Fz4UIC8nQTJlkJRPQQ,13,main
student_book,level_2,2,2.19,Track 2.19,,audio,CQACAgQAAxkBAAIEtGqitHy3vrrJ2VpuFPcaeprkcxWTAAIFIwAC4Fz4UOki82-WCVkOPQQ,24,main
student_book,level_2,2,2.20,Track 2.20,,audio,CQACAgQAAxkBAAIE-mqitIPYa67XZeT5Ue0xQFCBCKALAAJRIwAC4Fz4UJ8NikV5E4mGPQQ,37,main
student_book,level_2,2,2.21,Track 2.21,,audio,CQACAgQAAxkBAAIEu2qitHzK62e-CMMKs0xi83VrnVf_AAINIwAC4Fz4UO6VFpvgo_4NPQQ,113,main
student_book,level_2,2,2.22,Track 2.22,,audio,CQACAgQAAxkBAAIEcGqitHxAQj4zOtifTWYh7lnzss50AAKbHQAC4FzwUPo2fKxVHEtOPQQ,173,main
student_book,level_2,2,2.23,Track 2.23,,audio,CQACAgQAAxkBAAIFTGqitJy74nMTwkG_KIrAaUAaK5YkAAKjIwAC4Fz4UNlRe7IRxDh7PQQ,116,main
student_book,level_2,3,3.1,Track 3.1,,audio,CQACAgQAAxkBAAIEhWqitHwCva1HBdynd1wprVTXAx2rAAI8IgAC4Fz4UMtAbh1yRB4sPQQ,60,main
student_book,level_2,3,3.2,Track 3.2,,audio,CQACAgQAAxkBAAIFQmqitJwZvNsGE9ssvNXs5jzdiup0AAKZIwAC4Fz4UAXNwNEAAVhFvD0E,78,main
student_book,level_2,3,3.3,Track 3.3,,audio,CQACAgQAAxkBAAIEmmqitHzJBTPKb5r7iv8gkkVvqe4wAAJcIgAC4Fz4UCGwaDMSthXXPQQ,42,main
student_book,level_2,3,3.4,Track 3.4,,audio,CQACAgQAAxkBAAIFOWqitJxuWYtOOCKjfKbnTAu35IXcAAKQIwAC4Fz4UI68L66VLUdaPQQ,170,main
student_book,level_2,3,3.5,Track 3.5,,audio,CQACAgQAAxkBAAIE-GqitIPV6_vseOohOfc4rH-mWldbAAJPIwAC4Fz4UJnNLzRmJY6gPQQ,37,main
student_book,level_2,3,3.6,Track 3.6,,audio,CQACAgQAAxkBAAIFMGqitJwio8p94Kfo4yvXjp3RSS3mAAKHIwAC4Fz4UAMZorP2xUR4PQQ,25,main
student_book,level_2,3,3.7,Track 3.7,,audio,CQACAgQAAxkBAAIE8mqitIMov_03oo4SKUW_S9S5YlzdAAJIIwAC4Fz4UIpfmXgqDV-hPQQ,106,main
student_book,level_2,3,3.8,Track 3.8,,audio,CQACAgQAAxkBAAIFJWqitIOLTkyZqVf0yREm6sL58pz6AAJ8IwAC4Fz4UAig_jToAAGP2T0E,34,main
student_book,level_2,3,3.9,Track 3.9,,audio,CQACAgQAAxkBAAIE6mqitINNudGn1AeJO96tckiin6laAAI8IwAC4Fz4UDpUrreLuo7JPQQ,120,main
student_book,level_2,3,3.10,Track 3.10,,audio,CQACAgQAAxkBAAIFG2qitIPH-ndmHDKnJ1Fc3ec-O38SAAJyIwAC4Fz4UHhLXw-fE85cPQQ,74,main
student_book,level_2,3,3.11,Track 3.11,,audio,CQACAgQAAxkBAAIE8WqitIP5vG1XCb7AWYnlOReyQTkYAAJHIwAC4Fz4UL0ckHKJutslPQQ,33,main
student_book,level_2,3,3.12,Track 3.12,,audio,CQACAgQAAxkBAAIEa2qitHy6_m9lqQQPXa5gcS4AAUY3awACNCAAAphp-VCwsnBK475YWz0E,28,main
student_book,level_2,3,3.13,Track 3.13,,audio,CQACAgQAAxkBAAIFVGqitJy31g8SjrotohATLtZCUKfhAAKrIwAC4Fz4UEaBjxDE8sGSPQQ,24,main
student_book,level_2,3,3.14,Track 3.14,,audio,CQACAgQAAxkBAAIEgGqitHw0lcxO6EF0NMXZy21q8yanAAIxIgAC4Fz4UIUcwYHBzdFfPQQ,98,main
student_book,level_2,3,3.15,Track 3.15,,audio,CQACAgQAAxkBAAIFS2qitJwtyWx95OsO1Tb4WXqQD85sAAKiIwAC4Fz4UKIfRxhZvej5PQQ,99,main
student_book,level_2,3,3.16,Track 3.16,,audio,CQACAgQAAxkBAAIElWqitHzXWIldkKipRJS4UPTgqWoZAAJSIgAC4Fz4UDUFdf9TKe2mPQQ,38,main
student_book,level_2,3,3.17,Track 3.17,,audio,CQACAgQAAxkBAAIFQWqitJzEUw6nq2kw38FICnKfdjn2AAKYIwAC4Fz4UPKeBErlYB1rPQQ,67,main
student_book,level_2,3,3.18,Track 3.18,,audio,CQACAgQAAxkBAAIE4GqitIMQ04K3wOicxnHZDX5BGoPUAAIxIwAC4Fz4UIF2BmYroDTiPQQ,47,main
student_book,level_2,3,3.19,Track 3.19,,audio,CQACAgQAAxkBAAIFOGqitJz-iEMDHLeHUM_EsLf2g0qNAAKPIwAC4Fz4UAcCkmwxjhs9PQQ,19,main
student_book,level_2,3,3.20,Track 3.20,,audio,CQACAgQAAxkBAAIE2mqitINC_oYXGEuLYo7PadXtTza4AAIrIwAC4Fz4UEMGKjXcsIlKPQQ,88,main
student_book,level_2,3,3.21,Track 3.21,,audio,CQACAgQAAxkBAAIFL2qitJwy4OphKTZjkw8WB80iZjAfAAKGIwAC4Fz4UAFqT7idlHGRPQQ,55,main
student_book,level_2,3,3.22,Track 3.22,,audio,CQACAgQAAxkBAAIE0mqitIMHMn6cWx5ORwjNrfj_LnpPAAIjIwAC4Fz4UEUal7upa-14PQQ,77,main
student_book,level_2,3,3.23,Track 3.23,,audio,CQACAgQAAxkBAAIFJGqitIPzO3jgPT0AAfdifZSiTgdx6QACeyMAAuBc-FAV9fkYR8Tu3j0E,106,main
student_book,level_2,3,3.24,Track 3.24,,audio,CQACAgQAAxkBAAIE2WqitIP3REqnfCUs6JO3kD3nf8PnAAIqIwAC4Fz4ULV2gVzmZvoRPQQ,85,main
student_book,level_2,3,3.25,Track 3.25,,audio,CQACAgQAAxkBAAIEZmqitHyKDtStv1quO6prF4S-vXi0AAItIAACmGn5UBrsnyo2vXRLPQQ,51,main
student_book,level_2,4,4.1,Track 4.1,,audio,CQACAgQAAxkBAAIFXGqitJz-AAEJH2tuRQb_MOQk1VCq2wACtCMAAuBc-FBFHoiBoMFmAAE9BA,88,main
student_book,level_2,4,4.2,Track 4.2,,audio,CQACAgQAAxkBAAIEe2qitHxXOAvo__wacnKOKf2sIza5AAKrHQAC4FzwUKU3vhuG7bg9PQQ,56,main
student_book,level_2,4,4.3,Track 4.3,,audio,CQACAgQAAxkBAAIFU2qitJw2-eyD-tqvnllrXr8Xh6_9AAKqIwAC4Fz4UCE3IdoWCNlLPQQ,62,main
student_book,level_2,4,4.4,Track 4.4,,audio,CQACAgQAAxkBAAIEkGqitHySIDSgqcWRiiPp9A9_FX_lAAJMIgAC4Fz4UJxUTreAx4PmPQQ,31,main
student_book,level_2,4,4.5,Track 4.5,,audio,CQACAgQAAxkBAAIFSmqitJw7YokGEPz8f_nzxGnYzdaHAAKhIwAC4Fz4UL-DgBIygFnUPQQ,21,main
student_book,level_2,4,4.6,Track 4.6,,audio,CQACAgQAAxkBAAIEyWqitINA-2f9k8hX2s8_O1izKuwhAAIaIwAC4Fz4UECbs30coFGDPQQ,11,main
student_book,level_2,4,4.7,Track 4.7,,audio,CQACAgQAAxkBAAIFQGqitJyCJLq5loqceRaa0qpV_LgiAAKXIwAC4Fz4UGoI02ElRDSmPQQ,43,main
student_book,level_2,4,4.8,Track 4.8,,audio,CQACAgQAAxkBAAIEwWqitHzKttKI5g0CL6RPHlBx3MHzAAITIwAC4Fz4UCAysUDJpSEhPQQ,17,main
student_book,level_2,4,4.9,Track 4.9,,audio,CQACAgQAAxkBAAIFN2qitJxsKyPgR0e54bJptOdimGvAAAKOIwAC4Fz4UGx3jaEptWd-PQQ,36,main
student_book,level_2,4,4.10,Track 4.10,,audio,CQACAgQAAxkBAAIEuWqitHycFMgrOWc10RzmbGWyyD1dAAILIwAC4Fz4UJ4XrVJkpzjoPQQ,64,main
student_book,level_2,4,4.11,Track 4.11,,audio,CQACAgQAAxkBAAIFLmqitJxXIRYBmNHLDvNuF9UIocszAAKFIwAC4Fz4UHUU3oYKKHVSPQQ,203,main
student_book,level_2,4,4.12,Track 4.12,,audio,CQACAgQAAxkBAAIEsmqitHw0RMDlRztmpXXyYdzKSwABlAACAyMAAuBc-FDxQxvgOSNQtj0E,60,main
student_book,level_2,4,4.13,Track 4.13,,audio,CQACAgQAAxkBAAIFI2qitINwghia42compZyMhtBnJ-xAAJ6IwAC4Fz4UEnlz2jXcXmyPQQ,47,main
student_book,level_2,4,4.14,Track 4.14,,audio,CQACAgQAAxkBAAIEuGqitHwKsOtRTrEVJ_t2uLuabVowAAIJIwAC4Fz4UDPv0tfvNljJPQQ,92,main
student_book,level_2,4,4.15,Track 4.15,,audio,CQACAgQAAxkBAAIEd2qitHySV2W697EVpbLnF6_V377OAAKmHQAC4FzwUGr97Y8QUKlnPQQ,29,main
student_book,level_2,4,4.16,Track 4.16,,audio,CQACAgQAAxkBAAIFc2qitJxSSS3YcXGMdk5BWF1eJdHUAALLIwAC4Fz4UNWsuso5-KN6PQQ,15,main
student_book,level_2,4,4.17,Track 4.17,,audio,CQACAgQAAxkBAAIEjGqitHyNidBFXjWjpIJORMRV2elEAAJHIgAC4Fz4ULm3rApWDt3CPQQ,97,main
student_book,level_2,4,4.18,Track 4.18,,audio,CQACAgQAAxkBAAIFamqitJz4vKTVPTGoE8DyKLZzyrHJAALCIwAC4Fz4UL7lLxZ09hpgPQQ,14,main
student_book,level_2,4,4.19,Track 4.19,,audio,CQACAgQAAxkBAAIEomqitHwRKAZX_dU5FLOLlFG7IZnIAALzIgAC4Fz4UOHG8AABhhPpnT0E,21,main
student_book,level_2,4,4.20,Track 4.20,,audio,CQACAgQAAxkBAAIFYWqitJzMoyjBUD3fnqZEKbQvwn0JAAK5IwAC4Fz4UFjmzMqKB23uPQQ,20,main
student_book,level_2,4,4.21,Track 4.21,,audio,CQACAgQAAxkBAAIE9mqitIPS2aXMHWUoeQERwv0xiPR3AAJNIwAC4Fz4UOJG7HWdzvBBPQQ,83,main
student_book,level_2,4,4.22,Track 4.22,,audio,CQACAgQAAxkBAAIFV2qitJziEy0Cy8pf4NAXbd4huj3vAAKuIwAC4Fz4UKqBUBVlWoy1PQQ,71,main
student_book,level_2,4,4.23,Track 4.23,,audio,CQACAgQAAxkBAAIE72qitIPEC4bUmtnLu9Ry-a7ZaN_YAAJFIwAC4Fz4UAABNu7sfqWW2j0E,47,main
student_book,level_2,4,4.24,Track 4.24,,audio,CQACAgQAAxkBAAIFTmqitJwhuSR1HlDi3Wa_jVZby0Q9AAKlIwAC4Fz4UBR0AmbFjARKPQQ,114,main
student_book,level_2,4,4.25,Track 4.25,,audio,CQACAgQAAxkBAAIE6GqitIMpRsW9qHmWYjdFwUgWs22mAAI6IwAC4Fz4UBlFzOoY2qDXPQQ,99,main
student_book,level_2,5,5.1,Track 5.1,,audio,CQACAgQAAxkBAAIFRWqitJz0ojYaK88xHQABH0XseicgvAACnCMAAuBc-FAUAwIoQMoVbD0E,31,main
student_book,level_2,5,5.2,Track 5.2,,audio,CQACAgQAAxkBAAIE7mqitINQp85nLxWnRbpD1Ms0ucVlAAJEIwAC4Fz4UPDAJpW6xhlWPQQ,32,main
student_book,level_2,5,5.3,Track 5.3,,audio,CQACAgQAAxkBAAIEc2qitHwZs4Bnd5YhtvYPeICwdS0lAAKiHQAC4FzwUITos4M03qavPQQ,63,main
student_book,level_2,5,5.4,Track 5.4,,audio,CQACAgQAAxkBAAIFEWqitIPq7EA-xpqQxjIYoFVZjwhdAAJoIwAC4Fz4UA6SvNdlDhoHPQQ,29,main
student_book,level_2,5,5.5,Track 5.5,,audio,CQACAgQAAxkBAAIEiGqitHw74r4MX5LyLiem-GVhbPdJAAJBIgAC4Fz4UOdnqsOQBQNTPQQ,22,main
student_book,level_2,5,5.6,Track 5.6,,audio,CQACAgQAAxkBAAIFB2qitIOHLNudh6uJzKTcJmpdaP6-AAJeIwAC4Fz4UMTBpx_XgUpSPQQ,49,main
student_book,level_2,5,5.7,Track 5.7,,audio,CQACAgQAAxkBAAIEnWqitHyki-YQlerRVQGD8D4zs6tZAAJwIgAC4Fz4UBP54cgbC09DPQQ,177,main
student_book,level_2,5,5.8,Track 5.8,,audio,CQACAgQAAxkBAAIE_mqitIMni1zbBAy78G6VJUwTojoGAAJVIwAC4Fz4UPj2D_YnA9ktPQQ,171,main
student_book,level_2,5,5.9,Track 5.9,,audio,CQACAgQAAxkBAAIE0WqitIPW5UkrvIx9DzZydIVOcUw7AAIiIwAC4Fz4UK96f5pHov12PQQ,35,main
student_book,level_2,5,5.10,Track 5.10,,audio,CQACAgQAAxkBAAIFeGqitJwuPdPK-EhtWqOAFczIXDGWAALQIwAC4Fz4UI4JAAFS9uXEJT0E,46,main
student_book,level_2,5,5.11,Track 5.11,,audio,CQACAgQAAxkBAAIEy2qitIOU5QJbyVBMs-CO54uENgs2AAIcIwAC4Fz4UMbxDp96Gfu9PQQ,60,main
student_book,level_2,5,5.12,Track 5.12,,audio,CQACAgQAAxkBAAIFbmqitJw2079VrRMU_pradmj_kJfzAALGIwAC4Fz4UKSd_ha24ic1PQQ,33,main
student_book,level_2,5,5.13,Track 5.13,,audio,CQACAgQAAxkBAAIEwmqitHwUnDr9dcsTumWwxueCI3pSAAIUIwAC4Fz4UHQ7sqZ7xrHtPQQ,203,main
student_book,level_2,5,5.14,Track 5.14,,audio,CQACAgQAAxkBAAIFZWqitJzu1b9RYcD6HkFcSA1okj11AAK9IwAC4Fz4UL8hY8lqw78KPQQ,58,main
student_book,level_2,5,5.15,Track 5.15,,audio,CQACAgQAAxkBAAIEymqitIOOacPqju2a-xZYcFsXOur_AAIbIwAC4Fz4UFcy6XK2E7zmPQQ,66,main
student_book,level_2,5,5.16,Track 5.16,,audio,CQACAgQAAxkBAAIEb2qitHwSilNW1Dv2YBbQtIfVWDpUAAKaHQAC4FzwUBRRcmOvLJaYPQQ,47,main
student_book,level_2,5,5.17,Track 5.17,,audio,CQACAgQAAxkBAAIFNGqitJymZ7kzoTUZ7l2COHeyb_IJAAKLIwAC4Fz4UAFLPSEPoHAnPQQ,30,main
student_book,level_2,5,5.18,Track 5.18,,audio,CQACAgQAAxkBAAIEhGqitHxZWGf_pF3szg8H1-cvx2hJAAI6IgAC4Fz4UGltAecG46KHPQQ,31,main
student_book,level_2,5,5.19,Track 5.19,,audio,CQACAgQAAxkBAAIFKWqitINSLlyGj2XdPSkJYsm-3dOOAAKAIwAC4Fz4UI_85wYSX9ZyPQQ,18,main
student_book,level_2,5,5.20,Track 5.20,,audio,CQACAgQAAxkBAAIEmWqitHzRA7xEeEG4CHcZeGk5Vd_LAAJbIgAC4Fz4UEsgXWXORXGfPQQ,61,main
student_book,level_2,5,5.21,Track 5.21,,audio,CQACAgQAAxkBAAIFH2qitIP8inVWR22y45mjbGYNOjGhAAJ2IwAC4Fz4UAlHUKTzF5GdPQQ,96,main
student_book,level_2,5,5.22,Track 5.22,,audio,CQACAgQAAxkBAAIEqmqitHxIgUZCHI4YAaR_2q68rR-LAAL7IgAC4Fz4UDsliXIdVuntPQQ,17,main
student_book,level_2,5,5.23,Track 5.23,,audio,CQACAgQAAxkBAAIFFmqitIMN3F3PCcdDwOXvvyQzPj3qAAJtIwAC4Fz4UBkx7Z3x6VZ3PQQ,56,main
student_book,level_2,5,5.24,Track 5.24,,audio,CQACAgQAAxkBAAIEpGqitHwDN3zvjycT5yTPrW2gN_17AAL1IgAC4Fz4UMk59saf2sHVPQQ,99,main
student_book,level_2,5,5.25,Track 5.25,,audio,CQACAgQAAxkBAAIFDGqitIN-erwnid-gCN1t3lEzmNQKAAJjIwAC4Fz4UAPpCVLchhCzPQQ,136,main
student_book,level_2,5,5.26,Track 5.26,,audio,CQACAgQAAxkBAAIE92qitIOZjzzUTSl5pW7yjntVlocSAAJOIwAC4Fz4UBFUyoD8SHtRPQQ,103,main
student_book,level_2,5,5.27,Track 5.27,,audio,CQACAgQAAxkBAAIFAmqitIM4kun-lbQBIpp4zz0UYckJAAJZIwAC4Fz4UDAGVY6184eEPQQ,34,main
student_book,level_2,6,6.1,Track 6.1,,audio,CQACAgQAAxkBAAIEo2qitHzsIm4P0a5UqqN20ptcK-2YAAL0IgAC4Fz4UO1fNQL7XQEQPQQ,31,main
student_book,level_2,6,6.2,Track 6.2,,audio,CQACAgQAAxkBAAIEamqitHwhbbLDs6OafRPoBmpjRfOsAAIzIAACmGn5UHjPn2yKEfkePQQ,132,main
student_book,level_2,6,6.3,Track 6.3,,audio,CQACAgQAAxkBAAIFPGqitJzOBUM1cRtfkNWnmL4MRKh9AAKTIwAC4Fz4UFqSBEy4fHHVPQQ,130,main
student_book,level_2,6,6.4,Track 6.4,,audio,CQACAgQAAxkBAAIEf2qitHz5S3k1MH_1I6iIxcQhN4QaAAKvHQAC4FzwUN7oy9Kbg57ZPQQ,23,main
student_book,level_2,6,6.5,Track 6.5,,audio,CQACAgQAAxkBAAIFM2qitJwisleudBT2WmXOv03SHT1_AAKKIwAC4Fz4UBADiu6jD0IgPQQ,38,main
student_book,level_2,6,6.6,Track 6.6,,audio,CQACAgQAAxkBAAIElGqitHx5bsLuo161q5_tQMF2h7BnAAJRIgAC4Fz4UIvkB0Vx-PzoPQQ,35,main
student_book,level_2,6,6.7,Track 6.7,,audio,CQACAgQAAxkBAAIFKGqitIM1NduJM7k8vGelWCoY0i2gAAJ_IwAC4Fz4UGB2otDQtf8cPQQ,54,main
student_book,level_2,6,6.8,Track 6.8,,audio,CQACAgQAAxkBAAIE7WqitIOvGlRCy6ye10NdkrLZKW5JAAJDIwAC4Fz4UOv1cl1vwVOgPQQ,165,main
student_book,level_2,6,6.9,Track 6.9,,audio,CQACAgQAAxkBAAIFHmqitIPBgFBEQkKIPC0YhRx5GQQBAAJ1IwAC4Fz4UHUJtNXG9TwaPQQ,83,main
student_book,level_2,6,6.10,Track 6.10,,audio,CQACAgQAAxkBAAIE52qitINX0pmJ07wbFsPX1XBdTerZAAI5IwAC4Fz4UKq-KjbPsqzlPQQ,23,main
student_book,level_2,6,6.11,Track 6.11,,audio,CQACAgQAAxkBAAIFFWqitIOwcr8lXyqJkxfipXQx90UhAAJsIwAC4Fz4UJmfv86dDRgsPQQ,60,main
student_book,level_2,6,6.12,Track 6.12,,audio,CQACAgQAAxkBAAIE32qitIPglIFAgkIJ8Wo7lRLODbwgAAIwIwAC4Fz4UD9Q6ZySBwhmPQQ,45,main
student_book,level_2,6,6.13,Track 6.13,,audio,CQACAgQAAxkBAAIFC2qitIOA0Vak64pJCmjLohIeMtmcAAJiIwAC4Fz4UM_DQ-y6IzbQPQQ,62,main
student_book,level_2,6,6.14,Track 6.14,,audio,CQACAgQAAxkBAAIE5mqitIPXcI0DQ9idkPjBzCClJp0RAAI4IwAC4Fz4UEWUDcBJwzvAPQQ,90,main
student_book,level_2,6,6.15,Track 6.15,,audio,CQACAgQAAxkBAAIEZWqitHytfEG675Y6Q3HvjhwC3AoqAAIrIAACmGn5UBj0dL1F7_OvPQQ,136,main
student_book,level_2,6,6.16,Track 6.16,,audio,CQACAgQAAxkBAAIFRGqitJwjHJITqq71I8cmzrlrnBLcAAKbIwAC4Fz4UCWqVjkH_o6pPQQ,42,main
student_book,level_2,6,6.17,Track 6.17,,audio,CQACAgQAAxkBAAIEemqitHw6JS8_X4aAPCPAsvptiTUCAAKqHQAC4FzwUB2HAvAmu8doPQQ,83,main
student_book,level_2,6,6.18,Track 6.18,,audio,CQACAgQAAxkBAAIFO2qitJwY5hIAAdCX-1EmkOpDar451AACkiMAAuBc-FAixT8IVNBLOz0E,39,main
student_book,level_2,6,6.19,Track 6.19,,audio,CQACAgQAAxkBAAIEj2qitHzsacAeJqhBiWXPZB9G4GtOAAJLIgAC4Fz4UAJQFibcr2QkPQQ,66,main
student_book,level_2,6,6.20,Track 6.20,,audio,CQACAgQAAxkBAAIFMmqitJz_NCHP5tms8xcscaPdoYcWAAKJIwAC4Fz4UPBSMTTswJjCPQQ,29,main
student_book,level_2,6,6.21,Track 6.21,,audio,CQACAgQAAxkBAAIE1mqitIOYmqbczd3Xh77nWC8jW2meAAInIwAC4Fz4UNL8aZBx3v-APQQ,125,main
student_book,level_2,7,7.1,Track 7.1,,audio,CQACAgQAAxkBAAIFJ2qitIO6cgkrqM3DrgOehEGRFvZxAAJ-IwAC4Fz4UJUAAa54x701jD0E,216,main
student_book,level_2,7,7.2,Track 7.2,,audio,CQACAgQAAxkBAAIEz2qitIPUsw3J76sILObAVkqN8C2uAAIgIwAC4Fz4UMFJc0ojhlMQPQQ,100,main
student_book,level_2,7,7.3,Track 7.3,,audio,CQACAgQAAxkBAAIFHWqitIN14QS5zKGmD4ALhD89U2yLAAJ0IwAC4Fz4UGiMGCcbHr6IPQQ,41,main
student_book,level_2,7,7.4,Track 7.4,,audio,CQACAgQAAxkBAAIEyGqitIM4xCjOm7uTFghtnFwLSFs5AAIZIwAC4Fz4UHCK5jT34fElPQQ,13,main
student_book,level_2,7,7.5,Track 7.5,,audio,CQACAgQAAxkBAAIFFGqitIMRVXUUjuK7sxvi_c6y3gWlAAJrIwAC4Fz4UCZXz3QGuTz0PQQ,104,main
student_book,level_2,7,7.6,Track 7.6,,audio,CQACAgQAAxkBAAIEwGqitHyOrwkBHfMekzN0OV6pwSRcAAISIwAC4Fz4UM8e2S0OthW3PQQ,78,main
student_book,level_2,7,7.7,Track 7.7,,audio,CQACAgQAAxkBAAIFCmqitIOO_Qz8YoTeVJOyJ_OtzHiZAAJhIwAC4Fz4UPQHuS7knZ7cPQQ,35,main
student_book,level_2,7,7.8,Track 7.8,,audio,CQACAgQAAxkBAAIExmqitHzOXivGU0kO2J7RZ1TFCwEQAAIYIwAC4Fz4UJa_TVec6avgPQQ,173,main
student_book,level_2,7,7.9,Track 7.9,,audio,CQACAgQAAxkBAAIEdmqitHwsO9jSQ3WR9Hz6RnAMMy6VAAKlHQAC4FzwUFodFQ9g3ljjPQQ,17,main
student_book,level_2,7,7.10,Track 7.10,,audio,CQACAgQAAxkBAAIFW2qitJxY_FPiJ1_-fLGi5k48ZuuCAAKzIwAC4Fz4UOQpY5vTl94UPQQ,39,main
student_book,level_2,7,7.11,Track 7.11,,audio,CQACAgQAAxkBAAIEi2qitHyD7cvTmA34bCFZfrZDKDdtAAJFIgAC4Fz4UIop3UxtYBm7PQQ,31,main
student_book,level_2,7,7.12,Track 7.12,,audio,CQACAgQAAxkBAAIFUmqitJxBWMILlYtEvQABZAu_mHgwlwACqSMAAuBc-FDu1T3q5E1xYz0E,41,main
student_book,level_2,7,7.13,Track 7.13,,audio,CQACAgQAAxkBAAIEr2qitHzWhuS9L1LnbnSxp08BcUXfAAMjAALgXPhQ4F46ITdUVl09BA,32,main
student_book,level_2,7,7.14,Track 7.14,,audio,CQACAgQAAxkBAAIFSWqitJzkSCAcJs0oeIGGzIlH133nAAKgIwAC4Fz4UKxM0Xxw-VQtPQQ,21,main
student_book,level_2,7,7.15,Track 7.15,,audio,CQACAgQAAxkBAAIEqGqitHzefA-GYf6blIFYWXq90cs2AAL5IgAC4Fz4UCsjmZbFvJ1pPQQ,269,main
student_book,level_2,7,7.16,Track 7.16,,audio,CQACAgQAAxkBAAIFP2qitJzcze2kOPWoTkMTdKSr1rWPAAKWIwAC4Fz4UH74lYnlqmvRPQQ,86,main
student_book,level_2,7,7.17,Track 7.17,,audio,CQACAgQAAxkBAAIEoWqitHx2jRTZmZQw_cHI0Dz9VJOaAALxIgAC4Fz4UM5ejMrOCeYlPQQ,33,main
student_book,level_2,7,7.18,Track 7.18,,audio,CQACAgQAAxkBAAIFNmqitJw5Gp6RTPXQDyKKONDquwl-AAKNIwAC4Fz4UFTcQ4dIPcitPQQ,90,main
student_book,level_2,7,7.19,Track 7.19,,audio,CQACAgQAAxkBAAIE9WqitIM6EoVF6E5-ftJuHMTcnkIPAAJMIwAC4Fz4UNJt5bjzv9Q0PQQ,32,main
student_book,level_2,7,7.20,Track 7.20,,audio,CQACAgQAAxkBAAIFLWqitJyGcrBOSvDtpMyoNrPwQve_AAKDIwAC4Fz4UPoTGIKHVHpqPQQ,57,main
student_book,level_2,7,7.21,Track 7.21,,audio,CQACAgQAAxkBAAIEoGqitHzVqgTPLKOLkCT3S4AiuzllAALwIgAC4Fz4UGGGt-_XpGM4PQQ,80,main
student_book,level_2,7,7.22,Track 7.22,,audio,CQACAgQAAxkBAAIEcmqitHwAASAHZ5TUrGlO4WfNML6m7gACoR0AAuBc8FA3-wzdSVf8xj0E,120,main
student_book,level_2,7,7.23,Track 7.23,,audio,CQACAgQAAxkBAAIFfGqitJyEDahRNiTG1H-5OftH_Xy9AALVIwAC4Fz4ULbRUxs7zKTnPQQ,20,main
student_book,level_2,7,7.24,Track 7.24,,audio,CQACAgQAAxkBAAIEh2qitHxWAW0G7AloSyNS2N0PLCDXAAJAIgAC4Fz4ULBywJh2yW1hPQQ,31,main
student_book,level_2,7,7.25,Track 7.25,,audio,CQACAgQAAxkBAAIFcmqitJx-l4W9R8EdmKCOu1H4Ms0QAALKIwAC4Fz4UHMLwarOtFAqPQQ,39,main
student_book,level_2,8,8.1,Track 8.1,,audio,CQACAgQAAxkBAAIEnGqitHxwu3n-Su93Glet5Gpf5a0xAAJoIgAC4Fz4UPrVpDZw-W0yPQQ,84,main
student_book,level_2,8,8.2,Track 8.2,,audio,CQACAgQAAxkBAAIFaWqitJyk9_u1NQABycDHiV0ICICeygACwSMAAuBc-FCnRW2sSIlU2z0E,28,main
student_book,level_2,8,8.3,Track 8.3,,audio,CQACAgQAAxkBAAIE3mqitIOn8xEdUIiIhfCMLtxDghDNAAIvIwAC4Fz4UERcZ3BUekEiPQQ,25,main
student_book,level_2,8,8.4,Track 8.4,,audio,CQACAgQAAxkBAAIFYGqitJwu-4AkloF6VdRq1jgJm699AAK4IwAC4Fz4UKkYxHuS8eADPQQ,32,main
student_book,level_2,8,8.5,Track 8.5,,audio,CQACAgQAAxkBAAIE2GqitIPrXUFU9m6gwPtgshOFVU4cAAIpIwAC4Fz4UGTV4RXGKUCyPQQ,68,main
student_book,level_2,8,8.6,Track 8.6,,audio,CQACAgQAAxkBAAIFVmqitJyXYOTx8kY8yEeErBm59CIGAAKtIwAC4Fz4UHhrMQg4KgKfPQQ,50,main
student_book,level_2,8,8.7,Track 8.7,,audio,CQACAgQAAxkBAAIE0GqitIOVqwABlzsbYGx2fZX05gUfEAACISMAAuBc-FBKbTI2rlIufD0E,59,main
student_book,level_2,8,8.8,Track 8.8,,audio,CQACAgQAAxkBAAIFTWqitJyXlNSnbLGxd5N3i6GKB0C8AAKkIwAC4Fz4UIOYEDutHbYUPQQ,32,main
student_book,level_2,8,8.9,Track 8.9,,audio,CQACAgQAAxkBAAIE12qitIPIqpTmnj2Yy-Sx7Ec81WseAAIoIwAC4Fz4UGZceMRrgdzbPQQ,46,main
student_book,level_2,8,8.10,Track 8.10,,audio,CQACAgQAAxkBAAIEbmqitHyYCul29ZOM1zQT1RIqRAqBAAI7IAACmGn5UN3vkAH67O9OPQQ,58,main
student_book,level_2,8,8.11,Track 8.11,,audio,CQACAgQAAxkBAAIFGmqitIPufddBvfvE1DK8nXxA-tu5AAJxIwAC4Fz4UBZB2IJekz5RPQQ,115,main
student_book,level_2,8,8.12,Track 8.12,,audio,CQACAgQAAxkBAAIEg2qitHyZrKt4YgQzJVSCGyy26lSTAAI5IgAC4Fz4UNumlj8Mjji2PQQ,41,main
student_book,level_2,8,8.13,Track 8.13,,audio,CQACAgQAAxkBAAIFEGqitIMO-4NSe2GCTKC_1wT4OFfTAAJnIwAC4Fz4ULD9gEEQhAdRPQQ,45,main
student_book,level_2,8,8.14,Track 8.14,,audio,CQACAgQAAxkBAAIEmGqitHzIKRSVtWR-PIZKyGL5eRBkAAJZIgAC4Fz4UD5On5a24Vz2PQQ,180,main
student_book,level_2,8,8.15,Track 8.15,,audio,CQACAgQAAxkBAAIFBmqitIPUifPCkTjdwqyD-Z09M1mmAAJdIwAC4Fz4UHkRDUC8K-k_PQQ,191,main
student_book,level_2,8,8.16,Track 8.16,,audio,CQACAgQAAxkBAAIEt2qitHyfTMrhcxgfeuGM7qLkblLLAAIIIwAC4Fz4ULmxNcpPaXnKPQQ,94,main
student_book,level_2,8,8.17,Track 8.17,,audio,CQACAgQAAxkBAAIE_WqitINs9TBN7j0oXZF_AAFyNUSptgACVCMAAuBc-FDCRv_PAlKfRj0E,26,main
student_book,level_2,8,8.18,Track 8.18,,audio,CQACAgQAAxkBAAIEsWqitHzbFNR-cVY8ZbCVSTNpPdfWAAICIwAC4Fz4UH-weGnuM7vcPQQ,119,main
student_book,level_2,8,8.19,Track 8.19,,audio,CQACAgQAAxkBAAIFd2qitJyBneDCZq_kCetBrh0nY7arAALPIwAC4Fz4UHtdvI9TxyL8PQQ,138,main
student_book,level_2,8,8.20,Track 8.20,,audio,CQACAgQAAxkBAAIEqWqitHxzWA3An64pmxc2OFHHpqeEAAL6IgAC4Fz4UAyeZn0TMUVpPQQ,25,main
student_book,level_2,8,8.21,Track 8.21,,audio,CQACAgQAAxkBAAIFbWqitJwDaEirb2PryiqniKhxFS4OAALFIwAC4Fz4UFahreFHZCE4PQQ,15,main
student_book,level_2,8,8.22,Track 8.22,,audio,CQACAgQAAxkBAAIEsGqitHzaG-k3zKSo5rSjsfK1WFUDAAIBIwAC4Fz4UMxoWSyPigdrPQQ,39,main
student_book,level_2,8,8.23,Track 8.23,,audio,CQACAgQAAxkBAAIEaWqitHyGsS-A3W__b3j9mTXk7ZVxAAIyIAACmGn5UIN0cGbNSom9PQQ,74,main
student_book,level_2,8,8.24,Track 8.24,,audio,CQACAgQAAxkBAAIFImqitIMBotcjbhtCukh8lB3UNI-DAAJ5IwAC4Fz4UJT9PwUjtT3IPQQ,99,main
student_book,level_2,8,8.25,Track 8.25,,audio,CQACAgQAAxkBAAIEfmqitHxN3rqnWgsT9zlpjZsGW51AAAKuHQAC4FzwUGXK7FuLFak7PQQ,84,main
student_book,level_2,8,8.26,Track 8.26,,audio,CQACAgQAAxkBAAIFGWqitINAHQwVBU0-oIeiJwT8iZJ1AAJwIwAC4Fz4UDYUWEORMlYXPQQ,44,main
student_book,level_2,8,8.27,Track 8.27,,audio,CQACAgQAAxkBAAIEk2qitHwI7o-0rtZPlUm8P1UcGIqZAAJQIgAC4Fz4UBZtCWPgUwu7PQQ,113,main
student_book,level_2,9,9.1,Track 9.1,,audio,CQACAgQAAxkBAAIFD2qitIPnkFT98hJWOVHzBxvWM6EfAAJmIwAC4Fz4UJT9hiiiRNPYPQQ,75,main
student_book,level_2,9,9.2,Track 9.2,,audio,CQACAgQAAxkBAAIEn2qitHzwqRz3bTXdsv4CO-680tRoAALvIgAC4Fz4UNJHdTlGAuHzPQQ,168,main
student_book,level_2,9,9.3,Track 9.3,,audio,CQACAgQAAxkBAAIFBWqitIPvrgxdbIrejlBush00IC3EAAJcIwAC4Fz4UIrya7sP5a0GPQQ,27,main
student_book,level_2,9,9.4,Track 9.4,,audio,CQACAgQAAxkBAAIE9GqitIO67S0FJ1KWuwaJSpCT8fTgAAJLIwAC4Fz4UPUhU8XVQ84SPQQ,175,main
student_book,level_2,9,9.5,Track 9.5,,audio,CQACAgQAAxkBAAIE_GqitIMXxRwuO-2HMEv95FhIZE3dAAJTIwAC4Fz4UGD3y-0asAspPQQ,38,main
student_book,level_2,9,9.6,Track 9.6,,audio,CQACAgQAAxkBAAIE7GqitIPe4PSvIlp9evkICl4WkcRaAAJBIwAC4Fz4UBZ3Zm5ppmK0PQQ,209,main
student_book,level_2,9,9.7,Track 9.7,,audio,CQACAgQAAxkBAAIFdmqitJwtLEUa-CdmUb6hG6EcEegoAALOIwAC4Fz4UMcjWvBOGwSuPQQ,20,main
student_book,level_2,9,9.8,Track 9.8,,audio,CQACAgQAAxkBAAIE82qitIPJfzj8eLpHy9JXPCsz4HtjAAJJIwAC4Fz4UPnEuJE2oJk6PQQ,45,main
student_book,level_2,9,9.9,Track 9.9,,audio,CQACAgQAAxkBAAIEZGqitHwwXLcRPb2T8UJ44hC5ksdXAAIlIAACmGn5UIOjbGOy-k9hPQQ,54,main
student_book,level_2,9,9.10,Track 9.10,,audio,CQACAgQAAxkBAAIFK2qitIMiBnmRafCrKNjx0CMk3reBAAKCIwAC4Fz4UN1l8PLLeL8KPQQ,48,main
student_book,level_2,9,9.11,Track 9.11,,audio,CQACAgQAAxkBAAIEeWqitHwBQL-irnK48MWwzTn_4sy9AAKpHQAC4FzwUC9QwJa3x8-_PQQ,69,main
student_book,level_2,9,9.12,Track 9.12,,audio,CQACAgQAAxkBAAIFIWqitIMq0TxTsWovNA6YbsPcjAnLAAJ4IwAC4Fz4UNj3NnFSKf4lPQQ,34,main
student_book,level_2,9,9.13,Track 9.13,,audio,CQACAgQAAxkBAAIEjmqitHziLTF8wOdlKNI7t7lwshtZAAJKIgAC4Fz4UKGt0FeRJR6LPQQ,14,main
student_book,level_2,9,9.14,Track 9.14,,audio,CQACAgQAAxkBAAIFGGqitIPwolTnSGcYMcE6-JbBNncMAAJvIwAC4Fz4UDYzqoDgIeySPQQ,37,main
student_book,level_2,9,9.15,Track 9.15,,audio,CQACAgQAAxkBAAIE42qitIPnlq3Aye_jzeO9xL5S-RHbAAI0IwAC4Fz4UNDIEVl6uiTOPQQ,29,main
student_book,level_2,9,9.16,Track 9.16,,audio,CQACAgQAAxkBAAIFDmqitIPMO-wx83hdPalsWO8nbVEmAAJlIwAC4Fz4UPzyfjRQYAvhPQQ,193,main
student_book,level_2,9,9.17,Track 9.17,,audio,CQACAgQAAxkBAAIE3GqitIOss5qlKXOJxFdW__0o5VZyAAItIwAC4Fz4UH2WYi2Q_8EFPQQ,96,main
student_book,level_2,9,9.18,Track 9.18,,audio,CQACAgQAAxkBAAIFBGqitIOCYIN5g-XUMEJLPHFtJ3xBAAJbIwAC4Fz4UA2UqizleXybPQQ,24,main
student_book,level_2,9,9.19,Track 9.19,,audio,CQACAgQAAxkBAAIE1WqitIPzPz8ovkq7H-VY88AmtvRHAAImIwAC4Fz4UMZJKQMVKyGfPQQ,65,main
student_book,level_2,9,9.20,Track 9.20,,audio,CQACAgQAAxkBAAIE-2qitIP0eIaj2Sm6LRHq_Jw_woZVAAJSIwAC4Fz4UI0IVWTijfmqPQQ,82,main
student_book,level_2,9,9.21,Track 9.21,,audio,CQACAgQAAxkBAAIEzmqitIM-v4IKZCW-MSTSECD-3NowAAIfIwAC4Fz4UNV4fK0miYRnPQQ,108,main
student_book,level_2,9,9.22,Track 9.22,,audio,CQACAgQAAxkBAAIFdWqitJw_R7ll1xqKuxGBYNlDTtTYAALNIwAC4Fz4UFblO6nxqqwxPQQ,30,main
student_book,level_2,10,10.1,Track 10.1,,audio,CQACAgQAAxkBAAIE1GqitIOEu0GmCYV2mYnE4WraSoM5AAIlIwAC4Fz4UIy7iA8JwpM3PQQ,44,main
student_book,level_2,10,10.2,Track 10.2,,audio,CQACAgQAAxkBAAIEdWqitHw5ubeMfHAfErmt8K3Bjz-UAAKkHQAC4FzwUKgIiQ1nAAFELj0E,33,main
student_book,level_2,10,10.3,Track 10.3,,audio,CQACAgQAAxkBAAIFQ2qitJw5zs18oF5R90Lfc8yyHpWsAAKaIwAC4Fz4UInNwL-bP50vPQQ,63,main
student_book,level_2,10,10.4,Track 10.4,,audio,CQACAgQAAxkBAAIEimqitHxjso2X4BbbibKf7RKscr30AAJDIgAC4Fz4UC1EAr4gyah9PQQ,19,main
student_book,level_2,10,10.5,Track 10.5,,audio,CQACAgQAAxkBAAIFOmqitJxnfxMyYoXvYSZC6uJuQ8GPAAKRIwAC4Fz4UDx5g0zb2ex6PQQ,92,main
student_book,level_2,10,10.6,Track 10.6,,audio,CQACAgQAAxkBAAIEvWqitHxjG5RzLB0T-Nn02ViMQOJHAAIPIwAC4Fz4UBDgWaJnXIblPQQ,45,main
student_book,level_2,10,10.7,Track 10.7,,audio,CQACAgQAAxkBAAIFMWqitJymXh7zaWHFv4DwIMkAATvnbQACiCMAAuBc-FA3y1QqFVTiXj0E,77,main
student_book,level_2,10,10.8,Track 10.8,,audio,CQACAgQAAxkBAAIEtWqitHwlD8OEyYxo_BtlqzVaVu15AAIGIwAC4Fz4ULTf46pdcQtUPQQ,86,main
student_book,level_2,10,10.9,Track 10.9,,audio,CQACAgQAAxkBAAIFJmqitIOpQ9Bx3KgYB6NPDosh5Z8BAAJ9IwAC4Fz4UL3Aj_bhDfd8PQQ,47,main
student_book,level_2,10,10.10,Track 10.10,,audio,CQACAgQAAxkBAAIErmqitHzzbfqHAAFxiYMJQ84Ydyjb6QAC_yIAAuBc-FCpVQL6g1rm5T0E,78,main
student_book,level_2,10,10.11,Track 10.11,,audio,CQACAgQAAxkBAAIFHGqitIMFjWKcj3Z4qaxsCrmuO2D1AAJzIwAC4Fz4UCN1XBI0_99_PQQ,20,main
student_book,level_2,10,10.12,Track 10.12,,audio,CQACAgQAAxkBAAIEp2qitHzf2YCONkfeGE5JL0CprF8wAAL4IgAC4Fz4UOQocKC-prYrPQQ,32,main
student_book,level_2,10,10.13,Track 10.13,,audio,CQACAgQAAxkBAAIFE2qitIPRZ-89n0QEosTgWSFY9L-bAAJqIwAC4Fz4UKmERBxj3GrgPQQ,171,main
student_book,level_2,10,10.14,Track 10.14,,audio,CQACAgQAAxkBAAIErWqitHxWl8EpUARj-3G5Io8i-0JbAAL-IgAC4Fz4UIAfCHiHyHLJPQQ,49,main
student_book,level_2,10,10.15,Track 10.15,,audio,CQACAgQAAxkBAAIEcWqitHyy8S-m7WQoNKni7SzMAwSoAAKfHQAC4FzwUKrlyX-aX8yqPQQ,130,main
student_book,level_2,11,11.1,Track 11.1,,audio,CQACAgQAAxkBAAIFZGqitJzKFQjwQ0p5VSHbRWAHR03XAAK8IwAC4Fz4ULW-ULXBwnljPQQ,243,main
student_book,level_2,11,11.2,Track 11.2,,audio,CQACAgQAAxkBAAIEhmqitHyMiSXwbdXy3wa1KVLsyr04AAI_IgAC4Fz4UP_IMk6ULQRYPQQ,256,main
student_book,level_2,11,11.3,Track 11.3,,audio,CQACAgQAAxkBAAIFWmqitJxycaq6WkLPZ1HT9rXV1FEFAAKyIwAC4Fz4UAIB2qNMsFCWPQQ,35,main
student_book,level_2,11,11.4,Track 11.4,,audio,CQACAgQAAxkBAAIEm2qitHykalpCFzQ-I5FtyjqLK83BAAJdIgAC4Fz4UKuJsJv10dW1PQQ,39,main
student_book,level_2,11,11.5,Track 11.5,,audio,CQACAgQAAxkBAAIFUWqitJwo7lF4qdY6uZyeuFW5wJr6AAKoIwAC4Fz4UPDd-h5y-f-5PQQ,32,main
student_book,level_2,11,11.6,Track 11.6,,audio,CQACAgQAAxkBAAIE62qitIPkmFmgKfuUVpAMqtjU6CcHAAI_IwAC4Fz4UCqWhbtct8RGPQQ,111,main
student_book,level_2,11,11.7,Track 11.7,,audio,CQACAgQAAxkBAAIFSGqitJz4IqhUuKOA7rt9tyBGDOhzAAKfIwAC4Fz4UIrxzEOQDiulPQQ,189,main
student_book,level_2,11,11.8,Track 11.8,,audio,CQACAgQAAxkBAAIE5WqitINN9BJXqbFzfF13RbJm0dh6AAI3IwAC4Fz4UIri0FwG3_iwPQQ,102,main
student_book,level_2,11,11.9,Track 11.9,,audio,CQACAgQAAxkBAAIFPmqitJzCtDC6A21hUUY7zPEdbMusAAKVIwAC4Fz4UG8IsR8E_H40PQQ,49,main
student_book,level_2,11,11.10,Track 11.10,,audio,CQACAgQAAxkBAAIE3WqitIMjzM51f8sZEoJFyBaOETnMAAIuIwAC4Fz4UFudwOpuGX6SPQQ,28,main
student_book,level_2,11,11.11,Track 11.11,,audio,CQACAgQAAxkBAAIFNWqitJzazRWGxrRGKwPnYFQ2xLi9AAKMIwAC4Fz4UFYWrvPlDP5_PQQ,48,main
student_book,level_2,11,11.12,Track 11.12,,audio,CQACAgQAAxkBAAIE5GqitIO88oZN9NJQ6zHt7cne_lrYAAI1IwAC4Fz4UEPP0LdBspytPQQ,97,main
student_book,level_2,11,11.13,Track 11.13,,audio,CQACAgQAAxkBAAIEbGqitHxfVAABIkXt3ud3bwTzK290kQACOSAAAphp-VA9xrVOPbWHoD0E,49,main
student_book,level_2,11,11.14,Track 11.14,,audio,CQACAgQAAxkBAAIFbGqitJx3L4QUR2NFdq0dk0ARAAFQTQACxCMAAuBc-FDN_ms8uRmDlD0E,156,main
student_book,level_2,11,11.15,Track 11.15,,audio,CQACAgQAAxkBAAIEgWqitHxNgMec4eVVqU7aJNDfxqD6AAI3IgAC4Fz4UBtzPWzZuZNxPQQ,91,main
student_book,level_2,11,11.16,Track 11.16,,audio,CQACAgQAAxkBAAIFY2qitJwcTuA-fw9h4g0uvDR3PJkqAAK7IwAC4Fz4UNUiJlssdQWsPQQ,155,main
student_book,level_2,11,11.17,Track 11.17,,audio,CQACAgQAAxkBAAIElmqitHzlCoTvTPm373qOcE7eiFKnAAJTIgAC4Fz4UMILtcj4jJRDPQQ,46,main
student_book,level_2,11,11.18,Track 11.18,,audio,CQACAgQAAxkBAAIFWWqitJyjaUddKCjeGyMZ6X5noTM4AAKxIwAC4Fz4UMHuI44jPwxgPQQ,81,main
student_book,level_2,11,11.19,Track 11.19,,audio,CQACAgQAAxkBAAIE02qitIPkVlLFqhfiHJqtDArzyBVJAAIkIwAC4Fz4UGCp3hzapyv1PQQ,27,main
student_book,level_2,11,11.20,Track 11.20,,audio,CQACAgQAAxkBAAIFUGqitJxAeduFLTj0xyF655gJ3DHfAAKnIwAC4Fz4UN00vhwTYdEEPQQ,100,main
student_book,level_2,11,11.21,Track 11.21,,audio,CQACAgQAAxkBAAIEzWqitIPBox5IrBmSgQABQ2fMxBln7AACHiMAAuBc-FA2_5206pYyMT0E,23,main
student_book,level_2,11,11.22,Track 11.22,,audio,CQACAgQAAxkBAAIFR2qitJwqhuFGrUdDclH-5kfHvjgXAAKeIwAC4Fz4UP5Eg6NOF8gNPQQ,49,main
student_book,level_2,11,11.23,Track 11.23,,audio,CQACAgQAAxkBAAIExGqitHz1_RvYNj-3KyclHq8QQjfgAAIWIwAC4Fz4UPxdK-EUpEp4PQQ,106,main
student_book,level_2,11,11.24,Track 11.24,,audio,CQACAgQAAxkBAAIFPWqitJxyDoIOR3kBvbBgtMKSoK1uAAKUIwAC4Fz4UO2lx3sbvw8ZPQQ,111,main
student_book,level_2,11,11.25,Track 11.25,,audio,CQACAgQAAxkBAAIEzGqitIOkOhedQvKO2UZKltYFZchVAAIdIwAC4Fz4UMZ59VwwinNMPQQ,127,main
student_book,level_2,11,11.26,Track 11.26,,audio,CQACAgQAAxkBAAIEZ2qitHwB_2sn55z9GMFNdIpg6NvTAAIuIAACmGn5UK1XUbxj5pICPQQ,105,main
student_book,level_2,11,11.27,Track 11.27,,audio,CQACAgQAAxkBAAIFdGqitJyVlhr6gWa4x_Jo0FrqBsYHAALMIwAC4Fz4UPnxWWt2c9qbPQQ,34,main
student_book,level_2,12,12.1,Track 12.1,,audio,CQACAgQAAxkBAAIEfGqitHyZ-_9EQs4odXhgcWmXmXz7AAKsHQAC4FzwUD5XlhRhPw2cPQQ,37,main
student_book,level_2,12,12.2,Track 12.2,,audio,CQACAgQAAxkBAAIFa2qitJxTq0OZhhvitJPvbnjBB3QkAALDIwAC4Fz4UMMdDa6_7U-mPQQ,35,main
student_book,level_2,12,12.3,Track 12.3,,audio,CQACAgQAAxkBAAIEkWqitHzKdEqKpUXZu6CVPI5bFhebAAJOIgAC4Fz4UF3OH78aHnoxPQQ,104,main
student_book,level_2,12,12.4,Track 12.4,,audio,CQACAgQAAxkBAAIFYmqitJzhHdam-JaEBUfHDC_CwdVrAAK6IwAC4Fz4UCwy-kV98UqJPQQ,73,main
student_book,level_2,12,12.5,Track 12.5,,audio,CQACAgQAAxkBAAIEumqitHxJ85NvXb8Gf4LNsdR8cBr6AAIMIwAC4Fz4UPjojQvGdE7PPQQ,30,main
student_book,level_2,12,12.6,Track 12.6,,audio,CQACAgQAAxkBAAIFWGqitJwYmr2x8zbUkVg9A0tQFKKKAAKvIwAC4Fz4UMAdAAFPlXK8Kz0E,117,main
student_book,level_2,12,12.7,Track 12.7,,audio,CQACAgQAAxkBAAIEs2qitHxnthZRztnz-fy2Jt5WU0C_AAIEIwAC4Fz4UMGWdViETM8PPQQ,76,main
student_book,level_2,12,12.8,Track 12.8,,audio,CQACAgQAAxkBAAIFT2qitJxtfMhufIgrej9_PXP5KlAjAAKmIwAC4Fz4ULP6i0vRDzfTPQQ,29,main
student_book,level_2,12,12.9,Track 12.9,,audio,CQACAgQAAxkBAAIEq2qitHztrpvUwvVvlAe43wFgwEGEAAL8IgAC4Fz4UGkvGYRGtZSIPQQ,20,main
student_book,level_2,12,12.10,Track 12.10,,audio,CQACAgQAAxkBAAIFRmqitJwaeK8T4Sqo4lmEVyAEqM26AAKdIwAC4Fz4UFJIJLOhOGxIPQQ,176,main
workbook,level_2,1,1.1,Track 1.1,,audio,CQACAgQAAxkBAAIFj2qitLwxSoOgSVJM6mmqfR6uuZzcAALmIwAC4Fz4UMGX_oqtTaljPQQ,89,main
workbook,level_2,1,1.2,Track 1.2,,audio,CQACAgQAAxkBAAIFoGqitLxvko2lUMZEs_A7vGQrkGWCAAL3IwAC4Fz4UPqKyhniQVAjPQQ,79,main
workbook,level_2,1,1.3,Track 1.3,,audio,CQACAgQAAxkBAAIFgWqitLxzLysQN6kt-WD6rlxkmlltAALYIwAC4Fz4UNvuCpANCiAXPQQ,48,main
workbook,level_2,2,2.1,Track 2.1,,audio,CQACAgQAAxkBAAIFkmqitLyrzv6CMSwIOukGOtKNt5efAALpIwAC4Fz4ULm5AbK6Qd8bPQQ,62,main
workbook,level_2,2,2.2,Track 2.2,,audio,CQACAgQAAxkBAAIFo2qitLzC93LbLueiZDSkR0oMXqUeAAL6IwAC4Fz4UN-CUQ7h8B3VPQQ,50,main
workbook,level_2,2,2.3,Track 2.3,,audio,CQACAgQAAxkBAAIFhGqitLx6-Vc4j_xQR5LEOfasbDRUAALbIwAC4Fz4UE4h-kfxi5zCPQQ,61,main
workbook,level_2,3,3.1,Track 3.1,,audio,CQACAgQAAxkBAAIFlWqitLyjmlGwBIwPWUmhQYySAbjGAALsIwAC4Fz4UMYxiarIJKQUPQQ,95,main
workbook,level_2,3,3.2,Track 3.2,,audio,CQACAgQAAxkBAAIFpmqitLxC6Lh0Q7YWsxs7CMpzgxYIAAL9IwAC4Fz4UOCFusa3lp9HPQQ,34,main
workbook,level_2,3,3.3,Track 3.3,,audio,CQACAgQAAxkBAAIFh2qitLyN_JFw6GXRTK18Oc2WFesrAALeIwAC4Fz4UBbVQfZcGbL9PQQ,35,main
workbook,level_2,3,3.4,Track 3.4,,audio,CQACAgQAAxkBAAIFmGqitLx9TgnEq0HwPMZM9druMrGZAALvIwAC4Fz4UMCe8fn1uZ7MPQQ,37,main
workbook,level_2,3,3.5,Track 3.5,,audio,CQACAgQAAxkBAAIFqWqitLyeZrwDBRjpy6RxwWdqqEpbAAMkAALgXPhQXNNYMY-dyM89BA,72,main
workbook,level_2,4,4.1,Track 4.1,,audio,CQACAgQAAxkBAAIFimqitLwEV0g2MiKxZN-s_CVJsfAjAALhIwAC4Fz4UEgs9G8wHLunPQQ,38,main
workbook,level_2,4,4.2,Track 4.2,,audio,CQACAgQAAxkBAAIFm2qitLw90UnblGB30ealuxYWFp0WAALyIwAC4Fz4UJ-7-H3Wsv2CPQQ,62,main
workbook,level_2,4,4.3,Track 4.3,,audio,CQACAgQAAxkBAAIFrGqitLwCZqLK2_zyEEk1m7umbjZLAAIDJAAC4Fz4UAe71v-dRjsRPQQ,69,main
workbook,level_2,5,5.1,Track 5.1,,audio,CQACAgQAAxkBAAIFjGqitLzBpwAB-zx-IRWfMijgEp9ZagAC4yMAAuBc-FAnAbEnOlrtKj0E,35,main
workbook,level_2,5,5.2,Track 5.2,,audio,CQACAgQAAxkBAAIFnWqitLyXsud5xIFmyoEQjjw5K1hoAAL0IwAC4Fz4UIyZ2CA5xzmXPQQ,47,main
workbook,level_2,5,5.3,Track 5.3,,audio,CQACAgQAAxkBAAIFrmqitLzochLrl5j9rGOERNmSjwL4AAIFJAAC4Fz4UOgy_txFHxxNPQQ,41,main
workbook,level_2,5,5.4,Track 5.4,,audio,CQACAgQAAxkBAAIFjmqitLzhMKfyo0xWa_MWzsiekz1zAALlIwAC4Fz4UP4cv12sO5KmPQQ,38,main
workbook,level_2,5,5.5,Track 5.5,,audio,CQACAgQAAxkBAAIFn2qitLzs5L5pzwMbpWVpX6hK4gW5AAL2IwAC4Fz4UKZvG9nHdxh6PQQ,36,main
workbook,level_2,6,6.1,Track 6.1,,audio,CQACAgQAAxkBAAIFgGqitLyHp88lreuwjhp7CYNP9cA3AALXIwAC4Fz4UORD4McvGpsDPQQ,40,main
workbook,level_2,6,6.2,Track 6.2,,audio,CQACAgQAAxkBAAIFkWqitLy5TeIAAvnH0kqRlMigKpG7AALoIwAC4Fz4UEuP-k8cNK6vPQQ,40,main
workbook,level_2,6,6.3,Track 6.3,,audio,CQACAgQAAxkBAAIFomqitLw9yz-k4Rx268Rxq2lIEe7_AAL5IwAC4Fz4UEVXfeBnrQ91PQQ,58,main
workbook,level_2,6,6.4,Track 6.4,,audio,CQACAgQAAxkBAAIFg2qitLzCsenVS65cLOwsTLDdCnQ9AALaIwAC4Fz4UDjYDYKmAhZyPQQ,72,main
workbook,level_2,6,6.5,Track 6.5,,audio,CQACAgQAAxkBAAIFlGqitLzHxMykMsP7bhDj6e5I02V-AALrIwAC4Fz4UB9iVPTmmIbGPQQ,40,main
workbook,level_2,7,7.1,Track 7.1,,audio,CQACAgQAAxkBAAIFpWqitLxWlvKGwc6uuTZRxgABcLRG_wAC_CMAAuBc-FDxkQnena7a8z0E,45,main
workbook,level_2,7,7.2,Track 7.2,,audio,CQACAgQAAxkBAAIFhmqitLwebrBJUu_IjzQg5YEhzqMvAALdIwAC4Fz4UO1MJM3Lqqe-PQQ,28,main
workbook,level_2,7,7.3,Track 7.3,,audio,CQACAgQAAxkBAAIFl2qitLw4mTDiy4JM3N7rJcYjlTBwAALuIwAC4Fz4UEYFbHyzAAHxjT0E,29,main
workbook,level_2,7,7.4,Track 7.4,,audio,CQACAgQAAxkBAAIFqGqitLyoG-62pNo8NyALuo_UFhmKAAL_IwAC4Fz4UGPeVD_WBTawPQQ,53,main
workbook,level_2,8,8.1,Track 8.1,,audio,CQACAgQAAxkBAAIFiWqitLzxvj86ryOTfDoHHONg_GeeAALgIwAC4Fz4UOagvZbDt-9EPQQ,64,main
workbook,level_2,8,8.2,Track 8.2,,audio,CQACAgQAAxkBAAIFmmqitLyK8JMEHuRsyWwabl28xMXfAALxIwAC4Fz4UKkZ7U0PrhuOPQQ,57,main
workbook,level_2,8,8.3,Track 8.3,,audio,CQACAgQAAxkBAAIFq2qitLwSSVS6QWDwg_qBPcf9PneJAAICJAAC4Fz4UDkTFA2DZxiPPQQ,72,main
workbook,level_2,8,8.4,Track 8.4,,audio,CQACAgQAAxkBAAIFi2qitLzP6oT9IyPnapczUU3MIukDAALiIwAC4Fz4UPOdmTs3Dx13PQQ,114,main
workbook,level_2,8,8.5,Track 8.5,,audio,CQACAgQAAxkBAAIFnGqitLzQonohNWh9eU057j7GMzzJAALzIwAC4Fz4UFXdIS08CkHXPQQ,57,main
workbook,level_2,9,9.1,Track 9.1,,audio,CQACAgQAAxkBAAIFrWqitLzAuN5GMzenslJB9RbxmaEFAAIEJAAC4Fz4UMaNQmyoHR4AAT0E,64,main
workbook,level_2,9,9.2,Track 9.2,,audio,CQACAgQAAxkBAAIFjWqitLxwwQ0mlrz7FsZl_IVuq_23AALkIwAC4Fz4UMACEUXTgpphPQQ,44,main
workbook,level_2,9,9.3,Track 9.3,,audio,CQACAgQAAxkBAAIFnmqitLzY35aH6bLO8vJT7vzbcVuZAAL1IwAC4Fz4UNtCKmjKRSLrPQQ,44,main
workbook,level_2,9,9.4,Track 9.4,,audio,CQACAgQAAxkBAAIFr2qitLxM2-1oFPxIKmT3egZYc1eeAAIGJAAC4Fz4UCRoSbFm_8RHPQQ,47,main
workbook,level_2,10,10.1,Track 10.1,,audio,CQACAgQAAxkBAAIFkGqitLyr-O-XXdT08FBjP4zWBUcqAALnIwAC4Fz4UHLgsw4SBDiYPQQ,53,main
workbook,level_2,10,10.2,Track 10.2,,audio,CQACAgQAAxkBAAIFoWqitLzrp4R4_Qb8GDbi7UCTvelzAAL4IwAC4Fz4UKiTiZHFrDMcPQQ,52,main
workbook,level_2,10,10.3,Track 10.3,,audio,CQACAgQAAxkBAAIFgmqitLxByLK-DoOYfTJkT5AsNM-BAALZIwAC4Fz4UAMYall-BO0rPQQ,77,main
workbook,level_2,10,10.4,Track 10.4,,audio,CQACAgQAAxkBAAIFk2qitLzctgp8Dj8ZC_kaJ8M3c1ewAALqIwAC4Fz4UA0O2lIsWF9_PQQ,38,main
workbook,level_2,11,11.1,Track 11.1,,audio,CQACAgQAAxkBAAIFpGqitLyPpZoDHZkxOS2Cm-24U2dWAAL7IwAC4Fz4UOBGB07aqqJ5PQQ,43,main
workbook,level_2,11,11.2,Track 11.2,,audio,CQACAgQAAxkBAAIFhWqitLy9h7DCpfjAh3tua6fffTRaAALcIwAC4Fz4UKbcXHXOh1mZPQQ,58,main
workbook,level_2,11,11.3,Track 11.3,,audio,CQACAgQAAxkBAAIFlmqitLw1dLt6EaRnf_nlPDT_NilpAALtIwAC4Fz4UKAcAmgsu6XjPQQ,67,main
workbook,level_2,11,11.4,Track 11.4,,audio,CQACAgQAAxkBAAIFp2qitLxjPGfOaD4Yjn4BuLyAYERfAAL-IwAC4Fz4UCe7rk1Bo9dqPQQ,87,main
workbook,level_2,12,12.1,Track 12.1,,audio,CQACAgQAAxkBAAIFiGqitLyfSYO1L5kxrBfS4NWwj81hAALfIwAC4Fz4UGHEUAEqdmuaPQQ,64,main
workbook,level_2,12,12.2,Track 12.2,,audio,CQACAgQAAxkBAAIFmWqitLxPkAZFYmH6dkXtdhXvQILoAALwIwAC4Fz4UARvy6VFwLuBPQQ,63,main
workbook,level_2,12,12.3,Track 12.3,,audio,CQACAgQAAxkBAAIFqmqitLwD-N75XVs-J0iIU2HrcdsnAAIBJAAC4Fz4UAoFOiVPBX5hPQQ,54,main
student_book,level_3,1,1.02,Track 1.02,,audio,CQACAgQAAxkBAAIGBmqitOC4KAsiWCTeBpHLrNfur8JYAAJhJAAC4Fz4UJn_XNcjqy47PQQ,149,main
student_book,level_3,1,1.03,Track 1.03,,audio,CQACAgQAAxkBAAIGqGqitOiIstaaa86jwukPk2cvCaNEAALcJAAC4Fz4UJWx4seFqu1FPQQ,33,main
student_book,level_3,1,1.04,Track 1.04,,audio,CQACAgQAAxkBAAIGaWqitOhbnaaMy6DXWkVcuXs7Pl1WAAKbJAAC4Fz4UMW2b3ZLN1xBPQQ,37,main
student_book,level_3,1,1.05,Track 1.05,,audio,CQACAgQAAxkBAAIGRmqitOdTxh2-VaENeVPmMRUsA670AAIPJQAC4Fz4UP17RVXDzXFPPQQ,67,main
student_book,level_3,1,1.06,Track 1.06,,audio,CQACAgQAAxkBAAIGnmqitOgGiNNYlOANPTHC9Ncq7RzcAALSJAAC4Fz4UJzRDvMh13joPQQ,70,main
student_book,level_3,1,1.07,Track 1.07,,audio,CQACAgQAAxkBAAIF5mqitOBp0pvGP9lkZTWOo45t2TzDAAI_JAAC4Fz4UOwhnH9vTzqLPQQ,120,main
student_book,level_3,1,1.08,Track 1.08,,audio,CQACAgQAAxkBAAIGPWqitOcMsyXKrur-WfJ7aHHam7-AAAIGJQAC4Fz4UKbc0aoyOJkKPQQ,149,main
student_book,level_3,1,1.09,Track 1.09,,audio,CQACAgQAAxkBAAIGSmqitOjZjY6mJmD6XE3uRgcmLEmXAAJ2JAAC4Fz4UBm-Xm5MDMcuPQQ,145,main
student_book,level_3,1,1.10,Track 1.10,,audio,CQACAgQAAxkBAAIGf2qitOjbfo80X2ebPeEX_4IYNAFnAAKyJAAC4Fz4UNR8IjyReuobPQQ,26,main
student_book,level_3,1,1.11,Track 1.11,,audio,CQACAgQAAxkBAAIFx2qitOAFBIvr8xfmAUym9f_JiDNtAAIeJAAC4Fz4UJ2bR_tVnAVKPQQ,42,main
student_book,level_3,1,1.12,Track 1.12,,audio,CQACAgQAAxkBAAIF_WqitOCpK6QlEsEKu1dFGZJkUOatAAJYJAAC4Fz4UFeCVMKbxek7PQQ,22,main
student_book,level_3,1,1.13,Track 1.13,,audio,CQACAgQAAxkBAAIGn2qitOjgTyUpsCgutzEFZ2bxgdvEAALTJAAC4Fz4UFtEDpSQMgPdPQQ,21,main
student_book,level_3,1,1.14,Track 1.14,,audio,CQACAgQAAxkBAAIGP2qitOeS0oAxSGzQphbG34oTJgkiAAIIJQAC4Fz4UKpKAAHui6inkT0E,98,main
student_book,level_3,1,1.15,Track 1.15,,audio,CQACAgQAAxkBAAIF4WqitODg83bkTUfsh9K82tB9dE98AAI6JAAC4Fz4UJtZ4diFYZ8VPQQ,137,main
student_book,level_3,1,1.16,Track 1.16,,audio,CQACAgQAAxkBAAIGgmqitOjHZdpXc3ARszZeGTghyIUhAAK1JAAC4Fz4UDSTvKiLxXHoPQQ,24,main
student_book,level_3,1,1.17,Track 1.17,,audio,CQACAgQAAxkBAAIGFGqitOBkWLrOAWdw9wVPCf5vKh2vAAJxJAAC4Fz4UCx14n3cBhURPQQ,17,main
student_book,level_3,1,1.18,Track 1.18,,audio,CQACAgQAAxkBAAIGImqitOcWhbPyjL_AQiuFFrq4f9jgAALrJAAC4Fz4UCx5KWRUl2BOPQQ,23,main
student_book,level_3,1,1.19,Track 1.19,,audio,CQACAgQAAxkBAAIGeGqitOjwikgAASAxSFdfP5m1SOFgoQACqyQAAuBc-FAaHWo7M1jj_z0E,29,main
student_book,level_3,1,1.20,Track 1.20,,audio,CQACAgQAAxkBAAIFwGqitOC0qwJIYogAAYXqxdgltFUtFwACFyQAAuBc-FBilD2uV0SMQT0E,8,main
student_book,level_3,1,1.21,Track 1.21,,audio,CQACAgQAAxkBAAIGGWqitOf_lOO-dKYzIp7v6q4uK5yRAALiJAAC4Fz4UJOQ4ZU9-meaPQQ,29,main
student_book,level_3,1,1.22,Track 1.22,,audio,CQACAgQAAxkBAAIF9WqitOCqc-E8miAPxLhXuemCV_WHAAJQJAAC4Fz4UGHrE0-7sakOPQQ,179,main
student_book,level_3,1,1.23,Track 1.23,,audio,CQACAgQAAxkBAAIGWmqitOjUOhOsW0y0Q5LDGcHShnQaAAKGJAAC4Fz4UPqyuhU6_VnAPQQ,59,main
student_book,level_3,1,1.24,Track 1.24,,audio,CQACAgQAAxkBAAIGN2qitOdUd0pQKhLEQkzwxkRYcihTAAMlAALgXPhQ64GuRH0B4dw9BA,46,main
student_book,level_3,1,1.25,Track 1.25,,audio,CQACAgQAAxkBAAIF2GqitOB-f-eRtWOp_CDMA2Tyag4OAAIxJAAC4Fz4UJMBc714wml6PQQ,219,main
student_book,level_3,1,1.26,Track 1.26,,audio,CQACAgQAAxkBAAIGeWqitOj8W1Mf_5fvFTYVpSJw5g7zAAKsJAAC4Fz4UEyKWew_T5ghPQQ,112,main
student_book,level_3,1,1.27,Track 1.27,,audio,CQACAgQAAxkBAAIGG2qitOfLyKl0N1YrchQQY3NF1hUgAALkJAAC4Fz4UE_h1G0PNCFhPQQ,152,main
student_book,level_3,1,1.28,Track 1.28,,audio,CQACAgQAAxkBAAIFu2qitOCAE38qb2S3IEptjrkkUiKTAAISJAAC4Fz4UBYUcwdX1ogZPQQ,59,main
student_book,level_3,1,1.29,Track 1.29,,audio,CQACAgQAAxkBAAIGXWqitOgIpxIuafsZLMXSfvyDZcbYAAKJJAAC4Fz4UCQKG1bBcwliPQQ,45,main
student_book,level_3,1,1.30,Track 1.30,,audio,CQACAgQAAxkBAAIF8GqitOB7dZd2sUPXBmoAAf11CRxFZAACSyQAAuBc-FDzp9OaRqNjmz0E,113,main
student_book,level_3,1,1.31,Track 1.31,,audio,CQACAgQAAxkBAAIGkWqitOhNcDGvlEl35pzUv-NLJgzpAALEJAAC4Fz4UDZRtmGH5Yf1PQQ,70,main
student_book,level_3,2,2.01,Track 2.01,,audio,CQACAgQAAxkBAAIGU2qitOioodK50YG9EyiMUpKurhitAAJ_JAAC4Fz4UAEglv1uw63JPQQ,89,main
student_book,level_3,2,2.02,Track 2.02,,audio,CQACAgQAAxkBAAIGMGqitOeFpVEG8OkzT4pOZ7S7jPmVAAL5JAAC4Fz4UJJh6uM2HvU5PQQ,60,main
student_book,level_3,2,2.03,Track 2.03,,audio,CQACAgQAAxkBAAIGh2qitOj74jLQvD8zpkpXBu8roV9YAAK6JAAC4Fz4UHo6-7ht518SPQQ,44,main
student_book,level_3,2,2.04,Track 2.04,,audio,CQACAgQAAxkBAAIFz2qitOCOf7MLusKDBNiahCr1OQ9lAAImJAAC4Fz4UIo9L5UM57sePQQ,34,main
student_book,level_3,2,2.05,Track 2.05,,audio,CQACAgQAAxkBAAIGBWqitODocIytKk4r81_q7xf_9486AAJgJAAC4Fz4UNCPS7SiNwrYPQQ,46,main
student_book,level_3,2,2.06,Track 2.06,,audio,CQACAgQAAxkBAAIGp2qitOgx3wLsAlpkKANggX0jBewNAALbJAAC4Fz4UKArQk_4ga8ePQQ,18,main
student_book,level_3,2,2.07,Track 2.07,,audio,CQACAgQAAxkBAAIGR2qitOd7C8D3vn-fKKcy3GJRKX67AAIQJQAC4Fz4UGCwSOhFzP3IPQQ,40,main
student_book,level_3,2,2.08,Track 2.08,,audio,CQACAgQAAxkBAAIGVGqitOjubVjxFfBPolO2RrI6cFaqAAKAJAAC4Fz4UG_VCeDLnCaOPQQ,56,main
student_book,level_3,2,2.09,Track 2.09,,audio,CQACAgQAAxkBAAIGimqitOiRi8nC1kuW_Pp6We77ptoyAAK9JAAC4Fz4UE0gmiOpEWKWPQQ,44,main
student_book,level_3,2,2.10,Track 2.10,,audio,CQACAgQAAxkBAAIF0mqitODWqOHDtCLaCqdpqCDp65TeAAIpJAAC4Fz4ULCoUbS_spPdPQQ,15,main
student_book,level_3,2,2.11,Track 2.11,,audio,CQACAgQAAxkBAAIGCGqitOBze_PkihURYktPVseZTitYAAJjJAAC4Fz4UKdWESGUtp6GPQQ,17,main
student_book,level_3,2,2.12,Track 2.12,,audio,CQACAgQAAxkBAAIFymqitODlmHhWA8spbJP3j8kIHLhPAAIhJAAC4Fz4UGhThdqQJEoHPQQ,298,main
student_book,level_3,2,2.13,Track 2.13,,audio,CQACAgQAAxkBAAIGa2qitOgQlXH_SRm-tqvZxR2UEm4RAAKdJAAC4Fz4UL4v54noWZ7nPQQ,81,main
student_book,level_3,2,2.14,Track 2.14,,audio,CQACAgQAAxkBAAIF_mqitOB3P_8GWHp4WJmtcuVRYc62AAJZJAAC4Fz4UE4yBJDheP-VPQQ,280,main
student_book,level_3,2,2.15,Track 2.15,,audio,CQACAgQAAxkBAAIGoGqitOjB_RAgGUyKp1uCtKnoW-iRAALUJAAC4Fz4UC-IAAHsSKyU4T0E,47,main
student_book,level_3,2,2.16,Track 2.16,,audio,CQACAgQAAxkBAAIGYWqitOiIipJdg8duqn_CMrmRwWsZAAKNJAAC4Fz4UOuqllbCVD5tPQQ,25,main
student_book,level_3,2,2.17,Track 2.17,,audio,CQACAgQAAxkBAAIGPmqitOdEtr_MbhAgJJrmEtnS0PVuAAIHJQAC4Fz4UFpHayrYci0oPQQ,28,main
student_book,level_3,2,2.18,Track 2.18,,audio,CQACAgQAAxkBAAIF4GqitOAIr8dvNNFOum_o7LOpwPxdAAI5JAAC4Fz4UHF1biz9_C37PQQ,28,main
student_book,level_3,2,2.19,Track 2.19,,audio,CQACAgQAAxkBAAIGgWqitOgz4K-UfdWWWWVaR5wOlHRXAAK0JAAC4Fz4UKsvVDt15dZ-PQQ,110,main
student_book,level_3,2,2.20,Track 2.20,,audio,CQACAgQAAxkBAAIGI2qitOdOOt2CMzCKrEiazM36KVkMAALsJAAC4Fz4UMJ40VoMWXeRPQQ,121,main
student_book,level_3,2,2.21,Track 2.21,,audio,CQACAgQAAxkBAAIF_2qitOBX2WRskqZsZOvlOp-v4sEeAAJaJAAC4Fz4ULlqygSRY6BsPQQ,133,main
student_book,level_3,3,3.01,Track 3.01,,audio,CQACAgQAAxkBAAIGZGqitOjpwgFGa4T4BNi6HFrVP-piAAKQJAAC4Fz4UFeNJMDGeaIjPQQ,144,main
student_book,level_3,3,3.02,Track 3.02,,audio,CQACAgQAAxkBAAIGQWqitOd88OiI0Vj0j9Ryhs_APnewAAIKJQAC4Fz4UFotFVPnZzaJPQQ,45,main
student_book,level_3,3,3.03,Track 3.03,,audio,CQACAgQAAxkBAAIF42qitOC74t2fccXUEzBcrJsfcjonAAI8JAAC4Fz4UFnCDwco6vU4PQQ,72,main
student_book,level_3,3,3.04,Track 3.04,,audio,CQACAgQAAxkBAAIGOmqitOepPA-pWHumNKPBB7e4IwXaAAIDJQAC4Fz4UDMHQCJO5q2MPQQ,46,main
student_book,level_3,3,3.05,Track 3.05,,audio,CQACAgQAAxkBAAIGFmqitOB2WvfjUFYx2eRYWDMK4gcXAAJzJAAC4Fz4UFXNfwZ6iQPTPQQ,16,main
student_book,level_3,3,3.06,Track 3.06,,audio,CQACAgQAAxkBAAIF2WqitOC7cItkUMOIdUqi8NLFBYZJAAIyJAAC4Fz4UFg3NKCKAuexPQQ,31,main
student_book,level_3,3,3.07,Track 3.07,,audio,CQACAgQAAxkBAAIGemqitOgm5iIAAYpNBcFlxWf1w-KcyQACrSQAAuBc-FCsXddctRGbyD0E,55,main
student_book,level_3,3,3.08,Track 3.08,,audio,CQACAgQAAxkBAAIGDGqitODiAao46c3KhUtxP62O1d9tAAJpJAAC4Fz4UJ6vDq-R3fMTPQQ,29,main
student_book,level_3,3,3.09,Track 3.09,,audio,CQACAgQAAxkBAAIGGmqitOdNqMzp6U-VyIs7OaY1jpreAALjJAAC4Fz4UEFcoFXbmcMWPQQ,27,main
student_book,level_3,3,3.10,Track 3.10,,audio,CQACAgQAAxkBAAIGcGqitOgdFc0RzxkOOjXG-7gwGf8JAAKiJAAC4Fz4UOBGyqODWD9ePQQ,45,main
student_book,level_3,3,3.11,Track 3.11,,audio,CQACAgQAAxkBAAIFuGqitOBfphml8I-8jZ1uu3zTJ0pzAAIPJAAC4Fz4UDgpKzzwnrqpPQQ,67,main
student_book,level_3,3,3.12,Track 3.12,,audio,CQACAgQAAxkBAAIF72qitODTnEa9O49dLFyhtjONX2MCAAJJJAAC4Fz4UGK8fY9-eISpPQQ,35,main
student_book,level_3,3,3.13,Track 3.13,,audio,CQACAgQAAxkBAAIGkGqitOg-7aQdpQxhZ3sXromSW0aSAALDJAAC4Fz4UKUeJV8AAXMbuz0E,30,main
student_book,level_3,3,3.14,Track 3.14,,audio,CQACAgQAAxkBAAIGMWqitOfAZPh8XI68-h_Sw6C9jSKOAAL6JAAC4Fz4UDYuCMvUlSmoPQQ,32,main
student_book,level_3,3,3.15,Track 3.15,,audio,CQACAgQAAxkBAAIGDWqitOCff-V6opCVz4UFS1N0cb-SAAJqJAAC4Fz4UPSF3e-O8szXPQQ,51,main
student_book,level_3,3,3.16,Track 3.16,,audio,CQACAgQAAxkBAAIGc2qitOgh-oQUK_m207yzWBbqP7BtAAKlJAAC4Fz4UI30KRzPs2yoPQQ,252,main
student_book,level_3,3,3.17,Track 3.17,,audio,CQACAgQAAxkBAAIGqmqitOhQzFWos_i3jSSkZ2MLDQGuAALfJAAC4Fz4UDP-ydLZOgWjPQQ,47,main
student_book,level_3,3,3.18,Track 3.18,,audio,CQACAgQAAxkBAAIF8mqitOAITad9kpuGo_dbYyQjyttyAAJNJAAC4Fz4UB0HXQF5oN87PQQ,60,main
student_book,level_3,3,3.19,Track 3.19,,audio,CQACAgQAAxkBAAIFs2qitOBYFu_AoVy8EN7Q-xSdcYcYAAIIJAAC4Fz4UE0iBFlHMPXsPQQ,30,main
student_book,level_3,3,3.20,Track 3.20,,audio,CQACAgQAAxkBAAIGVWqitOgL6dH9mOglAAGCN0Oi1c43ZgACgSQAAuBc-FBezNW2a-cSpj0E,39,main
student_book,level_3,3,3.21,Track 3.21,,audio,CQACAgQAAxkBAAIF6GqitOB4cFbUpMcapd0SgeaJPoy3AAJBJAAC4Fz4ULI2G0ZthF_MPQQ,39,main
student_book,level_3,3,3.22,Track 3.22,,audio,CQACAgQAAxkBAAIGiWqitOgpZobhg3t339QeEHTqvirkAAK8JAAC4Fz4UPlGaUXhbeOvPQQ,23,main
student_book,level_3,3,3.23,Track 3.23,,audio,CQACAgQAAxkBAAIGTGqitOgNCAYfzdmPnBcmyuLlNf0HAAJ4JAAC4Fz4UOENUX29LZ23PQQ,35,main
student_book,level_3,3,3.24,Track 3.24,,audio,CQACAgQAAxkBAAIGKWqitOeT-hKLD0QMkXZSu8AcLYFGAALyJAAC4Fz4UBXAzke-5dzHPQQ,240,main
student_book,level_3,3,3.25,Track 3.25,,audio,CQACAgQAAxkBAAIFyWqitOAHzHSnv8npmiR-aQiGEZirAAIgJAAC4Fz4UPf6ZjQ3gd3HPQQ,114,main
student_book,level_3,3,3.26,Track 3.26,,audio,CQACAgQAAxkBAAIGamqitOg-SQglISuftMXnSh2wUFWLAAKcJAAC4Fz4UPNZzGCdJo_lPQQ,136,main
student_book,level_3,3,3.27,Track 3.27,,audio,CQACAgQAAxkBAAIGoWqitOjDyM9RlIP8LEQyyzwtkjJVAALVJAAC4Fz4UHj0pfLTuwuFPQQ,89,main
student_book,level_3,3,3.28,Track 3.28,,audio,CQACAgQAAxkBAAIF6WqitOBX_aKEBDPKYwGh4hIg0qQUAAJCJAAC4Fz4UKQhnJCktEezPQQ,167,main
student_book,level_3,3,3.29,Track 3.29,,audio,CQACAgQAAxkBAAIGTmqitOh1dMqvr8B1fcba0nPJ01zwAAJ6JAAC4Fz4UM1Fwqw05lg2PQQ,160,main
student_book,level_3,3,3.30,Track 3.30,,audio,CQACAgQAAxkBAAIGhGqitOgFCCq2k3wGvRTEhsHWc_ivAAK3JAAC4Fz4UJ2C_Y7c12gtPQQ,63,main
student_book,level_3,3,3.31,Track 3.31,,audio,CQACAgQAAxkBAAIFzGqitOCMUvBx2WYytoHVjQ1AI1M6AAIjJAAC4Fz4UAABMre5--wTnD0E,44,main
student_book,level_3,3,3.32,Track 3.32,,audio,CQACAgQAAxkBAAIGJGqitOcUUdjOlEAZNaKmX1yOu7EvAALtJAAC4Fz4UPAk97paaxeIPQQ,89,main
student_book,level_3,3,3.33,Track 3.33,,audio,CQACAgQAAxkBAAIGAAFqorTggBRf6d4Q133eOFMq-uZ8gQACWyQAAuBc-FDQ5i1RQggwtz0E,33,main
student_book,level_3,4,4.01,Track 4.01,,audio,CQACAgQAAxkBAAIFwmqitOB3-QJciZlUYyqMdRE4qCEAAxkkAALgXPhQoxyctLqA9249BA,142,main
student_book,level_3,4,4.02,Track 4.02,,audio,CQACAgQAAxkBAAIGY2qitOiNSTInaUJvOY7OCKi5ixkLAAKPJAAC4Fz4UJDMl50wfIL3PQQ,177,main
student_book,level_3,4,4.03,Track 4.03,,audio,CQACAgQAAxkBAAIF92qitOAfOmWJ-_UlPbTIToAu2ASHAAJSJAAC4Fz4UD8LeuokkHCaPQQ,51,main
student_book,level_3,4,4.04,Track 4.04,,audio,CQACAgQAAxkBAAIGmGqitOh2_XekfRzPMLc0GlbWcaE2AALMJAAC4Fz4UDIQmEt4N1TfPQQ,46,main
student_book,level_3,4,4.05,Track 4.05,,audio,CQACAgQAAxkBAAIGOWqitOfjRQ8lv2-AIT5ZB-Z-aQxdAAICJQAC4Fz4UP5ELsk3I4f0PQQ,12,main
student_book,level_3,4,4.06,Track 4.06,,audio,CQACAgQAAxkBAAIGFWqitOA8BfBRlwdSFmG3qPMRkLjtAAJyJAAC4Fz4UOnw5nvXGAvXPQQ,6,main
student_book,level_3,4,4.07,Track 4.07,,audio,CQACAgQAAxkBAAIGe2qitOh4e-6BDhm6y76T6RfaB7WkAAKuJAAC4Fz4UEJcAXEhsEADPQQ,24,main
student_book,level_3,4,4.08,Track 4.08,,audio,CQACAgQAAxkBAAIFw2qitOCaCz6JkZwhuH7sxDN-zsM5AAIaJAAC4Fz4UP_CFX7qu_b7PQQ,55,main
student_book,level_3,4,4.09,Track 4.09,,audio,CQACAgQAAxkBAAIF-WqitOCSTmdAOX8ZW47pJbaQH3JSAAJUJAAC4Fz4UFnz0oozpHWnPQQ,98,main
student_book,level_3,4,4.10,Track 4.10,,audio,CQACAgQAAxkBAAIGm2qitOifZX3NyEU1RNz8YurgB3EvAALPJAAC4Fz4UE3bd2T0UIKwPQQ,59,main
student_book,level_3,4,4.11,Track 4.11,,audio,CQACAgQAAxkBAAIGPGqitOdmbf8PnYz85h3G49i19ExIAAIFJQAC4Fz4UHNJKuEfHaJUPQQ,299,main
student_book,level_3,4,4.12,Track 4.12,,audio,CQACAgQAAxkBAAIGk2qitOhr3TW5Z-7CqaSfeH_Bs6uLAALGJAAC4Fz4ULkv-tQktyEDPQQ,30,main
student_book,level_3,4,4.13,Track 4.13,,audio,CQACAgQAAxkBAAIF22qitOAvIsEPhwpdrn2nYBq1Oo4-AAI0JAAC4Fz4UJRncLPLcYjHPQQ,26,main
student_book,level_3,4,4.14,Track 4.14,,audio,CQACAgQAAxkBAAIGMmqitOf4E_rBHlsWhpZ2Eaghaqp6AAL7JAAC4Fz4UAAB3tBBF0JJWz0E,36,main
student_book,level_3,4,4.15,Track 4.15,,audio,CQACAgQAAxkBAAIGDmqitOCyjtYg-IvM2T4by7pexPuAAAJrJAAC4Fz4UF0P5TdmO_QSPQQ,27,main
student_book,level_3,4,4.16,Track 4.16,,audio,CQACAgQAAxkBAAIF0WqitODjL_s5G0-HO5NvCppdVxAYAAIoJAAC4Fz4UBvES8imFIrbPQQ,141,main
student_book,level_3,4,4.17,Track 4.17,,audio,CQACAgQAAxkBAAIGcmqitOhkK7V7o7CIdOIGoewbsow-AAKkJAAC4Fz4UNYrg_OhUgRJPQQ,88,main
student_book,level_3,4,4.18,Track 4.18,,audio,CQACAgQAAxkBAAIGqWqitOhhkosz28pXoYF_vDoi53RCAALeJAAC4Fz4UKppJFJDvYRFPQQ,243,main
student_book,level_3,4,4.19,Track 4.19,,audio,CQACAgQAAxkBAAIF8WqitOBAjN557afMu7yT7ylLxtDxAAJMJAAC4Fz4UKYQtp027exmPQQ,75,main
student_book,level_3,4,4.20,Track 4.20,,audio,CQACAgQAAxkBAAIGVmqitOg85uoyA3yV63l6rEfcYS56AAKCJAAC4Fz4UIFCjQP5ji73PQQ,104,main
student_book,level_3,4,4.21,Track 4.21,,audio,CQACAgQAAxkBAAIGM2qitOfa0Wu4K4QbJbC3JEMutNjwAAL8JAAC4Fz4UCRIwqXsjtWMPQQ,139,main
student_book,level_3,5,5.01,Track 5.01,,audio,CQACAgQAAxkBAAIF1GqitOD9y3wYmYDm8swbJmRo_dzKAAIrJAAC4Fz4UBaC1WevR35hPQQ,114,main
student_book,level_3,5,5.02,Track 5.02,,audio,CQACAgQAAxkBAAIGdWqitOjNnKbW7BUW4neOQiM-nMY2AAKnJAAC4Fz4UOfGH44iXEpjPQQ,60,main
student_book,level_3,5,5.03,Track 5.03,,audio,CQACAgQAAxkBAAIGGGqitOcHks7hYiAhH5qMXVLkSVGCAALhJAAC4Fz4UFIHp7nOAZDxPQQ,42,main
student_book,level_3,5,5.04,Track 5.04,,audio,CQACAgQAAxkBAAIGbWqitOhM1_VYhCOiBK_gI9NMM4kAA58kAALgXPhQDJwpEP6KkFk9BA,66,main
student_book,level_3,5,5.05,Track 5.05,,audio,CQACAgQAAxkBAAIFtWqitODmdXw9-pS1svbf6PXR6BsRAAIKJAAC4Fz4UDKwIJVSRJwwPQQ,58,main
student_book,level_3,5,5.06,Track 5.06,,audio,CQACAgQAAxkBAAIGomqitOgZjBg_RORhVSfZnWSt31M5AALWJAAC4Fz4UJEQZ228aYZTPQQ,39,main
student_book,level_3,5,5.07,Track 5.07,,audio,CQACAgQAAxkBAAIF6mqitOAe6zoxA_6eGKG1382ClehbAAJDJAAC4Fz4UL7Ftb9ZdOHQPQQ,30,main
student_book,level_3,5,5.08,Track 5.08,,audio,CQACAgQAAxkBAAIGQGqitOeKrGOX61bDQMd3Q7S6N3xzAAIJJQAC4Fz4UGoohb37ZahWPQQ,43,main
student_book,level_3,5,5.09,Track 5.09,,audio,CQACAgQAAxkBAAIGTWqitOiUQk0-Ql6DHVAghnGwZdtMAAJ5JAAC4Fz4UCjWpmYC9rRFPQQ,168,main
student_book,level_3,5,5.10,Track 5.10,,audio,CQACAgQAAxkBAAIGg2qitOjTiApp0kPOdb34YjHjJuGCAAK2JAAC4Fz4UPm8hEgkRKqFPQQ,82,main
student_book,level_3,5,5.11,Track 5.11,,audio,CQACAgQAAxkBAAIFy2qitOCpU0itcHoeu0smaPpASnKjAAIiJAAC4Fz4UEUu3sRb5vawPQQ,30,main
student_book,level_3,5,5.12,Track 5.12,,audio,CQACAgQAAxkBAAIGAWqitOBj-bv0TgMhwdIu1xsYHBnKAAJcJAAC4Fz4UBA_ycKiZYvrPQQ,31,main
student_book,level_3,5,5.13,Track 5.13,,audio,CQACAgQAAxkBAAIGo2qitOjiZxFSLS2GDXA-s_-hO0ocAALXJAAC4Fz4UP9hOhp8my-7PQQ,21,main
student_book,level_3,5,5.14,Track 5.14,,audio,CQACAgQAAxkBAAIGQ2qitOfkCeT3MK83IOqbll_xvkHvAAIMJQAC4Fz4UGrhRYTkoDujPQQ,22,main
student_book,level_3,5,5.15,Track 5.15,,audio,CQACAgQAAxkBAAIGUGqitOiS-H8lT_zDk1_hVX0DeG1hAAJ8JAAC4Fz4UB4K6Di8zBthPQQ,83,main
student_book,level_3,5,5.16,Track 5.16,,audio,CQACAgQAAxkBAAIGhmqitOhH64ncA6QnRWuSpg_mnlagAAK5JAAC4Fz4UG3Sd5EsgnTRPQQ,63,main
student_book,level_3,5,5.17,Track 5.17,,audio,CQACAgQAAxkBAAIGSWqitOiIP9GR6_ergMWJ9JF47qaOAAJ1JAAC4Fz4UPOnQDuuCAKJPQQ,73,main
student_book,level_3,5,5.18,Track 5.18,,audio,CQACAgQAAxkBAAIGJmqitOfsUoxoOLwMFlFSU2Nbh4uaAALvJAAC4Fz4UNN8-MSgxbOHPQQ,48,main
student_book,level_3,5,5.19,Track 5.19,,audio,CQACAgQAAxkBAAIGfGqitOjD1DXpfnKRVkHmyZmdQtFeAAKvJAAC4Fz4UICFRs9MNra1PQQ,40,main
student_book,level_3,5,5.20,Track 5.20,,audio,CQACAgQAAxkBAAIFxGqitOBtcqB99Ngklhs74hC2j9DWAAIbJAAC4Fz4UKkkdbKUhuAdPQQ,72,main
student_book,level_3,5,5.21,Track 5.21,,audio,CQACAgQAAxkBAAIGHGqitOcYPsucGFP43yfuM8TZagV5AALlJAAC4Fz4UKjUXeF5MOG7PQQ,99,main
student_book,level_3,5,5.22,Track 5.22,,audio,CQACAgQAAxkBAAIF-GqitOAthYhrPPSmIPCPqUOky5JnAAJTJAAC4Fz4UM8ipTsPLl0QPQQ,264,main
student_book,level_3,5,5.23,Track 5.23,,audio,CQACAgQAAxkBAAIFumqitOAAAT980vnCduUFK4QpWZlIWAACESQAAuBc-FDtwoPbHA-wUT0E,133,main
student_book,level_3,5,5.24,Track 5.24,,audio,CQACAgQAAxkBAAIGXGqitOi1ro2Ch7e0zm0diJD5mNTwAAKIJAAC4Fz4UMxBr8vYyfr-PQQ,147,main
student_book,level_3,5,5.25,Track 5.25,,audio,CQACAgQAAxkBAAIGkmqitOgg5mJCXN8xzVEyzOf_sdNFAALFJAAC4Fz4UBSb0IChMPBtPQQ,58,main
student_book,level_3,5,5.26,Track 5.26,,audio,CQACAgQAAxkBAAIF2mqitODOAvFg8utSrEvP-ca88CDlAAIzJAAC4Fz4UI-gE5E5pqwqPQQ,43,main
student_book,level_3,5,5.27,Track 5.27,,audio,CQACAgQAAxkBAAIGD2qitOC7QA-aStFlsU1SCs45W-6CAAJsJAAC4Fz4UIn5VJlGXceXPQQ,83,main
student_book,level_3,5,5.28,Track 5.28,,audio,CQACAgQAAxkBAAIGHWqitOdNqItGtTYlzrNU5kD01AmxAALmJAAC4Fz4UGrTuttwV58DPQQ,37,main
student_book,level_3,6,6.01,Track 6.01,,audio,CQACAgQAAxkBAAIFvWqitOCABxkpEym9DjI3UHkVlCwjAAIUJAAC4Fz4UP8LxRVD8vz5PQQ,45,main
student_book,level_3,6,6.02,Track 6.02,,audio,CQACAgQAAxkBAAIF9GqitOC2KMu8Li-tJ1IXJWyspUlcAAJPJAAC4Fz4UAWVzgABPSC5Fj0E,114,main
student_book,level_3,6,6.03,Track 6.03,,audio,CQACAgQAAxkBAAIGlWqitOgRysQsCgTw_y-KfrexSKTrAALIJAAC4Fz4UHHlfdoQpTYrPQQ,146,main
student_book,level_3,6,6.04,Track 6.04,,audio,CQACAgQAAxkBAAIGV2qitOhTdf4hVZ1Ub3XcmHagyzahAAKDJAAC4Fz4UDfb1GrznPQpPQQ,68,main
student_book,level_3,6,6.05,Track 6.05,,audio,CQACAgQAAxkBAAIGNGqitOcSTvxsZaiUJ5odTnSgCcBDAAL9JAAC4Fz4UFP76iW12Zq9PQQ,135,main
student_book,level_3,6,6.06,Track 6.06,,audio,CQACAgQAAxkBAAIGi2qitOiiPciWZK66StHyUfAg09lkAAK-JAAC4Fz4UJ0xx-McdVhBPQQ,58,main
student_book,level_3,6,6.07,Track 6.07,,audio,CQACAgQAAxkBAAIF02qitOBGuqiNUaYJzKAF-D9h-YIkAAIqJAAC4Fz4UIZiHxLEpfUIPQQ,109,main
student_book,level_3,6,6.08,Track 6.08,,audio,CQACAgQAAxkBAAIGK2qitOfNWYX4gZOMsGVvu60hP0fKAAL0JAAC4Fz4UGEG-lTBOBqWPQQ,35,main
student_book,level_3,6,6.09,Track 6.09,,audio,CQACAgQAAxkBAAIGB2qitOATzxIOnyxW3Z4VkRNj4AFzAAJiJAAC4Fz4UHzOUs2Y7iMfPQQ,176,main
student_book,level_3,6,6.10,Track 6.10,,audio,CQACAgQAAxkBAAIGbGqitOgZhWW1hgY7GcbxeSYZ1RLmAAKeJAAC4Fz4UC84Pu2g9RE_PQQ,44,main
student_book,level_3,6,6.11,Track 6.11,,audio,CQACAgQAAxkBAAIFtGqitOCHa1yTvELzoPgYSNgSPcGtAAIJJAAC4Fz4UK7I8zjk62mWPQQ,16,main
student_book,level_3,6,6.12,Track 6.12,,audio,CQACAgQAAxkBAAIF62qitOD7vM0NyEycdmOTpjZN_3E7AAJEJAAC4Fz4UO_WXfYcmus4PQQ,17,main
student_book,level_3,6,6.13,Track 6.13,,audio,CQACAgQAAxkBAAIGjGqitOiqFd2Rn6AQNDSRa9HUpFYRAAK_JAAC4Fz4UNfNL3kXYBeHPQQ,16,main
student_book,level_3,6,6.14,Track 6.14,,audio,CQACAgQAAxkBAAIGLWqitOfEjo1yjeBVWDb8PGIelVWrAAL2JAAC4Fz4UAhMvZOihS1rPQQ,113,main
student_book,level_3,6,6.15,Track 6.15,,audio,CQACAgQAAxkBAAIFzmqitOCJff6Q37TVNbAuwj67VFY4AAIlJAAC4Fz4UG52mkKd-haaPQQ,90,main
student_book,level_3,6,6.16,Track 6.16,,audio,CQACAgQAAxkBAAIGb2qitOhtcq7W8tKebcc11rhVXDQyAAKhJAAC4Fz4UHfTLhsztnOKPQQ,29,main
student_book,level_3,6,6.17,Track 6.17,,audio,CQACAgQAAxkBAAIGAmqitODQUwY0WvSSq_wTdmtjcW_VAAJdJAAC4Fz4UHOgJYCjrg8VPQQ,33,main
student_book,level_3,6,6.18,Track 6.18,,audio,CQACAgQAAxkBAAIGpGqitOjzktfsPe3gLSWlFtjkTf3-AALYJAAC4Fz4UL2dxNxW8oluPQQ,63,main
student_book,level_3,6,6.19,Track 6.19,,audio,CQACAgQAAxkBAAIGZWqitOhqLGra6MuLgju_pLqGlqCZAAKRJAAC4Fz4UDIt3VEuy6qGPQQ,140,main
student_book,level_3,6,6.20,Track 6.20,,audio,CQACAgQAAxkBAAIGQmqitOdW6M3BvCwjlgF4RHB2LCVJAAILJQAC4Fz4UNSWynVgrse2PQQ,68,main
student_book,level_3,6,6.21,Track 6.21,,audio,CQACAgQAAxkBAAIGmmqitOgpIiXjP_HOzEUsFKaoCgyZAALOJAAC4Fz4UD0x1LsE1SBVPQQ,137,main
student_book,level_3,7,7.01,Track 7.01,,audio,CQACAgQAAxkBAAIF4mqitODfcxFaBqTLKhBPkasFJkPdAAI7JAAC4Fz4UI7rz5NoVxMXPQQ,61,main
student_book,level_3,7,7.02,Track 7.02,,audio,CQACAgQAAxkBAAIGSGqitOjwFsnAmJNmFSsucng6wYX9AAJ0JAAC4Fz4UMtSItXo0dHcPQQ,97,main
student_book,level_3,7,7.03,Track 7.03,,audio,CQACAgQAAxkBAAIGJWqitOfQCS54NR6ZgoBCSvBh8GTUAALuJAAC4Fz4UO_V36amGtxvPQQ,40,main
student_book,level_3,7,7.04,Track 7.04,,audio,CQACAgQAAxkBAAIFxWqitOBhpnKIASSVWpPIu_Quxfj1AAIcJAAC4Fz4UJFmGzx80L6wPQQ,55,main
student_book,level_3,7,7.05,Track 7.05,,audio,CQACAgQAAxkBAAIGZmqitOhNGbvL9-I9nwEmBidwOzsNAAKYJAAC4Fz4UH2266QiITE-PQQ,46,main
student_book,level_3,7,7.06,Track 7.06,,audio,CQACAgQAAxkBAAIGnWqitOjpB5RkMufyEgduvbXfel52AALRJAAC4Fz4UL-bNJ-l1u8UPQQ,28,main
student_book,level_3,7,7.07,Track 7.07,,audio,CQACAgQAAxkBAAIF5WqitOBa8-pDIg3OV0ul3Vl2qj9dAAI-JAAC4Fz4UKQsE69FJfYsPQQ,79,main
student_book,level_3,7,7.08,Track 7.08,,audio,CQACAgQAAxkBAAIGS2qitOjLYoT67ulCI97fw-1VATgIAAJ3JAAC4Fz4UOUWOmuhZIhjPQQ,125,main
student_book,level_3,7,7.09,Track 7.09,,audio,CQACAgQAAxkBAAIF3WqitODMht2xr_HLP1F7fayQ2u0sAAI2JAAC4Fz4UIkiwGLdLX7YPQQ,105,main
student_book,level_3,7,7.10,Track 7.10,,audio,CQACAgQAAxkBAAIGfmqitOhLUmSfJ26uftKpXxvZgET-AAKxJAAC4Fz4UMTAKtEf48JNPQQ,77,main
student_book,level_3,7,7.11,Track 7.11,,audio,CQACAgQAAxkBAAIGEGqitOD4TNi3Q-1mSH-E-3k_wO1AAAJtJAAC4Fz4UH19JWPjhXllPQQ,76,main
student_book,level_3,7,7.12,Track 7.12,,audio,CQACAgQAAxkBAAIGHmqitOck7h8mWHj2nyp0SegmoY0SAALnJAAC4Fz4UMzkSqbQAAE0rz0E,69,main
student_book,level_3,7,7.13,Track 7.13,,audio,CQACAgQAAxkBAAIGdGqitOgkiXgS6-T5mBljBVA37nX1AAKmJAAC4Fz4UPPfS1NRR2PGPQQ,41,main
student_book,level_3,7,7.14,Track 7.14,,audio,CQACAgQAAxkBAAIFvGqitOA9db0yptg1L1SUJTTUMJaCAAITJAAC4Fz4UCalV0w-oTWiPQQ,35,main
student_book,level_3,7,7.15,Track 7.15,,audio,CQACAgQAAxkBAAIF82qitOABctL42wtPNRnScf6txsLIAAJOJAAC4Fz4UIyRrkFhsrSFPQQ,30,main
student_book,level_3,7,7.16,Track 7.16,,audio,CQACAgQAAxkBAAIGlGqitOjl4wvO1C1EYbO3ef6JL0IXAALHJAAC4Fz4ULVq7X8wzTtBPQQ,43,main
student_book,level_3,7,7.17,Track 7.17,,audio,CQACAgQAAxkBAAIGNWqitOfo8Op9lTxRyJ4x8DZm2YrIAAL-JAAC4Fz4UImw7yESr9urPQQ,36,main
student_book,level_3,7,7.18,Track 7.18,,audio,CQACAgQAAxkBAAIGEWqitOBs3y6_A6Bncxw7eY5c624_AAJuJAAC4Fz4UM3JvlG9x1UzPQQ,51,main
student_book,level_3,7,7.19,Track 7.19,,audio,CQACAgQAAxkBAAIGd2qitOhrIS---hArGEXyaVNg4QLgAAKpJAAC4Fz4UCCoVgeLr4OWPQQ,68,main
student_book,level_3,7,7.20,Track 7.20,,audio,CQACAgQAAxkBAAIFv2qitOAqZnd4_133Cu-m6gOWYG2QAAIWJAAC4Fz4UI-a9LDhvw9tPQQ,35,main
student_book,level_3,7,7.21,Track 7.21,,audio,CQACAgQAAxkBAAIF9mqitOBFz5Ws9wZkxdtPzdGaYEl0AAJRJAAC4Fz4UJN7WNzqtjlEPQQ,96,main
student_book,level_3,7,7.22,Track 7.22,,audio,CQACAgQAAxkBAAIFt2qitOC4oap70Niv5ppUIROaFsOpAAIOJAAC4Fz4UFCJM5fEiEqfPQQ,288,main
student_book,level_3,7,7.23,Track 7.23,,audio,CQACAgQAAxkBAAIGWWqitOg4o_f78wTtFGz8QS5nPvCbAAKFJAAC4Fz4UJdqaHKdRriMPQQ,48,main
student_book,level_3,7,7.24,Track 7.24,,audio,CQACAgQAAxkBAAIF7GqitOBbKEf4lwV8OYiMZQ6pkGZfAAJFJAAC4Fz4UItcs9SjoOKOPQQ,131,main
student_book,level_3,7,7.25,Track 7.25,,audio,CQACAgQAAxkBAAIGjWqitOh29efX3jobMmacHnaXlwABdwACwCQAAuBc-FC6B8oCm5Ufzj0E,170,main
student_book,level_3,7,7.26,Track 7.26,,audio,CQACAgQAAxkBAAIGT2qitOhI-OELTdg8bMiR0IKwcGT1AAJ7JAAC4Fz4UPeDp25aywQBPQQ,72,main
student_book,level_3,7,7.27,Track 7.27,,audio,CQACAgQAAxkBAAIGLGqitOdOEtNC9Q_TyKTY0_b4gJ8ZAAL1JAAC4Fz4UFCvaZd8w_GZPQQ,75,main
student_book,level_3,7,7.28,Track 7.28,,audio,CQACAgQAAxkBAAIFzWqitOAbjeJpp_XlVQGe0ZUgbldsAAIkJAAC4Fz4UCoY2xzWbS_9PQQ,98,main
student_book,level_3,7,7.29,Track 7.29,,audio,CQACAgQAAxkBAAIGbmqitOhYsJeSTWLWQvJ3f371F74xAAKgJAAC4Fz4UHqUVgXpjHB_PQQ,64,main
student_book,level_3,8,8.01,Track 8.01,,audio,CQACAgQAAxkBAAIGpWqitOhKrRp2QuG17ufjguxqPALTAALZJAAC4Fz4UHDhn3NiMxXXPQQ,68,main
student_book,level_3,8,8.02,Track 8.02,,audio,CQACAgQAAxkBAAIF7WqitOCfsciEu6cbgWHlSiGztWZBAAJHJAAC4Fz4UF5Gud29GHesPQQ,120,main
student_book,level_3,8,8.03,Track 8.03,,audio,CQACAgQAAxkBAAIGUmqitOjMcCqKIMk2SK_OnYMXpiGYAAJ-JAAC4Fz4UBrR17DanBs2PQQ,66,main
student_book,level_3,8,8.04,Track 8.04,,audio,CQACAgQAAxkBAAIGL2qitOcstLhg9vPM0o0VVomZr_iWAAL4JAAC4Fz4UPLdZNi70KAzPQQ,86,main
student_book,level_3,8,8.05,Track 8.05,,audio,CQACAgQAAxkBAAIF0GqitOCND5E5CtahAAHqFwi1za1JwQACJyQAAuBc-FA6m2YkvMxPwD0E,52,main
student_book,level_3,8,8.06,Track 8.06,,audio,CQACAgQAAxkBAAIGKGqitOcn5FiFHuoKlEPlYAaNyswcAALxJAAC4Fz4UEFmcxEM3SP7PQQ,35,main
student_book,level_3,8,8.07,Track 8.07,,audio,CQACAgQAAxkBAAIGBGqitODw3sY4BLyP9hHvTwlBGR6AAAJfJAAC4Fz4UKl5a6RwgYGGPQQ,26,main
student_book,level_3,8,8.08,Track 8.08,,audio,CQACAgQAAxkBAAIFxmqitOC_4BA3Reydq8Qs0HdeDAABrAACHSQAAuBc-FDqYpoICq6okD0E,21,main
student_book,level_3,8,8.09,Track 8.09,,audio,CQACAgQAAxkBAAIGZ2qitOjtHMFP9CF0smwF6wphaWqEAAKZJAAC4Fz4UBbatwHKq9MePQQ,115,main
student_book,level_3,8,8.10,Track 8.10,,audio,CQACAgQAAxkBAAIF-mqitOCBCmxrkPA3F3W4h9_Ctm2yAAJVJAAC4Fz4UN07SxzCQDOJPQQ,114,main
student_book,level_3,8,8.11,Track 8.11,,audio,CQACAgQAAxkBAAIGnGqitOhdE15xnz8YO91JkdMNbBQ2AALQJAAC4Fz4UHPqBfEn7dB-PQQ,53,main
student_book,level_3,8,8.12,Track 8.12,,audio,CQACAgQAAxkBAAIGXmqitOh_KapR7idm9zndsIoDqpmcAAKKJAAC4Fz4UF_B41atZxSNPQQ,68,main
student_book,level_3,8,8.13,Track 8.13,,audio,CQACAgQAAxkBAAIGO2qitOdSWTVTHx2jAgyy6r2NjAygAAIEJQAC4Fz4UBZuM4vibl7MPQQ,60,main
student_book,level_3,8,8.14,Track 8.14,,audio,CQACAgQAAxkBAAIF3GqitODX4nYO616vL-taUOGhWvhjAAI1JAAC4Fz4UHT99asULLCkPQQ,33,main
student_book,level_3,8,8.15,Track 8.15,,audio,CQACAgQAAxkBAAIGfWqitOjASMIjJcV8Y_l_eB9mLvMQAAKwJAAC4Fz4UH_xZXVe0HZQPQQ,183,main
student_book,level_3,8,8.16,Track 8.16,,audio,CQACAgQAAxkBAAIGH2qitOdto2LCejTTsH-4p2ca0637AALoJAAC4Fz4UEipDrdH_SqOPQQ,36,main
student_book,level_3,8,8.17,Track 8.17,,audio,CQACAgQAAxkBAAIF-2qitOAqcaNm1Fk759-hhQOnugFUAAJWJAAC4Fz4UI6mNZ2YcL7SPQQ,36,main
student_book,level_3,8,8.18,Track 8.18,,audio,CQACAgQAAxkBAAIGYGqitOhEVEGpuqIwifH3aJ3-FprEAAKMJAAC4Fz4UDZzs5MPCT2ZPQQ,50,main
student_book,level_3,8,8.19,Track 8.19,,audio,CQACAgQAAxkBAAIGl2qitOjo_H0_Crp9r_cmfClsr8DGAALLJAAC4Fz4UC38OUznETZqPQQ,243,main
student_book,level_3,8,8.20,Track 8.20,,audio,CQACAgQAAxkBAAIF32qitOA1Ub_HVw477U4ZqX4IkePtAAI4JAAC4Fz4UGWSSSAMX9EdPQQ,65,main
student_book,level_3,8,8.21,Track 8.21,,audio,CQACAgQAAxkBAAIGNmqitOfbwg7w0EtJ2IpoWXwf5ff0AAL_JAAC4Fz4UJmugHqljjZYPQQ,68,main
student_book,level_3,8,8.22,Track 8.22,,audio,CQACAgQAAxkBAAIGEmqitOCEpEe11kaiiCT-loPrDU9cAAJvJAAC4Fz4UIH3ueuU_b4pPQQ,146,main
student_book,level_3,9,9.01,Track 9.01,,audio,CQACAgQAAxkBAAIF1WqitOA7RSzsOzTUSeozIZfewsECAAIsJAAC4Fz4UEuAC2zSLHE-PQQ,142,main
student_book,level_3,9,9.02,Track 9.02,,audio,CQACAgQAAxkBAAIGdmqitOjkS2dkamsGY3nBpAABsr5cJAACqCQAAuBc-FCULI3i1ahn-T0E,138,main
student_book,level_3,9,9.03,Track 9.03,,audio,CQACAgQAAxkBAAIGCWqitOAxsQ8AAWZx5wL1bjpY3Rtw9wACZiQAAuBc-FC4xYavdzAwzT0E,208,main
student_book,level_3,9,9.04,Track 9.04,,audio,CQACAgQAAxkBAAIGq2qitOgwmgOtVNNqHXsxQUd0QxalAALgJAAC4Fz4UIEL1HTlaxGJPQQ,25,main
student_book,level_3,9,9.05,Track 9.05,,audio,CQACAgQAAxkBAAIFtmqitODGfKlAIefuJaQNlH-NnF3OAAILJAAC4Fz4UA2bVCcin7nePQQ,61,main
student_book,level_3,9,9.06,Track 9.06,,audio,CQACAgQAAxkBAAIGWGqitOi3a6AXnvBGm3QU-eAGTgyPAAKEJAAC4Fz4UKU3dvQwROvePQQ,42,main
student_book,level_3,9,9.07,Track 9.07,,audio,CQACAgQAAxkBAAIGjmqitOh2omcz81z40xBCQS2hVaEjAALBJAAC4Fz4UPqsfAh1ok23PQQ,69,main
student_book,level_3,9,9.08,Track 9.08,,audio,CQACAgQAAxkBAAIF1mqitOC0Qm8qVWdbC_0_yGe_WWccAAIuJAAC4Fz4UOvXh5tbAce2PQQ,100,main
student_book,level_3,9,9.09,Track 9.09,,audio,CQACAgQAAxkBAAIGC2qitOA_SFrYfhpVY3dvu12bJf8eAAJoJAAC4Fz4UMAOZ0B-wVexPQQ,67,main
student_book,level_3,9,9.10,Track 9.10,,audio,CQACAgQAAxkBAAIGcWqitOj-0O81hyJqQr9a-d9EjU-uAAKjJAAC4Fz4UGsUsO6Noly7PQQ,88,main
student_book,level_3,9,9.11,Track 9.11,,audio,CQACAgQAAxkBAAIFuWqitOBAaU_fT3EhEfJ-BMNTJ617AAIQJAAC4Fz4UPSKPTm8LohPPQQ,50,main
student_book,level_3,9,9.12,Track 9.12,,audio,CQACAgQAAxkBAAIGpmqitOhJjhmvkr-XOzx-DqkJzKcqAALaJAAC4Fz4UBoAAW0o5j_lLD0E,37,main
student_book,level_3,9,9.13,Track 9.13,,audio,CQACAgQAAxkBAAIF7mqitOAjxOvjEJ5CrPc9vB2a2cUwAAJIJAAC4Fz4UEEQwsMtsJ2mPQQ,202,main
student_book,level_3,9,9.14,Track 9.14,,audio,CQACAgQAAxkBAAIGRGqitOe3cOg9j6vcm60R8C3-58jmAAINJQAC4Fz4UAVG0F5JraNUPQQ,57,main
student_book,level_3,9,9.15,Track 9.15,,audio,CQACAgQAAxkBAAIGUWqitOivdUcC3KQZCElvh5G-3ySaAAJ9JAAC4Fz4UGwq-_Ba1EwMPQQ,44,main
student_book,level_3,9,9.16,Track 9.16,,audio,CQACAgQAAxkBAAIF5GqitOABhEFgnQGQo7GI9C8i-iAqAAI9JAAC4Fz4UNWLZztxe51TPQQ,39,main
student_book,level_3,9,9.17,Track 9.17,,audio,CQACAgQAAxkBAAIGhWqitOg1xvUQ3yKlF6HrOG1QHJO-AAK4JAAC4Fz4UMdSwpjanzymPQQ,45,main
student_book,level_3,9,9.18,Track 9.18,,audio,CQACAgQAAxkBAAIGJ2qitOcpJO4d4F7oaOAPOt-hypONAALwJAAC4Fz4UPMJn3ajpabOPQQ,31,main
student_book,level_3,9,9.19,Track 9.19,,audio,CQACAgQAAxkBAAIGA2qitOBmN2vcxgtmn5rffFyTWFQ2AAJeJAAC4Fz4UEbIxz_pTyvsPQQ,47,main
student_book,level_3,9,9.20,Track 9.20,,audio,CQACAgQAAxkBAAIGaGqitOg87NjNeKP8KlX2XCBD_NqZAAKaJAAC4Fz4UP-Mi_Ah4HrvPQQ,36,main
student_book,level_3,9,9.21,Track 9.21,,audio,CQACAgQAAxkBAAIGRWqitOfowi7L3iNHnXCPcUjtV5iiAAIOJQAC4Fz4UKpat5HQDl7QPQQ,135,main
student_book,level_3,9,9.22,Track 9.22,,audio,CQACAgQAAxkBAAIF52qitODsPiWu0QE9LSuEMQyiquobAAJAJAAC4Fz4UGGM4k8LtByTPQQ,110,main
student_book,level_3,9,9.23,Track 9.23,,audio,CQACAgQAAxkBAAIGiGqitOiTRc7EJpSr_qlpGDcaGDkbAAK7JAAC4Fz4UDZhzZ5Pdk5nPQQ,48,main
student_book,level_3,9,9.24,Track 9.24,,audio,CQACAgQAAxkBAAIGKmqitOc2KJdYRvSjiLv1oQAB8uAAAbIAAvMkAALgXPhQ9HRekSOu61k9BA,49,main
student_book,level_3,9,9.25,Track 9.25,,audio,CQACAgQAAxkBAAIGgGqitOjxNA_jZXAaOwPGRu_r8KFXAAKzJAAC4Fz4UNzE5A0mIiTmPQQ,112,main
student_book,level_3,9,9.26,Track 9.26,,audio,CQACAgQAAxkBAAIFyGqitOAEY56iWoMClNa3q_qUW1VKAAIfJAAC4Fz4UMsBmYuuz5aSPQQ,58,main
student_book,level_3,10,10.01,Track 10.01,,audio,CQACAgQAAxkBAAIGIGqitOdDOzD3TBooTmr1Yjmf0ja5AALpJAAC4Fz4UPwEgCfiUP4cPQQ,39,main
student_book,level_3,10,10.02,Track 10.02,,audio,CQACAgQAAxkBAAIF_GqitOCT4PHFg6mqMOnnOYUNbVEqAAJXJAAC4Fz4UDjDNLxsrJ95PQQ,30,main
student_book,level_3,10,10.03,Track 10.03,,audio,CQACAgQAAxkBAAIFvmqitOCbUQLFGVXgmJzzZcUYvqsqAAIVJAAC4Fz4UCIafLTtVLYYPQQ,56,main
student_book,level_3,10,10.04,Track 10.04,,audio,CQACAgQAAxkBAAIGX2qitOjJRWqrPt9oDTCFpo0UuJriAAKLJAAC4Fz4UL_JH3aUs57tPQQ,335,main
student_book,level_3,10,10.05,Track 10.05,,audio,CQACAgQAAxkBAAIGlmqitOjHNSC311bJaQp6E-dqjRJtAALJJAAC4Fz4UGGZUoTtgSwbPQQ,25,main
student_book,level_3,10,10.06,Track 10.06,,audio,CQACAgQAAxkBAAIF3mqitOCtEs-t2ICdYAPszNSElTwPAAI3JAAC4Fz4UPo3jP25jr4pPQQ,46,main
student_book,level_3,10,10.07,Track 10.07,,audio,CQACAgQAAxkBAAIGE2qitOC4I88TxsDg-t19XuCSjDpUAAJwJAAC4Fz4UCvlQK8arFV_PQQ,81,main
student_book,level_3,10,10.08,Track 10.08,,audio,CQACAgQAAxkBAAIGIWqitOd6m4hnTLyltVQJfZx2ZMA9AALqJAAC4Fz4UB1syLCB-hE-PQQ,93,main
student_book,level_3,10,10.09,Track 10.09,,audio,CQACAgQAAxkBAAIFwWqitOATrL-WuALhcDE28VbPL_YjAAIYJAAC4Fz4UGU6PQiq0riVPQQ,110,main
student_book,level_3,10,10.10,Track 10.10,,audio,CQACAgQAAxkBAAIGYmqitOjDXlxUPcFWAhxN-aXXencuAAKOJAAC4Fz4UAABFskjNiYYTj0E,28,main
student_book,level_3,10,10.11,Track 10.11,,audio,CQACAgQAAxkBAAIGmWqitOiV22ub6zg0gfRzX58QG3IiAALNJAAC4Fz4UC7fYH2vPFq6PQQ,74,main
student_book,level_3,10,10.12,Track 10.12,,audio,CQACAgQAAxkBAAIGW2qitOhfdvlOVehNp8ePpI4Hks3AAAKHJAAC4Fz4UNKv8w3v8bNGPQQ,33,main
student_book,level_3,10,10.13,Track 10.13,,audio,CQACAgQAAxkBAAIGOGqitOfIll3ZUbxtiMtqdmyTVLbYAAIBJQAC4Fz4UOztOUWpLgoHPQQ,31,main
student_book,level_3,10,10.14,Track 10.14,,audio,CQACAgQAAxkBAAIGj2qitOjdyTLtmGoFNcXR1pGB2PfpAALCJAAC4Fz4UNB8J7IM-eiRPQQ,163,main
student_book,level_3,10,10.15,Track 10.15,,audio,CQACAgQAAxkBAAIF12qitOAHotScd2wDkP6s0ivr5gdSAAIvJAAC4Fz4UPtBtqgETf7TPQQ,148,main
student_book,level_3,10,10.16,Track 10.16,,audio,CQACAgQAAxkBAAIGLmqitOfg5kdj76Jcu3w0LBPwx7PfAAL3JAAC4Fz4UISygoH5im7qPQQ,186,main
student_book,level_3,10,10.17,Track 10.17,,audio,CQACAgQAAxkBAAIGCmqitOAT7LbeDZ1kQEYUMVBQ5SJrAAJnJAAC4Fz4UJHh0i0hdhu9PQQ,181,main
workbook,level_3,1,1.1,Track 1.1,,audio,CQACAgQAAxkBAAIGu2qitQZtpJWvM38HNIpTsvjc0vfBAAIcJQAC4Fz4UBwYNue3aX1WPQQ,90,main
workbook,level_3,1,1.2,Track 1.2,,audio,CQACAgQAAxkBAAIGv2qitQZd2k0zhW0INmoRXceTwZuyAAIgJQAC4Fz4UOba5k9MTPHFPQQ,52,main
workbook,level_3,1,1.3,Track 1.3,,audio,CQACAgQAAxkBAAIGxGqitQYkv5X13kzBe1Y5la5iWuUWAAInJQAC4Fz4UN8bPvA9B_p7PQQ,64,main
workbook,level_3,2,2.1,Track 2.1,,audio,CQACAgQAAxkBAAIGx2qitQbey7W2diBA6TjM6zys6oPyAAIqJQAC4Fz4UB2B3aI5VHU9PQQ,54,main
workbook,level_3,2,2.2,Track 2.2,,audio,CQACAgQAAxkBAAIGxWqitQYzUqEtsuMReMEIY93RLMKfAAIoJQAC4Fz4UKr9wiwwPo0MPQQ,50,main
workbook,level_3,2,2.3,Track 2.3,,audio,CQACAgQAAxkBAAIGw2qitQbiBNtFHIzGUzlevoos85fdAAIlJQAC4Fz4UCxfljhWE00SPQQ,46,main
workbook,level_3,3,3.1,Track 3.1,,audio,CQACAgQAAxkBAAIGwWqitQaeDa0Z2gyKk86QbjpOc9eTAAIjJQAC4Fz4UJIJZmwr9OO9PQQ,52,main
workbook,level_3,3,3.2,Track 3.2,,audio,CQACAgQAAxkBAAIGsWqitQaOGmN3IVq5aeakHQs-1bnYAAISJQAC4Fz4UB5n5y-UnEaPPQQ,50,main
workbook,level_3,3,3.3,Track 3.3,,audio,CQACAgQAAxkBAAIGsGqitQYp-h_ohqPbXKA6b1TfOZyqAAIRJQAC4Fz4UApj863jHv7lPQQ,44,main
workbook,level_3,3,3.4,Track 3.4,,audio,CQACAgQAAxkBAAIGy2qitQb015Bg7LNfVIlXcKzy-kRxAAIuJQAC4Fz4UMuqhLRPwmYFPQQ,51,main
workbook,level_3,3,3.5,Track 3.5,,audio,CQACAgQAAxkBAAIGymqitQZEgv52EqrSCHKcJ538ix1NAAItJQAC4Fz4UEERdOmAQvmOPQQ,37,main
workbook,level_3,4,4.1,Track 4.1,,audio,CQACAgQAAxkBAAIGyWqitQYUBz06_d8DvhW6r6vJhfj7AAIsJQAC4Fz4ULslksZ_B6CmPQQ,54,main
workbook,level_3,4,4.2,Track 4.2,,audio,CQACAgQAAxkBAAIGtWqitQbgyQJ_AAEM5Fi7E382bLtkWwACFiUAAuBc-FDHSKyilu-51D0E,43,main
workbook,level_3,5,5.1,Track 5.1,,audio,CQACAgQAAxkBAAIGtGqitQbePOsmg7161jUYGObnpib3AAIVJQAC4Fz4UGVxm781NsY_PQQ,67,main
workbook,level_3,5,5.2,Track 5.2,,audio,CQACAgQAAxkBAAIGs2qitQYDU_4vmNaUMOTGY-cVUnlXAAIUJQAC4Fz4UB-rxfBD4BTTPQQ,68,main
workbook,level_3,5,5.3,Track 5.3,,audio,CQACAgQAAxkBAAIGsmqitQauyrMnPqnLENSoRrZdKRnhAAITJQAC4Fz4ULHOdL6rIzREPQQ,53,main
workbook,level_3,6,6.1,Track 6.1,,audio,CQACAgQAAxkBAAIGuGqitQbZ8k98WERhHZySM02pAAGRQwACGSUAAuBc-FBSliX6xRl_Oj0E,153,main
workbook,level_3,6,6.2,Track 6.2,,audio,CQACAgQAAxkBAAIGt2qitQb6OzUTRnr0mT2eOjFoymQHAAIYJQAC4Fz4UICAnx_RNShfPQQ,83,main
workbook,level_3,7,7.1,Track 7.1,,audio,CQACAgQAAxkBAAIGtmqitQaQw-9JbTSRoG8LDkKEPq4zAAIXJQAC4Fz4UGarOQXRD_BbPQQ,64,main
workbook,level_3,7,7.2,Track 7.2,,audio,CQACAgQAAxkBAAIGvmqitQYtb0d0mOhF0C93I6iQH-doAAIfJQAC4Fz4UDG7h1T1DY2pPQQ,43,main
workbook,level_3,7,7.3,Track 7.3,,audio,CQACAgQAAxkBAAIGvGqitQYBAYbqY-3hNFy2OL88iA5cAAIdJQAC4Fz4UBjAx8czw6XhPQQ,64,main
workbook,level_3,8,8.1,Track 8.1,,audio,CQACAgQAAxkBAAIGumqitQYM-iv9Sf2UNAABgTnpUcs3mwACGyUAAuBc-FAUNd5beYuNSD0E,107,main
workbook,level_3,8,8.2,Track 8.2,,audio,CQACAgQAAxkBAAIGuWqitQYb2Cqhcnr-kpyEab-NbgZ1AAIaJQAC4Fz4UITUM-T3A53wPQQ,62,main
workbook,level_3,9,9.1,Track 9.1,,audio,CQACAgQAAxkBAAIGwmqitQaFWXYy54xI30rjnHxn5kU1AAIkJQAC4Fz4UETA0-gUZJw7PQQ,55,main
workbook,level_3,9,9.2,Track 9.2,,audio,CQACAgQAAxkBAAIGwGqitQbb5ODFOALw8A_Do8Y9l2gJAAIhJQAC4Fz4UJBaL_nt8XnsPQQ,48,main
workbook,level_3,9,9.3,Track 9.3,,audio,CQACAgQAAxkBAAIGxmqitQYKFk2m3lHoZcfruvhaqQ1ZAAIpJQAC4Fz4UGZs_eRp36WRPQQ,56,main
workbook,level_3,10,10.1,Track 10.1,,audio,CQACAgQAAxkBAAIGyGqitQbDbm7OKxcpthkdDNxo5vtQAAIrJQAC4Fz4UPuevX0hqO12PQQ,48,main
workbook,level_3,10,10.2,Track 10.2,,audio,CQACAgQAAxkBAAIGvWqitQboQa2WkYNkYz1KrhO1SkToAAIeJQAC4Fz4UBwz2pHVhqeoPQQ,45,main
student_book,level_4,1,1.02,Track 1.02,,audio,CQACAgQAAxkBAAIHmWqitVJliIc2PzKFMuGVUEUrpIDJAAIkJgAC4Fz4UC4LzuySjlU7PQQ,49,main
student_book,level_4,1,1.03,Track 1.03,,audio,CQACAgQAAxkBAAIG5WqitTKm2Ev9BVQx4NWDPQtXMafgAAJuJQAC4Fz4UAxJByPxaGbUPQQ,51,main
student_book,level_4,1,1.04,Track 1.04,,audio,CQACAgQAAxkBAAIHOGqitTm3-DPuBgEK2dISEFwYkoYNAAK_JQAC4Fz4UIw7_hAhjt7zPQQ,12,main
student_book,level_4,1,1.05,Track 1.05,,audio,CQACAgQAAxkBAAIHU2qitTm4fLpEXByIYaldXND9g-joAALcJQAC4Fz4UCh9Qwhk8H5ePQQ,77,main
student_book,level_4,1,1.06,Track 1.06,,audio,CQACAgQAAxkBAAIHJ2qitTKsMVL9WYu7xiIUYMrZtU44AAKxJQAC4Fz4UIWoA6umKzUSPQQ,31,main
student_book,level_4,1,1.07,Track 1.07,,audio,CQACAgQAAxkBAAIG_2qitTKY2wNVZiZLaGE2uBG3jUcFAAKIJQAC4Fz4UD1m6zrm9SpdPQQ,79,main
student_book,level_4,1,1.08,Track 1.08,,audio,CQACAgQAAxkBAAIHGWqitTKOLOwxvY6KcERrnrGDbG6fAAKiJQAC4Fz4UCQ5NfRDiuEePQQ,35,main
student_book,level_4,1,1.09,Track 1.09,,audio,CQACAgQAAxkBAAIHbGqitTl4gNgvUiZLtN5RjyJQh6dWAAL2JQAC4Fz4UGDjIBLVdv6GPQQ,232,main
student_book,level_4,1,1.10,Track 1.10,,audio,CQACAgQAAxkBAAIHiGqitTlqRVlU0a2EgGVqeNXBKH13AAITJgAC4Fz4ULCHXR9okmboPQQ,109,main
student_book,level_4,1,1.11,Track 1.11,,audio,CQACAgQAAxkBAAIHX2qitTmgg5-PzUtOzrbRMGzIYBblAALoJQAC4Fz4UFx8Ybm3FeSSPQQ,164,main
student_book,level_4,1,1.12,Track 1.12,,audio,CQACAgQAAxkBAAIHemqitTm71DtuPHkRJpS8iljeV0zUAAIEJgAC4Fz4UKCFv6LA8X0CPQQ,158,main
student_book,level_4,1,1.13,Track 1.13,,audio,CQACAgQAAxkBAAIHUWqitTmehnb-QL1DlQQ0ujddfpIdAALaJQAC4Fz4UIbtzIHOB3kIPQQ,43,main
student_book,level_4,1,1.14,Track 1.14,,audio,CQACAgQAAxkBAAIG0mqitTI_6d7Pmv7YFOxz0Xvy_UWBAAJaJQAC4Fz4UMK5-J9u3BAbPQQ,83,main
student_book,level_4,1,1.15,Track 1.15,,audio,CQACAgQAAxkBAAIG7WqitTJR8SQMy8eOXMvnYGnS_dL5AAJ2JQAC4Fz4UFuQsZs8XNZePQQ,34,main
student_book,level_4,1,1.16,Track 1.16,,audio,CQACAgQAAxkBAAIHQGqitTmcIbfXOB-62eG49ck6sh7hAALJJQAC4Fz4UM_823RxnkpIPQQ,188,main
student_book,level_4,1,1.17,Track 1.17,,audio,CQACAgQAAxkBAAIHXGqitTkRy7jfseDWhYsdKjECItb5AALlJQAC4Fz4UI2MRi6g_8c6PQQ,139,main
student_book,level_4,1,1.18,Track 1.18,,audio,CQACAgQAAxkBAAIHL2qitTKltM35VoyI_tsyqA90qJMsAAK6JQAC4Fz4UNbgcjQPR8eCPQQ,30,main
student_book,level_4,1,1.19,Track 1.19,,audio,CQACAgQAAxkBAAIHg2qitTnMklw6FSQ4puavPrqmc0QrAAIOJgAC4Fz4UFM3lS00vQmwPQQ,25,main
student_book,level_4,1,1.20,Track 1.20,,audio,CQACAgQAAxkBAAIHNmqitTmqk8eBxeCMWVYrk0HDQXA-AAIpJgAC4Fz4UErr42ErkombPQQ,46,main
student_book,level_4,2,2.01,Track 2.01,,audio,CQACAgQAAxkBAAIHHmqitTLB7ftZKiiDa-YZS5YxR54bAAKnJQAC4Fz4UKEBo6JvBfS1PQQ,65,main
student_book,level_4,2,2.02,Track 2.02,,audio,CQACAgQAAxkBAAIHPWqitTln7Nx26XanfsQYJdTrSS4OAALEJQAC4Fz4UJXLRSn9oGAhPQQ,83,main
student_book,level_4,2,2.03,Track 2.03,,audio,CQACAgQAAxkBAAIHEWqitTKoGOc7oOO536CpwEf55G7yAAKaJQAC4Fz4UG54eZrwkdPvPQQ,76,main
student_book,level_4,2,2.04,Track 2.04,,audio,CQACAgQAAxkBAAIHZGqitTkyc5lSQmKsn1khK2JX2fzdAALtJQAC4Fz4UMBcLIHtDMSKPQQ,45,main
student_book,level_4,2,2.05,Track 2.05,,audio,CQACAgQAAxkBAAIHgGqitTlfRnycvPMIL8k5Z7cMs2KxAAILJgAC4Fz4UIvKRsmDyPMqPQQ,46,main
student_book,level_4,2,2.06,Track 2.06,,audio,CQACAgQAAxkBAAIHAWqitTIUyayoGWvUkN2MxEoDN4VFAAKKJQAC4Fz4UKau-23l1jP3PQQ,25,main
student_book,level_4,2,2.07,Track 2.07,,audio,CQACAgQAAxkBAAIHG2qitTI2Vz9EPKXefmitqyRadY9OAAKkJQAC4Fz4UMC1X-vDV9SnPQQ,84,main
student_book,level_4,2,2.08,Track 2.08,,audio,CQACAgQAAxkBAAIG8mqitTJx0z11eM_LY4GVC2kUN1lcAAJ7JQAC4Fz4UMdCCMLph5VAPQQ,252,main
student_book,level_4,2,2.09,Track 2.09,,audio,CQACAgQAAxkBAAIHRWqitTnOFQ8_UYNVTzqV3y6qDQslAALOJQAC4Fz4UMRctHQyqtFRPQQ,73,main
student_book,level_4,2,2.10,Track 2.10,,audio,CQACAgQAAxkBAAIHYWqitTlmLH47h-6C4trrN9qO3UlbAALqJQAC4Fz4UCl48nx70GVpPQQ,23,main
student_book,level_4,2,2.11,Track 2.11,,audio,CQACAgQAAxkBAAIG4mqitTL2lD4BYV3dK7d0-1nwq0sBAAJrJQAC4Fz4UMffWQN7I2TYPQQ,48,main
student_book,level_4,2,2.12,Track 2.12,,audio,CQACAgQAAxkBAAIG_WqitTLCQi6ICDISZqoDIcZXRR9KAAKGJQAC4Fz4UH3xVxbl-44IPQQ,57,main
student_book,level_4,2,2.13,Track 2.13,,audio,CQACAgQAAxkBAAIG1GqitTI2Be9SCC55rsrFmT5hQVxRAAJcJQAC4Fz4UPBpMR_w0N3vPQQ,40,main
student_book,level_4,2,2.14,Track 2.14,,audio,CQACAgQAAxkBAAIHe2qitTl-tjxJM6DVkyyjihBcO_UaAAIFJgAC4Fz4UN8YDJ2sdGICPQQ,50,main
student_book,level_4,2,2.15,Track 2.15,,audio,CQACAgQAAxkBAAIHlmqitVLZfE9ZfzqzNajDTkFf0l2aAAIgJgAC4Fz4UMGsLSlyVcdUPQQ,40,main
student_book,level_4,2,2.16,Track 2.16,,audio,CQACAgQAAxkBAAIHFmqitTJrk_M4kpifj3MsUsg6_RuuAAKfJQAC4Fz4ULV083m4DET2PQQ,17,main
student_book,level_4,2,2.17,Track 2.17,,audio,CQACAgQAAxkBAAIHMWqitTLCQWHEoz7Fxp9KjSUPdeiqAAK8JQAC4Fz4UGyQ7dtslP0kPQQ,72,main
student_book,level_4,2,2.18,Track 2.18,,audio,CQACAgQAAxkBAAIHCWqitTI-Z4jDiC1-JjEoPaFNEQ1gAAKSJQAC4Fz4UCnjOxkYm-4gPQQ,64,main
student_book,level_4,2,2.19,Track 2.19,,audio,CQACAgQAAxkBAAIHI2qitTK6eF3JWz6dPwKQ4d-GL_J5AAKtJQAC4Fz4UFkeQZ4Jr2-PPQQ,51,main
student_book,level_4,2,2.20,Track 2.20,,audio,CQACAgQAAxkBAAIG-2qitTI4MySdF4NZNx19-i1QwdOXAAKEJQAC4Fz4UM5ZNgjGqLmAPQQ,79,main
student_book,level_4,2,2.21,Track 2.21,,audio,CQACAgQAAxkBAAIHTmqitTlWSDLnhDohHQOPM8b5ma9KAALXJQAC4Fz4UGN1f7M75jl5PQQ,82,main
student_book,level_4,2,2.22,Track 2.22,,audio,CQACAgQAAxkBAAIHaWqitTmRJhmiEd5rW5DItcrhM1r-AALzJQAC4Fz4UGnxjDKVnumFPQQ,38,main
student_book,level_4,2,2.23,Track 2.23,,audio,CQACAgQAAxkBAAIG6mqitTJYrfDuUP8vu1I-XyHPKpJzAAJzJQAC4Fz4UPK8xjnO4gHBPQQ,232,main
student_book,level_4,2,2.24,Track 2.24,,audio,CQACAgQAAxkBAAIHBmqitTIxvn8JVpybjGzBCcK4J36qAAKPJQAC4Fz4UKz9nVN7onBVPQQ,26,main
student_book,level_4,2,2.25,Track 2.25,,audio,CQACAgQAAxkBAAIG3WqitTKPVNlDV3Oxq7qAoIYMwYDGAAJmJQAC4Fz4UCvpKq6PQOKTPQQ,180,main
student_book,level_4,3,3.01,Track 3.01,,audio,CQACAgQAAxkBAAIHLGqitTKQcMTcXHHSkFu0MhpOnvHgAAK2JQAC4Fz4UNyTrE5cOJtOPQQ,297,main
student_book,level_4,3,3.02,Track 3.02,,audio,CQACAgQAAxkBAAIHSmqitTmgQnzCAsTaT6XA711SjKfrAALTJQAC4Fz4UOw7f3mVmp3pPQQ,94,main
student_book,level_4,3,3.03,Track 3.03,,audio,CQACAgQAAxkBAAIHm2qitVJUnTIKERasHgwgJh-92dBeAAImJgAC4Fz4UPY0lWVq9QOJPQQ,186,main
student_book,level_4,3,3.04,Track 3.04,,audio,CQACAgQAAxkBAAIG52qitTIvbyQ6LgaEIDCTcTNaUPDGAAJwJQAC4Fz4UP2XrPunMeShPQQ,73,main
student_book,level_4,3,3.05,Track 3.05,,audio,CQACAgQAAxkBAAIHjWqitTm5WfYkBJCNocfvEyK0t-cVAAIYJgAC4Fz4UGccqS1lTCsMPQQ,63,main
student_book,level_4,3,3.06,Track 3.06,,audio,CQACAgQAAxkBAAIHDmqitTKAYEYN5Cakeh8B7A1BHTlVAAKXJQAC4Fz4UFW-483TYnCyPQQ,48,main
student_book,level_4,3,3.07,Track 3.07,,audio,CQACAgQAAxkBAAIHKWqitTKB2iRVgYaOE82Q7ZfWhTPrAAKzJQAC4Fz4UBpwi0gEc02hPQQ,37,main
student_book,level_4,3,3.08,Track 3.08,,audio,CQACAgQAAxkBAAIHfWqitTmmhy6xN29ST6jZiF94dpw6AAIHJgAC4Fz4UPGxyBxWYIH2PQQ,75,main
student_book,level_4,3,3.09,Track 3.09,,audio,CQACAgQAAxkBAAIHmGqitVLFFPnW-T4yH4t9r0nXV3qRAAIjJgAC4Fz4UCsbnaVF9WluPQQ,194,main
student_book,level_4,3,3.10,Track 3.10,,audio,CQACAgQAAxkBAAIHbmqitTkPYKCaX9mxC4QpyalGLLTlAAL4JQAC4Fz4UOQtrhvlJazbPQQ,47,main
student_book,level_4,3,3.11,Track 3.11,,audio,CQACAgQAAxkBAAIG72qitTL1rC5t3JNB4Q9uR-rQVjguAAJ4JQAC4Fz4UK0ZkLHkJN1CPQQ,15,main
student_book,level_4,3,3.12,Track 3.12,,audio,CQACAgQAAxkBAAIHC2qitTL3QqPNfGiVkKGS3uqZodW6AAKUJQAC4Fz4UHhZMch0HqhFPQQ,108,main
student_book,level_4,3,3.13,Track 3.13,,audio,CQACAgQAAxkBAAIHXmqitTl_cx4xFPVrscMLH2Pmn07LAALnJQAC4Fz4UJb8R6ppgWaLPQQ,26,main
student_book,level_4,3,3.14,Track 3.14,,audio,CQACAgQAAxkBAAIHeWqitTnSzmRtBJBRi4zYIEz_zz8fAAIDJgAC4Fz4UNQbusdubbzPPQQ,74,main
student_book,level_4,3,3.15,Track 3.15,,audio,CQACAgQAAxkBAAIHUGqitTl4_ts59pCDywvgbrw4UlUdAALZJQAC4Fz4UNRpwIxTe-yDPQQ,98,main
student_book,level_4,3,3.16,Track 3.16,,audio,CQACAgQAAxkBAAIHJGqitTIVxRU-L6OOZbusHYa6rkpLAAKuJQAC4Fz4UNJ-H-M9fuRhPQQ,119,main
student_book,level_4,3,3.17,Track 3.17,,audio,CQACAgQAAxkBAAIHQmqitTkpUQONTV75tQ7yDTRkf5XJAALLJQAC4Fz4UKctyzEiBJD-PQQ,45,main
student_book,level_4,3,3.18,Track 3.18,,audio,CQACAgQAAxkBAAIHk2qitVJ-Ypi3SKzozcnvzYDN4kCBAAIdJgAC4Fz4UFTRKtyQNa8HPQQ,46,main
student_book,level_4,3,3.19,Track 3.19,,audio,CQACAgQAAxkBAAIG32qitTKpEKAORmNQSGz6FC-32WmGAAJoJQAC4Fz4UGL0NT9ALLTRPQQ,53,main
student_book,level_4,3,3.20,Track 3.20,,audio,CQACAgQAAxkBAAIHhWqitTltrvngBVmtodyQhKkoP2KwAAIQJgAC4Fz4UBMYtTGcRdoAAT0E,243,main
student_book,level_4,3,3.21,Track 3.21,,audio,CQACAgQAAxkBAAIG0GqitTJEo8kuzC1aE0pX4emI3MK3AAJYJQAC4Fz4UJkHoeS3uLqAPQQ,200,main
student_book,level_4,3,3.22,Track 3.22,,audio,CQACAgQAAxkBAAIHd2qitTkEae1RQSCO9FOekx3aogeVAAIBJgAC4Fz4UE1udlDDnYR0PQQ,132,main
student_book,level_4,3,3.23,Track 3.23,,audio,CQACAgQAAxkBAAIG-GqitTLjV385f3ltnObDDlOlOicyAAKBJQAC4Fz4UCeEO-j5QpsNPQQ,162,main
student_book,level_4,4,4.01,Track 4.01,,audio,CQACAgQAAxkBAAIHE2qitTLZ6jTCSz75Fi2L0UPlw3mxAAKcJQAC4Fz4UIConZca9qJWPQQ,28,main
student_book,level_4,4,4.02,Track 4.02,,audio,CQACAgQAAxkBAAIHZmqitTkVRE-pmBrRRnsLNDEyT4OsAALvJQAC4Fz4UDeq1r2O3nIhPQQ,44,main
student_book,level_4,4,4.03,Track 4.03,,audio,CQACAgQAAxkBAAIHgmqitTlnQwABx9M92ZZfm90UBHJ-QgACDSYAAuBc-FDQMlNM4XzCWj0E,102,main
student_book,level_4,4,4.04,Track 4.04,,audio,CQACAgQAAxkBAAIHWWqitTkV40ca_GCmMqj5JZoy6bSzAALiJQAC4Fz4UP-Z8U2fzfEnPQQ,49,main
student_book,level_4,4,4.05,Track 4.05,,audio,CQACAgQAAxkBAAIG2mqitTKWSjtNt_WplCzDfrgEhpX2AAJjJQAC4Fz4ULcZ-xdMjTJ9PQQ,48,main
student_book,level_4,4,4.06,Track 4.06,,audio,CQACAgQAAxkBAAIG9GqitTLXn1qKrsaXCcIl8vQTh_INAAJ9JQAC4Fz4UJNNPX_HM0CyPQQ,116,main
student_book,level_4,4,4.07,Track 4.07,,audio,CQACAgQAAxkBAAIHR2qitTkNgMhQ1hEJmzwwfiLn3QquAALQJQAC4Fz4UNHANLLO-X10PQQ,266,main
student_book,level_4,4,4.08,Track 4.08,,audio,CQACAgQAAxkBAAIHY2qitTn1kbCZSP-R2gFMHY8IeRrdAALsJQAC4Fz4UMLEdsFd-wV5PQQ,303,main
student_book,level_4,4,4.09,Track 4.09,,audio,CQACAgQAAxkBAAIHOmqitTnCFdJ5OSazjQABbLletDq4wwACwSUAAuBc-FAcDpgpzO2fdz0E,21,main
student_book,level_4,4,4.10,Track 4.10,,audio,CQACAgQAAxkBAAIHimqitTmIjCmu9RirUJvVERkM5LDPAAIVJgAC4Fz4UISSyjt1E3RVPQQ,25,main
student_book,level_4,4,4.11,Track 4.11,,audio,CQACAgQAAxkBAAIG1mqitTKRmoskF5PzLd9-tP-6jdVQAAJeJQAC4Fz4UIMxd_VpmBA2PQQ,31,main
student_book,level_4,4,4.12,Track 4.12,,audio,CQACAgQAAxkBAAIHJmqitTI_P2HwICIvCH0Xm31SQZPLAAKwJQAC4Fz4UHqo1WtpllI6PQQ,8,main
student_book,level_4,4,4.13,Track 4.13,,audio,CQACAgQAAxkBAAIHRGqitTn7xnYByDfTmZUiUl7C2I29AALNJQAC4Fz4UIwV3Wh3by4GPQQ,64,main
student_book,level_4,4,4.14,Track 4.14,,audio,CQACAgQAAxkBAAIHGGqitTJRSQllzrRI1Zq8J9gGuHvWAAKhJQAC4Fz4UGiV80yOtxk7PQQ,118,main
student_book,level_4,4,4.15,Track 4.15,,audio,CQACAgQAAxkBAAIHa2qitTmnWCcjIoGldmXjJC3r0BHqAAL1JQAC4Fz4UDDo_pJJ1UkzPQQ,163,main
student_book,level_4,5,5.01,Track 5.01,,audio,CQACAgQAAxkBAAIHh2qitTkInnaM6WFOD100Cbr2r8KmAAISJgAC4Fz4UKhdKxx4nKO_PQQ,253,main
student_book,level_4,5,5.02,Track 5.02,,audio,CQACAgQAAxkBAAIHCGqitTISsD-hWi3MnObTbPpYZO-IAAKRJQAC4Fz4UIX6BPCAIUvhPQQ,268,main
student_book,level_4,5,5.03,Track 5.03,,audio,CQACAgQAAxkBAAIHImqitTIuRFG6opckctjFfID0dzA2AAKsJQAC4Fz4UBXoiVppXcdKPQQ,28,main
student_book,level_4,5,5.04,Track 5.04,,audio,CQACAgQAAxkBAAIG-mqitTLymsJJKQNTYJXVaMd73TPLAAKDJQAC4Fz4UG3MOAXwxOebPQQ,68,main
student_book,level_4,5,5.05,Track 5.05,,audio,CQACAgQAAxkBAAIG0WqitTJ6K4OEJeECigcVRuKgE4WEAAJZJQAC4Fz4ULSCPq6JOnxZPQQ,50,main
student_book,level_4,5,5.06,Track 5.06,,audio,CQACAgQAAxkBAAIG7GqitTK3CDunAqERGmMOTqYHSjepAAJ1JQAC4Fz4UDJrBrME6coMPQQ,60,main
student_book,level_4,5,5.07,Track 5.07,,audio,CQACAgQAAxkBAAIHP2qitTnGIz3jwn_PXIYl4BiJnRs7AALHJQAC4Fz4UOb5NWdUnuD1PQQ,89,main
student_book,level_4,5,5.08,Track 5.08,,audio,CQACAgQAAxkBAAIHW2qitTnO0C0JKo63cXiVF8EFOBlBAALkJQAC4Fz4UEpcq2vb6CtLPQQ,89,main
student_book,level_4,5,5.09,Track 5.09,,audio,CQACAgQAAxkBAAIHLmqitTIpvkLL1l7yo58mlbhxQz4eAAK5JQAC4Fz4UHLiGM9onPD2PQQ,87,main
student_book,level_4,5,5.10,Track 5.10,,audio,CQACAgQAAxkBAAIHTGqitTm19ZRJfsIN_ekEoFFeuJOSAALVJQAC4Fz4UOpCjnqNAAHLxD0E,62,main
student_book,level_4,5,5.11,Track 5.11,,audio,CQACAgQAAxkBAAIHIGqitTLZWe2A8j0oRdpoBXngEmf2AAKqJQAC4Fz4UIBmUmBPIHxhPQQ,55,main
student_book,level_4,5,5.12,Track 5.12,,audio,CQACAgQAAxkBAAIHdGqitTnY69-BzXc75zSU-uixcr6EAAL-JQAC4Fz4UBXZFTM28o8cPQQ,76,main
student_book,level_4,5,5.13,Track 5.13,,audio,CQACAgQAAxkBAAIHj2qitTmt3fmLxlMaHTqgQu4Dgl_JAAIaJgAC4Fz4UJjuaJvUz8_bPQQ,102,main
student_book,level_4,5,5.14,Track 5.14,,audio,CQACAgQAAxkBAAIHEGqitTLGOZ0rt53w0Sh-5FPodIecAAKZJQAC4Fz4UCStKZyoS6OpPQQ,35,main
student_book,level_4,5,5.15,Track 5.15,,audio,CQACAgQAAxkBAAIHK2qitTIYAXOJ_O0noSDz8UJF2WsWAAK1JQAC4Fz4UO3nhJGiM9uePQQ,29,main
student_book,level_4,5,5.16,Track 5.16,,audio,CQACAgQAAxkBAAIHA2qitTLnerrTYBAAASNB9_bVFFbP6wACjCUAAuBc-FDX4Qdo5YpIij0E,20,main
student_book,level_4,5,5.17,Track 5.17,,audio,CQACAgQAAxkBAAIHVmqitTnkLiMo4cMGzhRVxJx6IJVcAALfJQAC4Fz4UF6n3fhkl5BkPQQ,18,main
student_book,level_4,5,5.18,Track 5.18,,audio,CQACAgQAAxkBAAIHcGqitTka8Q5OeX6WsHlsE_rW4IU3AAL6JQAC4Fz4UKA4Q-UZAxjJPQQ,24,main
student_book,level_4,5,5.19,Track 5.19,,audio,CQACAgQAAxkBAAIG8WqitTIGJEaXn4_cjNrDgpIbVN8IAAJ6JQAC4Fz4UG5Sk-Kd3ZjbPQQ,97,main
student_book,level_4,5,5.20,Track 5.20,,audio,CQACAgQAAxkBAAIHDWqitTI0qnZAQdHvBwMK_VrSBjNaAAKWJQAC4Fz4UMhc6WCSen4tPQQ,127,main
student_book,level_4,5,5.21,Track 5.21,,audio,CQACAgQAAxkBAAIG5GqitTLjF7CNqxzYI7a6996Ev4iaAAJtJQAC4Fz4UIF_hAHzAAE_1T0E,17,main
student_book,level_4,5,5.22,Track 5.22,,audio,CQACAgQAAxkBAAIHN2qitTncDNtkwj5oLt5Qhrj4XC3_AAK-JQAC4Fz4UN2kvNzvZTn4PQQ,45,main
student_book,level_4,5,5.23,Track 5.23,,audio,CQACAgQAAxkBAAIHUmqitTnuRnMVM2oJ00a6MRBT9eXHAALbJQAC4Fz4UJ29gE_IRRGVPQQ,65,main
student_book,level_4,5,5.24,Track 5.24,,audio,CQACAgQAAxkBAAIG02qitTLnRc8jMytgmD0qC3LtYO-9AAJbJQAC4Fz4UHXGKew4IOpePQQ,43,main
student_book,level_4,6,6.01,Track 6.01,,audio,CQACAgQAAxkBAAIG7mqitTLrAq8eNNDF--LgY1xy_sjcAAJ3JQAC4Fz4UKdlUTzWP6pHPQQ,285,main
student_book,level_4,6,6.02,Track 6.02,,audio,CQACAgQAAxkBAAIHlWqitVJ9LBUzXYP08nrWW8GcbCcCAAIfJgAC4Fz4UMlZueTGK2B0PQQ,47,main
student_book,level_4,6,6.03,Track 6.03,,audio,CQACAgQAAxkBAAIHFWqitTI5jWMUPPEMZj1L_26XsigTAAKeJQAC4Fz4UFxJEBrQBkzdPQQ,32,main
student_book,level_4,6,6.04,Track 6.04,,audio,CQACAgQAAxkBAAIHMGqitTKbjfoWMt2AZnFilBRVwhKEAAK7JQAC4Fz4UNLl83laxM5uPQQ,31,main
student_book,level_4,6,6.05,Track 6.05,,audio,CQACAgQAAxkBAAIHhGqitTmHOAgKssyt2Bk3YlnseJzgAAIPJgAC4Fz4UDz0O-cLx4luPQQ,24,main
student_book,level_4,6,6.06,Track 6.06,,audio,CQACAgQAAxkBAAIGz2qitTLM7hu-Fn1hZhMBkzET4Gv2AAJXJQAC4Fz4UBIhLFoJiMVpPQQ,61,main
student_book,level_4,6,6.07,Track 6.07,,audio,CQACAgQAAxkBAAIHdmqitTlKboTdbowkvXHfMQABxcWTiwADJgAC4Fz4UIDb1gjaSWH6PQQ,48,main
student_book,level_4,6,6.08,Track 6.08,,audio,CQACAgQAAxkBAAIHTWqitTmiAuEYJudZJpW55BXllcWeAALWJQAC4Fz4UDTSEoqbNKo1PQQ,151,main
student_book,level_4,6,6.09,Track 6.09,,audio,CQACAgQAAxkBAAIHaGqitTncX_j2_sKvJgvzQS9r9VgQAALxJQAC4Fz4UJ3qWpY6KygHPQQ,241,main
student_book,level_4,6,6.10,Track 6.10,,audio,CQACAgQAAxkBAAIG6WqitTJv5rMNVNV5JxNYMnaIcVlvAAJyJQAC4Fz4UDhE5Z0CmawPPQQ,99,main
student_book,level_4,6,6.11,Track 6.11,,audio,CQACAgQAAxkBAAIHBWqitTIBXCPpa6J-8RsLQhgCg38WAAKOJQAC4Fz4UIdBGGs7Oh_BPQQ,91,main
student_book,level_4,6,6.12,Track 6.12,,audio,CQACAgQAAxkBAAIG3GqitTLwTl8Y8gG8ivhv29KRNKzQAAJlJQAC4Fz4UOMkMBN4AuorPQQ,196,main
student_book,level_4,6,6.13,Track 6.13,,audio,CQACAgQAAxkBAAIG9mqitTIneyIvPH8whDMe-P8dmbIoAAJ_JQAC4Fz4UP9LKsBRiARcPQQ,27,main
student_book,level_4,6,6.14,Track 6.14,,audio,CQACAgQAAxkBAAIHNWqitTkU6Z6g3CrgCietYPCilAQPAAIoJgAC4Fz4UPWd0t3zK31cPQQ,56,main
student_book,level_4,6,6.15,Track 6.15,,audio,CQACAgQAAxkBAAIHHWqitTKbGksCnl3rhT55xZibQkShAAKmJQAC4Fz4UF7n3-tHhmz6PQQ,46,main
student_book,level_4,6,6.16,Track 6.16,,audio,CQACAgQAAxkBAAIHPGqitTlCsbpkpW2ZNEFop4knvlVaAALDJQAC4Fz4UGCp4Q0uiMoPPQQ,165,main
student_book,level_4,6,6.17,Track 6.17,,audio,CQACAgQAAxkBAAIHjGqitTk0OB4BxkLbGtcpZgxBVA7qAAIXJgAC4Fz4UHxwN5ywxevOPQQ,55,main
student_book,level_4,6,6.18,Track 6.18,,audio,CQACAgQAAxkBAAIG2GqitTIw80OrQ3kzR8v4ZloQ1D53AAJhJQAC4Fz4UNTxmXKRaJyOPQQ,27,main
student_book,level_4,6,6.19,Track 6.19,,audio,CQACAgQAAxkBAAIHf2qitTkOVh5WQjgLLmKAiQqkHLZBAAIKJgAC4Fz4UGmeh740wt6EPQQ,63,main
student_book,level_4,6,6.20,Track 6.20,,audio,CQACAgQAAxkBAAIHAAFqorUy8pFnqDPJ2xnz3Ow4F5j-CQACiSUAAuBc-FA5otoKYJeGrj0E,154,main
student_book,level_4,7,7.01,Track 7.01,,audio,CQACAgQAAxkBAAIHGmqitTLi99EAAcdBuy0zhtxnxcchpQACoyUAAuBc-FBAr-zpXBZhuj0E,109,main
student_book,level_4,7,7.02,Track 7.02,,audio,CQACAgQAAxkBAAIHbWqitTkMkOvb0FMapKTvuOYyFCfMAAL3JQAC4Fz4UNENskq9DQtAPQQ,40,main
student_book,level_4,7,7.03,Track 7.03,,audio,CQACAgQAAxkBAAIHiWqitTk1cXftCxHpeBsRCDcfM_LJAAIUJgAC4Fz4UMeHM3PVxE1XPQQ,54,main
student_book,level_4,7,7.04,Track 7.04,,audio,CQACAgQAAxkBAAIHYGqitTmupr4Sla46vp06dWp-WkSxAALpJQAC4Fz4UD5YE5oHRkImPQQ,10,main
student_book,level_4,7,7.05,Track 7.05,,audio,CQACAgQAAxkBAAIG4WqitTI_Qy4U8F5v0Hj9FvrTvKqbAAJqJQAC4Fz4UFUQgeHpxkNoPQQ,36,main
student_book,level_4,7,7.06,Track 7.06,,audio,CQACAgQAAxkBAAIG_GqitTLJDaQQCAU5Jv6QMRSI3i9FAAKFJQAC4Fz4UI8lRZ5L36GUPQQ,36,main
student_book,level_4,7,7.07,Track 7.07,,audio,CQACAgQAAxkBAAIHT2qitTkneE40sBWwjM_BJhVCaQ6jAALYJQAC4Fz4UGAUxkhde-8EPQQ,292,main
student_book,level_4,7,7.08,Track 7.08,,audio,CQACAgQAAxkBAAIHamqitTnxIO5wLDMMthHHj2EgJc3PAAL0JQAC4Fz4UFrj9RvGu3j2PQQ,114,main
student_book,level_4,7,7.09,Track 7.09,,audio,CQACAgQAAxkBAAIHQWqitTkqbfNfVPH7tTEoLBqHCyluAALKJQAC4Fz4UKBbBIeWbTofPQQ,208,main
student_book,level_4,7,7.10,Track 7.10,,audio,CQACAgQAAxkBAAIHkmqitVI9xo5JEkdHekDK2ZqaqAikAAIcJgAC4Fz4UH52z8EnReYoPQQ,91,main
student_book,level_4,7,7.11,Track 7.11,,audio,CQACAgQAAxkBAAIG3mqitTJSOzvTaOtbL_F1g26RltLPAAJnJQAC4Fz4UDvFF7I7aZWoPQQ,61,main
student_book,level_4,7,7.12,Track 7.12,,audio,CQACAgQAAxkBAAIHLWqitTKHPgGhs_hsaXq4Zm8ih--LAAK4JQAC4Fz4UAH0-4dFV6pLPQQ,268,main
student_book,level_4,7,7.13,Track 7.13,,audio,CQACAgQAAxkBAAIHS2qitTkLauY0nqTzTxqiBa-xaDkzAALUJQAC4Fz4UL7666mqER1LPQQ,149,main
student_book,level_4,7,7.14,Track 7.14,,audio,CQACAgQAAxkBAAIHH2qitTJWKKxX9_1kPdkD_CF2xO3kAAKpJQAC4Fz4UJYJ-BLDNOb8PQQ,225,main
student_book,level_4,7,7.15,Track 7.15,,audio,CQACAgQAAxkBAAIG92qitTLVSPw3-g08Oog2aLKGR98HAAKAJQAC4Fz4UDirYTAuwUSYPQQ,52,main
student_book,level_4,7,7.16,Track 7.16,,audio,CQACAgQAAxkBAAIHEmqitTKSmnTS5QYyYK3RuNY4h_khAAKbJQAC4Fz4ULs6d_pyh5x9PQQ,99,main
student_book,level_4,7,7.17,Track 7.17,,audio,CQACAgQAAxkBAAIHZWqitTntLwV6YK9OgmifbGY2BjZ6AALuJQAC4Fz4UKULe6GXP3YcPQQ,70,main
student_book,level_4,7,7.18,Track 7.18,,audio,CQACAgQAAxkBAAIHgWqitTl1JV57Kuh6lIoPiuvCNcYdAAIMJgAC4Fz4UOPfEx-6TRzlPQQ,112,main
student_book,level_4,7,7.19,Track 7.19,,audio,CQACAgQAAxkBAAIHWGqitTmeAn31pb4lCnc1Z6md1TrHAALhJQAC4Fz4UNd3iTFLZSwaPQQ,24,main
student_book,level_4,7,7.20,Track 7.20,,audio,CQACAgQAAxkBAAIHcmqitTletSYlIDAZeyFy17THxmAkAAL8JQAC4Fz4UCNaW88TxiucPQQ,65,main
student_book,level_4,8,8.01,Track 8.01,,audio,CQACAgQAAxkBAAIHSWqitTmY-soXhRBdlgX6CaqyAAFxwgAC0iUAAuBc-FA5vb00hyuczz0E,213,main
student_book,level_4,8,8.02,Track 8.02,,audio,CQACAgQAAxkBAAIHmmqitVKFr5sn_oogLptZOdg655MeAAIlJgAC4Fz4UAAB4LdsMowvmD0E,27,main
student_book,level_4,8,8.03,Track 8.03,,audio,CQACAgQAAxkBAAIG5mqitTJbVZEukyyev6zyXXUMPZakAAJvJQAC4Fz4UFS5SatKLxc4PQQ,147,main
student_book,level_4,8,8.04,Track 8.04,,audio,CQACAgQAAxkBAAIHOWqitTkaKyhVljCbb0OHBpr9EGIdAALAJQAC4Fz4UGZxqNus28AePQQ,131,main
student_book,level_4,8,8.05,Track 8.05,,audio,CQACAgQAAxkBAAIHVGqitTkqZGVqEtbj3X4mZdhvzRshAALdJQAC4Fz4UBCuoxdZhB2APQQ,55,main
student_book,level_4,8,8.06,Track 8.06,,audio,CQACAgQAAxkBAAIHKGqitTIcA6Rbchow5Mwa0m_E6-cYAAKyJQAC4Fz4UJ1ZsTqa2Bh7PQQ,36,main
student_book,level_4,8,8.07,Track 8.07,,audio,CQACAgQAAxkBAAIHfGqitTnqXt_6GTh98jCQh-Vp4wt1AAIGJgAC4Fz4UAfe8BkBEp8pPQQ,60,main
student_book,level_4,8,8.08,Track 8.08,,audio,CQACAgQAAxkBAAIHl2qitVKaRIYh77G3lgzBOEFB0g4bAAIhJgAC4Fz4UM9-2p1qeicSPQQ,41,main
student_book,level_4,8,8.09,Track 8.09,,audio,CQACAgQAAxkBAAIHF2qitTKrmwinGcophAFLxs4hTTJvAAKgJQAC4Fz4UNiQjgvtFwHXPQQ,35,main
student_book,level_4,8,8.10,Track 8.10,,audio,CQACAgQAAxkBAAIHMmqitTIxgFQ89P0pFXrpgWCFBLIMAAK9JQAC4Fz4UHfi15W7ASZ0PQQ,41,main
student_book,level_4,8,8.11,Track 8.11,,audio,CQACAgQAAxkBAAIHCmqitTKA7YFS95FuyLVJ_M2q0hj6AAKTJQAC4Fz4UNvqJHwvUbSrPQQ,187,main
student_book,level_4,8,8.12,Track 8.12,,audio,CQACAgQAAxkBAAIHXWqitTkqTniQW4i-lURmRs8HxkBMAALmJQAC4Fz4UH1vAU3Z9Dm3PQQ,38,main
student_book,level_4,8,8.13,Track 8.13,,audio,CQACAgQAAxkBAAIHeGqitTldIM9ejsrrgXHMdcWAbN2KAAICJgAC4Fz4UHPyH6SUH02YPQQ,52,main
student_book,level_4,8,8.14,Track 8.14,,audio,CQACAgQAAxkBAAIG-WqitTJMdnmqkeunXcUG1fWwf48BAAKCJQAC4Fz4UKvyNHq0l-MBPQQ,72,main
student_book,level_4,8,8.15,Track 8.15,,audio,CQACAgQAAxkBAAIHFGqitTJF179Dh8eeqVsEgpBjRIpvAAKdJQAC4Fz4UDHX6P-6bwqePQQ,68,main
student_book,level_4,8,8.16,Track 8.16,,audio,CQACAgQAAxkBAAIG62qitTJz5zyxNa2khykDVlfRd7qhAAJ0JQAC4Fz4UDt4LoLwpKiOPQQ,69,main
student_book,level_4,8,8.17,Track 8.17,,audio,CQACAgQAAxkBAAIHPmqitTnfikmE9MBomBUrOoESM-gXAALGJQAC4Fz4UPxaYFEnwW80PQQ,52,main
student_book,level_4,8,8.18,Track 8.18,,audio,CQACAgQAAxkBAAIHWmqitTlqg1BG3-_rInOy7pauq-L4AALjJQAC4Fz4UNo0d1c5nAtiPQQ,44,main
student_book,level_4,8,8.19,Track 8.19,,audio,CQACAgQAAxkBAAIG22qitTJydbk6f30AAcaFwAmgQMBkVwACZCUAAuBc-FBAUt_Rmq3q0T0E,173,main
student_book,level_4,9,9.01,Track 9.01,,audio,CQACAgQAAxkBAAIG9WqitTK9AX98Pc6XMbk6KRjvOAFPAAJ-JQAC4Fz4UP8RHF1DEdM6PQQ,278,main
student_book,level_4,9,9.02,Track 9.02,,audio,CQACAgQAAxkBAAIHNGqitTm0vu9n93l7zinYS5Oaj4UpAAInJgAC4Fz4UMFLOCGrXuSAPQQ,84,main
student_book,level_4,9,9.03,Track 9.03,,audio,CQACAgQAAxkBAAIHc2qitTn5Q4mdMo8dp3WDCP-4EyroAAL9JQAC4Fz4UDw_mIQTbr_kPQQ,57,main
student_book,level_4,9,9.04,Track 9.04,,audio,CQACAgQAAxkBAAIHjmqitTl1FXCgxWf1KW2B3JWSXUNkAAIZJgAC4Fz4UOmprqYI-bzVPQQ,49,main
student_book,level_4,9,9.05,Track 9.05,,audio,CQACAgQAAxkBAAIHD2qitTIrga2GNOy41NYZCKT7srPSAAKYJQAC4Fz4UPTys8iBi9a4PQQ,164,main
student_book,level_4,9,9.06,Track 9.06,,audio,CQACAgQAAxkBAAIHKmqitTLsuSe5-cOhqAjz-nUWkf0OAAK0JQAC4Fz4UHTZpmPx3eJ2PQQ,42,main
student_book,level_4,9,9.07,Track 9.07,,audio,CQACAgQAAxkBAAIHAmqitTJYa7bh7MbNlHRJylMKCWAxAAKLJQAC4Fz4UNaYxl8JnnBwPQQ,84,main
student_book,level_4,9,9.08,Track 9.08,,audio,CQACAgQAAxkBAAIG2WqitTIY6Agt5_u0TJca4dTlhM13AAJiJQAC4Fz4UE1b_0kkEsIdPQQ,56,main
student_book,level_4,9,9.09,Track 9.09,,audio,CQACAgQAAxkBAAIG82qitTJwI9eceMHtSPi39esZ77X1AAJ8JQAC4Fz4UKPOZiyIPWuAPQQ,50,main
student_book,level_4,9,9.10,Track 9.10,,audio,CQACAgQAAxkBAAIHRmqitTkq8qf-jHiDkEy4wvUK66kJAALPJQAC4Fz4UD3rFr2mmBRyPQQ,32,main
student_book,level_4,9,9.11,Track 9.11,,audio,CQACAgQAAxkBAAIHYmqitTl1rLvMnJZdsURxBOe1PZxDAALrJQAC4Fz4UJb8EZbqBPc6PQQ,431,main
student_book,level_4,9,9.12,Track 9.12,,audio,CQACAgQAAxkBAAIG42qitTIeWeXw3qQfXOKuhboZmSfkAAJsJQAC4Fz4UF0BRDjZAhQgPQQ,44,main
student_book,level_4,9,9.13,Track 9.13,,audio,CQACAgQAAxkBAAIG_mqitTL4KQFdn2CLhj14TjD3NqKWAAKHJQAC4Fz4UIK9TsO-tzsDPQQ,33,main
student_book,level_4,9,9.14,Track 9.14,,audio,CQACAgQAAxkBAAIG1WqitTJc7DzG5GBrET74GBUuk4d1AAJdJQAC4Fz4UJf-pw9gxBf5PQQ,106,main
student_book,level_4,9,9.15,Track 9.15,,audio,CQACAgQAAxkBAAIHJWqitTJXjXySDCsWMMQsN2mAEBwuAAKvJQAC4Fz4UG5g5zEjMGRwPQQ,52,main
student_book,level_4,9,9.16,Track 9.16,,audio,CQACAgQAAxkBAAIHQ2qitTkuyuDZ0YtWacq6YHO0kWihAALMJQAC4Fz4UEAf0Ljtp_BmPQQ,51,main
student_book,level_4,9,9.17,Track 9.17,,audio,CQACAgQAAxkBAAIHlGqitVIQwRA7M2gxH-OTsKJ1lmI4AAIeJgAC4Fz4UFUYaZwCtCVYPQQ,72,main
student_book,level_4,9,9.18,Track 9.18,,audio,CQACAgQAAxkBAAIG4GqitTIIeE_m7AM_qVIzby13LLIdAAJpJQAC4Fz4UA7K_naCS_G7PQQ,46,main
student_book,level_4,10,10.01,Track 10.01,,audio,CQACAgQAAxkBAAIHhmqitTmbnUAx9_kWLcMwTF5tAg2qAAIRJgAC4Fz4UDhM_OBpRoakPQQ,519,main
student_book,level_4,10,10.02,Track 10.02,,audio,CQACAgQAAxkBAAIHB2qitTKrvqfuruT_vn6IXYhZ4yPRAAKQJQAC4Fz4UEZ-y9nBEjp0PQQ,40,main
student_book,level_4,10,10.03,Track 10.03,,audio,CQACAgQAAxkBAAIHIWqitTKJ9n3PqVLzyRkSw4M2au47AAKrJQAC4Fz4UByC9pE7kM1IPQQ,73,main
student_book,level_4,10,10.04,Track 10.04,,audio,CQACAgQAAxkBAAIHdWqitTlbSUOu0qobiCrHh8oNrP3oAAL_JQAC4Fz4UPlCFIjesDPGPQQ,35,main
student_book,level_4,10,10.05,Track 10.05,,audio,CQACAgQAAxkBAAIHkGqitTmveHon9tzrjRiczPWMcoWZAAIbJgAC4Fz4UEbITB8b-8qJPQQ,64,main
student_book,level_4,10,10.06,Track 10.06,,audio,CQACAgQAAxkBAAIHZ2qitTl6fhTJXYy43d4cbq1ng2fkAALwJQAC4Fz4UDzAcCmr2YPxPQQ,66,main
student_book,level_4,10,10.07,Track 10.07,,audio,CQACAgQAAxkBAAIG6GqitTJrQQIeXyb3PSGLIV22BbWhAAJxJQAC4Fz4UI9QEHYnp4LLPQQ,28,main
student_book,level_4,10,10.08,Track 10.08,,audio,CQACAgQAAxkBAAIHBGqitTLjbDO0ngs57elNx6Kh5FRoAAKNJQAC4Fz4UF5mExAXB0i-PQQ,43,main
student_book,level_4,10,10.09,Track 10.09,,audio,CQACAgQAAxkBAAIHV2qitTmRrDh9IE1JBAABm-sUdBzfTwAC4CUAAuBc-FAQklHaKcuEjT0E,86,main
student_book,level_4,10,10.10,Track 10.10,,audio,CQACAgQAAxkBAAIHcWqitTn0CiVDh_QoEqeTiwAB3YMC1wAC-yUAAuBc-FAbxEPneCPLxD0E,14,main
student_book,level_4,10,10.11,Track 10.11,,audio,CQACAgQAAxkBAAIHSGqitTnZzWFqPoFBHRk1oI0liDpgAALRJQAC4Fz4UAQp8LTWNHIjPQQ,182,main
student_book,level_4,10,10.12,Track 10.12,,audio,CQACAgQAAxkBAAIHHGqitTKfvCHNPq9USXm-RvN_hEMAA6UlAALgXPhQSc1tS7bGtlw9BA,39,main
student_book,level_4,10,10.13,Track 10.13,,audio,CQACAgQAAxkBAAIHO2qitTnDw2KYjxcpFQABz2NYkvMouAACwiUAAuBc-FBINd2uf8jtvz0E,21,main
student_book,level_4,10,10.14,Track 10.14,,audio,CQACAgQAAxkBAAIHi2qitTksO2qMwW2B8-e_fq1eYAE5AAIWJgAC4Fz4UKC7WMtktEamPQQ,41,main
student_book,level_4,10,10.15,Track 10.15,,audio,CQACAgQAAxkBAAIG12qitTKMmDa7hlCWtNHpvLzEKd6KAAJfJQAC4Fz4UKMaktY1OsD-PQQ,300,main
student_book,level_4,10,10.16,Track 10.16,,audio,CQACAgQAAxkBAAIHfmqitTmEgIG9is6Kpt4n0lS04BtwAAIIJgAC4Fz4UOmFIAJ18RQSPQQ,258,main
student_book,level_4,10,10.17,Track 10.17,,audio,CQACAgQAAxkBAAIHVWqitTnfmL9sfU0iz1BYQJSVmxFAAALeJQAC4Fz4UNpJYeN1QVLpPQQ,213,main
student_book,level_4,10,10.18,Track 10.18,,audio,CQACAgQAAxkBAAIHb2qitTlXgnZI4X-bVkm86rHF0A72AAL5JQAC4Fz4UGsvE3dWg7VTPQQ,68,main
student_book,level_4,10,10.19,Track 10.19,,audio,CQACAgQAAxkBAAIG8GqitTLa3beqqFzbCdnbqWowxCuGAAJ5JQAC4Fz4UJQLPvYZLjW_PQQ,38,main
student_book,level_4,10,10.20,Track 10.20,,audio,CQACAgQAAxkBAAIHDGqitTI4BMQBlHu7aPc28HMDc3FnAAKVJQAC4Fz4UDl1ykdrvuqtPQQ,254,main
workbook,level_4,1,1.1,Track 1.1,,audio,CQACAgQAAxkBAAIHpmqitWx0piUJjOFwB0hdxEU73KtGAAJ1JQAC4FwAAVFW-S87SNHgwz0E,47,main
workbook,level_4,1,1.2,Track 1.2,,audio,CQACAgQAAxkBAAIHqGqitWyl0-wbcLJCIdrDGFHGEh2TAAJ3JQAC4FwAAVGw7q3c-_QtTz0E,46,main
workbook,level_4,1,1.3,Track 1.3,,audio,CQACAgQAAxkBAAIHqmqitWyHELf-NPNckj8ucjhflB10AAJ5JQAC4FwAAVGiJ-jsn0fKoT0E,47,main
workbook,level_4,1,1.4,Track 1.4,,audio,CQACAgQAAxkBAAIHrGqitWzeOINZ0MyJWlNFbP0hsUX8AAJ7JQAC4FwAAVGJNiK_9nx6LD0E,87,main
workbook,level_4,1,1.5,Track 1.5,,audio,CQACAgQAAxkBAAIHsGqitWw9ReqJ2isjMdGe82h-VhDjAAJ_JQAC4FwAAVEkjy_qBcaLFD0E,52,main
workbook,level_4,1,1.6,Track 1.6,,audio,CQACAgQAAxkBAAIHtGqitWxhfBMop_GdpN7YxMN3ItjoAAKDJQAC4FwAAVHOxlCp9irQuT0E,62,main
workbook,level_4,2,2.1,Track 2.1,,audio,CQACAgQAAxkBAAIHuGqitWzFzfhdsi6zDuK0ZHILhHwYAAKHJQAC4FwAAVHsYx1zE5gogT0E,95,main
workbook,level_4,2,2.2,Track 2.2,,audio,CQACAgQAAxkBAAIHvGqitWzJq-MEDUP_GCbhhgTkSp2bAAKLJQAC4FwAAVHptrYyc60TVj0E,79,main
workbook,level_4,3,3.1,Track 3.1,,audio,CQACAgQAAxkBAAIHn2qitWzKOF4y5dz_sGdyMiOviq6SAAJuJQAC4FwAAVGxeqc_vZKVLT0E,76,main
workbook,level_4,3,3.2,Track 3.2,,audio,CQACAgQAAxkBAAIHo2qitWw4D_Mn37SZBi71ebPJ94cIAAJyJQAC4FwAAVF2vVcyHxSSpD0E,28,main
workbook,level_4,3,3.3,Track 3.3,,audio,CQACAgQAAxkBAAIHr2qitWxnauFEuR44X5u-pOOBBsigAAJ-JQAC4FwAAVFzbTCxYemKoz0E,58,main
workbook,level_4,3,3.4,Track 3.4,,audio,CQACAgQAAxkBAAIHs2qitWxpmbV_YPp82r3gWloMe8nTAAKCJQAC4FwAAVFmlbuZqtCwCD0E,65,main
workbook,level_4,4,4.1,Track 4.1,,audio,CQACAgQAAxkBAAIHt2qitWzk3XM2xcji-3P_G5S-TuTUAAKGJQAC4FwAAVEJFQcgn96q7j0E,151,main
workbook,level_4,4,4.2,Track 4.2,,audio,CQACAgQAAxkBAAIHuWqitWw6PjC7zmb266b5xjWTk_UhAAKIJQAC4FwAAVHxDGmrLy3tuT0E,71,main
workbook,level_4,5,5.1,Track 5.1,,audio,CQACAgQAAxkBAAIHu2qitWz3kBJc0xpqHgW-CnrWYYbzAAKKJQAC4FwAAVHC7CTIOkKqbz0E,64,main
workbook,level_4,5,5.2,Track 5.2,,audio,CQACAgQAAxkBAAIHvWqitWwwtblm_etaPvM2nqesbUTVAAKMJQAC4FwAAVFltFTpEAuPLD0E,49,main
workbook,level_4,6,6.1,Track 6.1,,audio,CQACAgQAAxkBAAIHv2qitWzrJXNzEIwru408-dO2cHXgAAKOJQAC4FwAAVHRQ2p4JKkP9D0E,54,main
workbook,level_4,6,6.2,Track 6.2,,audio,CQACAgQAAxkBAAIHoGqitWxtZrdgb_5f-RLII3Wetx43AAJvJQAC4FwAAVGinOkT4L8fxT0E,50,main
workbook,level_4,6,6.3,Track 6.3,,audio,CQACAgQAAxkBAAIHomqitWzhBqKyhTFRKpIw9io6GlEMAAJxJQAC4FwAAVFVnWLkeMU96D0E,63,main
workbook,level_4,6,6.4,Track 6.4,,audio,CQACAgQAAxkBAAIHpGqitWyIKkbF8yf2rpThelspGUQvAAJzJQAC4FwAAVE_RUrEotDMjD0E,68,main
workbook,level_4,6,6.5,Track 6.5,,audio,CQACAgQAAxkBAAIHpWqitWziKHqjCEg0e7xEVbs_UMsJAAJ0JQAC4FwAAVFXJ8RAwawY4D0E,45,main
workbook,level_4,7,7.1,Track 7.1,,audio,CQACAgQAAxkBAAIHp2qitWzcp3niJfU9XIHCNjlHs-_-AAJ2JQAC4FwAAVHB0i5nrDU2gz0E,48,main
workbook,level_4,7,7.2,Track 7.2,,audio,CQACAgQAAxkBAAIHqWqitWwiakzm8dMRZwWcwaHL1FT0AAJ4JQAC4FwAAVF2dTpV3yO39T0E,58,main
workbook,level_4,7,7.3,Track 7.3,,audio,CQACAgQAAxkBAAIHq2qitWxY2OAAATse4ElHOKAXA0UpXgACeiUAAuBcAAFRPNFXqDbOUtk9BA,68,main
workbook,level_4,7,7.4,Track 7.4,,audio,CQACAgQAAxkBAAIHrmqitWxFHN1TxYm9U0SHuIqQC9YzAAJ9JQAC4FwAAVEHEK0quU8puT0E,73,main
workbook,level_4,7,7.5,Track 7.5,,audio,CQACAgQAAxkBAAIHsmqitWz67rHFOuvCf74hDttE-C5VAAKBJQAC4FwAAVHsAgebHUGdHz0E,55,main
workbook,level_4,8,8.1,Track 8.1,,audio,CQACAgQAAxkBAAIHtmqitWwKcGIZxHx8Lh_bAi34V2eWAAKFJQAC4FwAAVEOPqi9tZqM0z0E,78,main
workbook,level_4,8,8.2,Track 8.2,,audio,CQACAgQAAxkBAAIHumqitWwMEnqhRZ-VhUjxfAvpNuKtAAKJJQAC4FwAAVF_rg-TBNcNqj0E,62,main
workbook,level_4,8,8.3,Track 8.3,,audio,CQACAgQAAxkBAAIHvmqitWyX9MQd6N2npatQHJsUxSWjAAKNJQAC4FwAAVGMXpivk9QwFj0E,47,main
workbook,level_4,9,9.1,Track 9.1,,audio,CQACAgQAAxkBAAIHoWqitWzEzgERWSAHu-PMJSUea66dAAJwJQAC4FwAAVEbtFrRZWiUzD0E,90,main
workbook,level_4,9,9.2,Track 9.2,,audio,CQACAgQAAxkBAAIHrWqitWzxFcYwX2e4GqsbkA0sr7giAAJ8JQAC4FwAAVEkwbUQ73I-zz0E,53,main
workbook,level_4,10,10.1,Track 10.1,,audio,CQACAgQAAxkBAAIHsWqitWy-zjtocCVdPTw5v-ulmzn0AAKAJQAC4FwAAVEe4TtEh9nxgD0E,65,main
workbook,level_4,10,10.2,Track 10.2,,audio,CQACAgQAAxkBAAIHtWqitWy0w5U26Nd9PPay4PSjrJSnAAKEJQAC4FwAAVFfU6V5fF81fT0E,69,main
student_book,level_5,1,1.2,Track 1.2,,audio,CQACAgQAAxkBAAIIT2qitZn6BqNW20IKn7k6LzSOgZPGAALsJgAC4Fz4UPRV8J4VdboIPQQ,235,main
student_book,level_5,1,1.3,Track 1.3,,audio,CQACAgQAAxkBAAIHyGqitZE3RK8JdwU9etOjl-aUv9M_AAJcJgAC4Fz4UAqO7JQfuDqOPQQ,113,main
student_book,level_5,1,1.4,Track 1.4,,audio,CQACAgQAAxkBAAIIAAFqorWRINWADILoc98iVSZtrQclmQACliYAAuBc-FBPt7GzQaEOHT0E,130,main
student_book,level_5,1,1.5,Track 1.5,,audio,CQACAgQAAxkBAAIILGqitZk9EmVvEc9Mljyjw1uWTc6jAALDJgAC4Fz4UFvKFoeAY-RIPQQ,58,main
student_book,level_5,1,1.6,Track 1.6,,audio,CQACAgQAAxkBAAIIZWqitZkjmdKyR7FoIU_1o7BNevu8AAIGJwAC4Fz4UKMpAep_jzd1PQQ,64,main
student_book,level_5,1,1.7,Track 1.7,,audio,CQACAgQAAxkBAAIINWqitZn4ljX3HC41Wc0u1bbVhJF8AALOJgAC4Fz4UEtoVcdJvea1PQQ,59,main
student_book,level_5,1,1.8,Track 1.8,,audio,CQACAgQAAxkBAAIIYGqitZmg2mPJOWvCpoR7sedqOjGMAAIBJwAC4Fz4UFVlLWznwbT4PQQ,62,main
student_book,level_5,1,1.9,Track 1.9,,audio,CQACAgQAAxkBAAIH5mqitZHowsH4s30HggVOCrOMyCgLAAJ8JgAC4Fz4ULaFEuIa0d6kPQQ,47,main
student_book,level_5,1,1.10,Track 1.10,,audio,CQACAgQAAxkBAAIIEmqitZERIyTQ7hbTrNcjGCFEpJrbAAKpJgAC4Fz4UNQ7bsVI4xo8PQQ,86,main
student_book,level_5,1,1.11,Track 1.11,,audio,CQACAgQAAxkBAAIISmqitZlBQqQ3J_oUbpXTxxW98-4-AALnJgAC4Fz4UC6Vw0pNLKBWPQQ,70,main
student_book,level_5,1,1.12,Track 1.12,,audio,CQACAgQAAxkBAAIHw2qitZF5S9MTKhzaeLGMqsaMvY97AAJXJgAC4Fz4UKD3lpLdTf6mPQQ,100,main
student_book,level_5,1,1.13,Track 1.13,,audio,CQACAgQAAxkBAAIIRWqitZlN3ipCcprg6BBmr5aYEg_WAALhJgAC4Fz4UCIkdKYmwoHePQQ,253,main
student_book,level_5,1,1.14,Track 1.14,,audio,CQACAgQAAxkBAAIHzGqitZFPy1ApmKB6hEThTvLU1W_vAAJgJgAC4Fz4UG6NTy8Q3RaDPQQ,104,main
student_book,level_5,1,1.15,Track 1.15,,audio,CQACAgQAAxkBAAIH92qitZHJe7mAUIf4ASifv0e8x95tAAKNJgAC4Fz4UOCauba86i-kPQQ,13,main
student_book,level_5,1,1.16,Track 1.16,,audio,CQACAgQAAxkBAAIIMGqitZlfhxWPTZQF99brSOYsoKpKAALIJgAC4Fz4UNSZCWVWNq30PQQ,66,main
student_book,level_5,1,1.17,Track 1.17,,audio,CQACAgQAAxkBAAIIXGqitZneKv-T_nwBdwQVxeaq5OOcAAL8JgAC4Fz4UAppQqcZCUgzPQQ,75,main
student_book,level_5,1,1.18,Track 1.18,,audio,CQACAgQAAxkBAAIH4WqitZEdRQmm6zL8YxMEEB7kst4SAAJ3JgAC4Fz4UPODoJyFRk_RPQQ,252,main
student_book,level_5,1,1.19,Track 1.19,,audio,CQACAgQAAxkBAAIIGmqitZFdtgpDyFtRM46B19VckaGEAAKxJgAC4Fz4UC0mG9a6p2mRPQQ,197,main
student_book,level_5,1,1.20,Track 1.20,,audio,CQACAgQAAxkBAAIIRmqitZk9zEZSVwyn1MyhUOSSHJxnAALjJgAC4Fz4UPkDuxm6yZbyPQQ,206,main
student_book,level_5,1,1.21,Track 1.21,,audio,CQACAgQAAxkBAAIHzWqitZHn6plHGpiIgdQQHtB-p0erAAJhJgAC4Fz4UESGPUsQS5YNPQQ,107,main
student_book,level_5,1,1.22,Track 1.22,,audio,CQACAgQAAxkBAAIH-GqitZExG4xOYIvjYlte-bQIa4IWAAKOJgAC4Fz4UInMnUArmGwTPQQ,235,main
student_book,level_5,1,1.23,Track 1.23,,audio,CQACAgQAAxkBAAIIMWqitZlOqPc3uLQwOqJ8t4JpfCDsAALJJgAC4Fz4UN-q3nnxPanvPQQ,44,main
student_book,level_5,2,2.1,Track 2.1,,audio,CQACAgQAAxkBAAIIaWqitZkF-iUVCZ7pWDGUUZtdrhIwAAIKJwAC4Fz4UCW7Xj3KI3mBPQQ,75,main
student_book,level_5,2,2.2,Track 2.2,,audio,CQACAgQAAxkBAAIH4mqitZEDrUW49F2I2oOCjgb72QaZAAJ4JgAC4Fz4UCZlcWMNyPTRPQQ,21,main
student_book,level_5,2,2.3,Track 2.3,,audio,CQACAgQAAxkBAAIIG2qitZGzoHjTw7RvFAlnUbIsvqxkAAKyJgAC4Fz4UGGYoya2V7K2PQQ,156,main
student_book,level_5,2,2.4,Track 2.4,,audio,CQACAgQAAxkBAAIIR2qitZnaR_lBDAvBv4ekbA2QkRBtAALkJgAC4Fz4UPT99OkE64qjPQQ,8,main
student_book,level_5,2,2.5,Track 2.5,,audio,CQACAgQAAxkBAAIHzmqitZHHsJjS6pabRj5SpYg6cpShAAJiJgAC4Fz4UM3CqYo-HYRpPQQ,199,main
student_book,level_5,2,2.6,Track 2.6,,audio,CQACAgQAAxkBAAIIBmqitZFMUdPWUFhjBmYJWvJUza6pAAKcJgAC4Fz4UMW0SPdH1VkhPQQ,198,main
student_book,level_5,2,2.7,Track 2.7,,audio,CQACAgQAAxkBAAIIMmqitZlhVVDWiWM1pRgMrfATXaRMAALKJgAC4Fz4UHBaQ7dq3XMSPQQ,60,main
student_book,level_5,2,2.8,Track 2.8,,audio,CQACAgQAAxkBAAIIamqitZlSNRBXx6fzOui-InL4dEeZAAILJwAC4Fz4UICRzJlyQ32CPQQ,104,main
student_book,level_5,2,2.9,Track 2.9,,audio,CQACAgQAAxkBAAIH42qitZGpu_dN99GVpbtJwHrgppY_AAJ5JgAC4Fz4UF96Om1Fum2jPQQ,115,main
student_book,level_5,2,2.10,Track 2.10,,audio,CQACAgQAAxkBAAIIHGqitZHYPy3Z5wb1C34so8qzFEgmAAKzJgAC4Fz4UGZ42ncskf2OPQQ,120,main
student_book,level_5,2,2.11,Track 2.11,,audio,CQACAgQAAxkBAAIH7GqitZHyl18ivrFnpcoaJgbsV7x-AAKCJgAC4Fz4UMmWncMksTqhPQQ,59,main
student_book,level_5,2,2.12,Track 2.12,,audio,CQACAgQAAxkBAAIIF2qitZHJUXnWBBPSwbnUabP3RQkWAAKuJgAC4Fz4UCG6qT4x80H3PQQ,78,main
student_book,level_5,2,2.13,Track 2.13,,audio,CQACAgQAAxkBAAIIUGqitZlG6wSsnc1XfqGW3I40JGL4AALtJgAC4Fz4UCewJ-Zw_B_mPQQ,50,main
student_book,level_5,2,2.14,Track 2.14,,audio,CQACAgQAAxkBAAIHyWqitZEpXJ5rQeixnuYKdhEMUQoAA10mAALgXPhQA9lCewHoMcU9BA,55,main
student_book,level_5,2,2.15,Track 2.15,,audio,CQACAgQAAxkBAAIIAWqitZHnohUiXRAHMJLVCzZ0YsohAAKXJgAC4Fz4UIAlikQHhQoZPQQ,204,main
student_book,level_5,2,2.16,Track 2.16,,audio,CQACAgQAAxkBAAIILWqitZnbYJaKtkPq6_7tbsPz01EfAALFJgAC4Fz4UBnCse4B5bwfPQQ,217,main
student_book,level_5,2,2.17,Track 2.17,,audio,CQACAgQAAxkBAAIH_GqitZEc1-bIQGtOs9O-ouSU-em6AAKSJgAC4Fz4UFonOXgb6XTXPQQ,65,main
student_book,level_5,2,2.18,Track 2.18,,audio,CQACAgQAAxkBAAIINmqitZm-nvnQZ9iVOI_dJba0Ilv2AALQJgAC4Fz4UAhyuJl53XVJPQQ,333,main
student_book,level_5,3,3.1,Track 3.1,,audio,CQACAgQAAxkBAAIIYWqitZmg9d6rblwiRP2slfaxDVs_AAICJwAC4Fz4UF1O1ruR1e6cPQQ,28,main
student_book,level_5,3,3.2,Track 3.2,,audio,CQACAgQAAxkBAAIH52qitZFL6-mgOMfPPrt49iVVAAFi2wACfSYAAuBc-FAWoxt_Zn4hKz0E,69,main
student_book,level_5,3,3.3,Track 3.3,,audio,CQACAgQAAxkBAAIIE2qitZGtNf8CyzFBWzHtxsAe9w_KAAKqJgAC4Fz4UHHGPse9aoPYPQQ,90,main
student_book,level_5,3,3.4,Track 3.4,,audio,CQACAgQAAxkBAAIIS2qitZlaGsfhG8BuXcXdVuX-wYZfAALoJgAC4Fz4UJwwi3LMDKSyPQQ,103,main
student_book,level_5,3,3.5,Track 3.5,,audio,CQACAgQAAxkBAAIH0mqitZEth5akDDyBJC2phhNV0MhFAAJnJgAC4Fz4UNoIxqUhTD6aPQQ,103,main
student_book,level_5,3,3.6,Track 3.6,,audio,CQACAgQAAxkBAAIH_WqitZFa1o7_irQ6fg6No8e3Lbu9AAKTJgAC4Fz4UKhBTa6DVG91PQQ,259,main
student_book,level_5,3,3.7,Track 3.7,,audio,CQACAgQAAxkBAAIIN2qitZk-aSWzoeyDoNzhISnMR6VCAALSJgAC4Fz4UFXfyZ82A_-XPQQ,80,main
student_book,level_5,3,3.8,Track 3.8,,audio,CQACAgQAAxkBAAIIYmqitZm4pKjVljcawKJMHYctFT9rAAIDJwAC4Fz4UAstaxysfJk8PQQ,39,main
student_book,level_5,3,3.9,Track 3.9,,audio,CQACAgQAAxkBAAIH6GqitZHzw-3444WbyLk0r-Bih2b3AAJ-JgAC4Fz4UEoICMfYVGPgPQQ,91,main
student_book,level_5,3,3.10,Track 3.10,,audio,CQACAgQAAxkBAAIIIGqitZEjat9Qw-UBG8ArnJQG0XJLAAK3JgAC4Fz4UG9lJBNeT5TWPQQ,80,main
student_book,level_5,3,3.11,Track 3.11,,audio,CQACAgQAAxkBAAIITGqitZnrbpCk09UUNDe5c6oZVHf-AALpJgAC4Fz4UHygCxJh9F8ePQQ,87,main
student_book,level_5,3,3.12,Track 3.12,,audio,CQACAgQAAxkBAAIH02qitZH07ECvraYziMW69CofWLAUAAJoJgAC4Fz4UKrGq30KLqaePQQ,159,main
student_book,level_5,3,3.13,Track 3.13,,audio,CQACAgQAAxkBAAIH_mqitZHhgcb7ZalPt4OhMpXdC_5oAAKUJgAC4Fz4UKPCFGtFgF3jPQQ,139,main
student_book,level_5,3,3.14,Track 3.14,,audio,CQACAgQAAxkBAAIIOGqitZkV62NskhF1CUKdg2mRTRUAA9MmAALgXPhQ0DScDyD-fV89BA,203,main
student_book,level_5,3,3.15,Track 3.15,,audio,CQACAgQAAxkBAAIIcGqitZlzynbwL0DMGMM8x2Oag0sVAAIRJwAC4Fz4UPDHbvdytMLXPQQ,208,main
student_book,level_5,3,3.16,Track 3.16,,audio,CQACAgQAAxkBAAIH6WqitZGSmDNieUiUzTyalL3oNWBTAAJ_JgAC4Fz4UJgYZpzaBMaXPQQ,227,main
student_book,level_5,3,3.17,Track 3.17,,audio,CQACAgQAAxkBAAIIIWqitZF9fJHzZByK8XZ4MF0OBLM3AAK4JgAC4Fz4UNGa3ByvAQJMPQQ,95,main
student_book,level_5,3,3.18,Track 3.18,,audio,CQACAgQAAxkBAAIITWqitZlXFJF0_oHRFmoenRZ3ff5BAALqJgAC4Fz4ULvh4FzTIH0qPQQ,288,main
student_book,level_5,3,3.19,Track 3.19,,audio,CQACAgQAAxkBAAIH1GqitZHE5KsmgKwkqcWD9f11h7YUAAJpJgAC4Fz4UK8TVYerz2gSPQQ,42,main
student_book,level_5,4,4.1,Track 4.1,,audio,CQACAgQAAxkBAAIIVmqitZkQZ9Qa-ZFbjamLfR1dG1zuAAL1JgAC4Fz4ULSIxQ5kITxlPQQ,180,main
student_book,level_5,4,4.2,Track 4.2,,audio,CQACAgQAAxkBAAIHz2qitZFMA95xn4jUaHdxo0tvImh7AAJjJgAC4Fz4UIZeZjK6LWeFPQQ,98,main
student_book,level_5,4,4.3,Track 4.3,,audio,CQACAgQAAxkBAAIIB2qitZE5uBxjrIfyW6XcVF08wqJ6AAKdJgAC4Fz4UPyblFBamLb4PQQ,47,main
student_book,level_5,4,4.4,Track 4.4,,audio,CQACAgQAAxkBAAIIM2qitZmm6FwrRvYnpoEaGx8UIpDIAALLJgAC4Fz4UAZTPULtBoQ6PQQ,58,main
student_book,level_5,4,4.5,Track 4.5,,audio,CQACAgQAAxkBAAIIa2qitZkDjWlsUCLzN5C0Bd32FFyeAAIMJwAC4Fz4UBRd76Z81ajIPQQ,68,main
student_book,level_5,4,4.6,Track 4.6,,audio,CQACAgQAAxkBAAIH5GqitZGkIXbySufzQSZ0q-ywhAobAAJ6JgAC4Fz4UEs4z-eLa-mqPQQ,25,main
student_book,level_5,4,4.7,Track 4.7,,audio,CQACAgQAAxkBAAIIZmqitZlYu3d58OittAABT6p1OMerTwACBycAAuBc-FC4Zr1amvJAzj0E,149,main
student_book,level_5,4,4.8,Track 4.8,,audio,CQACAgQAAxkBAAIH7WqitZG7c4aciPyHRb-LWVaMdjMAA4MmAALgXPhQNksMKWrE6MQ9BA,260,main
student_book,level_5,4,4.9,Track 4.9,,audio,CQACAgQAAxkBAAIIGGqitZFsEtqSapZL3YuwdYRCNuu3AAKvJgAC4Fz4UIqcvHlgbfCMPQQ,178,main
student_book,level_5,4,4.10,Track 4.10,,audio,CQACAgQAAxkBAAIIUWqitZlpQjqkdpwOwu0IAadoExGcAALuJgAC4Fz4UIBwzidGTyekPQQ,56,main
student_book,level_5,4,4.11,Track 4.11,,audio,CQACAgQAAxkBAAIHymqitZFrDYbYcyF4JBZWlkl3RrvKAAJeJgAC4Fz4UHhPz0wtiHckPQQ,51,main
student_book,level_5,4,4.12,Track 4.12,,audio,CQACAgQAAxkBAAIIAmqitZF2yswcdBG3VgUPqUmyQi1IAAKYJgAC4Fz4UF4Byge-iRFVPQQ,41,main
student_book,level_5,4,4.13,Track 4.13,,audio,CQACAgQAAxkBAAIIPGqitZmHkUMs5uBgSyBCjNZOdWWuAALXJgAC4Fz4UCnG7AGuXZ3BPQQ,385,main
student_book,level_5,4,4.14,Track 4.14,,audio,CQACAgQAAxkBAAIIZ2qitZmy_0bMbAosckcVwdQ6VlOIAAIIJwAC4Fz4UJM0gZkQLDNMPQQ,131,main
student_book,level_5,4,4.15,Track 4.15,,audio,CQACAgQAAxkBAAIH7mqitZE81u9X5sWlQMd5nZlykDr_AAKEJgAC4Fz4UNh9nCZIawd4PQQ,106,main
student_book,level_5,4,4.16,Track 4.16,,audio,CQACAgQAAxkBAAIIGWqitZGkL3tXaT9pCH3KCnajF-ygAAKwJgAC4Fz4UN_h4Dor9Q1gPQQ,162,main
student_book,level_5,4,4.17,Track 4.17,,audio,CQACAgQAAxkBAAIIUmqitZkpG6_WL9t3O6Rb9dWwklliAALxJgAC4Fz4UIhdaH0cbb_RPQQ,420,main
student_book,level_5,5,5.1,Track 5.1,,audio,CQACAgQAAxkBAAIH2GqitZFRKCHUdD5WcfXnmLCK6GKXAAJuJgAC4Fz4UB7xRysLqaZvPQQ,215,main
student_book,level_5,5,5.2,Track 5.2,,audio,CQACAgQAAxkBAAIIA2qitZHAZMbS-NGU4vfT6qo0bsXNAAKZJgAC4Fz4UEArTEtKRTE4PQQ,193,main
student_book,level_5,5,5.3,Track 5.3,,audio,CQACAgQAAxkBAAIIPWqitZmKtE33m3_NPpl3R5an2Nw6AALYJgAC4Fz4UB1JpEqxgM1LPQQ,26,main
student_book,level_5,5,5.4,Track 5.4,,audio,CQACAgQAAxkBAAIIaGqitZlaO8Dca2Jw9BreChwPMgwaAAIJJwAC4Fz4UGBW6Wox118mPQQ,114,main
student_book,level_5,5,5.5,Track 5.5,,audio,CQACAgQAAxkBAAIH72qitZFNg-e1sATV0vESFb33OZsKAAKFJgAC4Fz4UNPcLElPtCI0PQQ,91,main
student_book,level_5,5,5.6,Track 5.6,,audio,CQACAgQAAxkBAAIIJmqitZHrcIJhKUPnk8NQp4NKP4-XAAK-JgAC4Fz4UGkgyBa0aTOwPQQ,112,main
student_book,level_5,5,5.7,Track 5.7,,audio,CQACAgQAAxkBAAIIU2qitZnP17kWc3rFze3Y4mQbGg5xAALyJgAC4Fz4UI2bobU0rQqzPQQ,63,main
student_book,level_5,5,5.8,Track 5.8,,audio,CQACAgQAAxkBAAIH2WqitZHmxzLR_FU5HDVvBi7nZJFsAAJvJgAC4Fz4UIwLgk-Zr2spPQQ,50,main
student_book,level_5,5,5.9,Track 5.9,,audio,CQACAgQAAxkBAAIIBGqitZFq5mn4jvLITb4CRC5PcNMPAAKaJgAC4Fz4UHN_NqKXiEY6PQQ,63,main
student_book,level_5,5,5.10,Track 5.10,,audio,CQACAgQAAxkBAAIIPmqitZkoWKwdNZZWl-NYLMnDcILxAALZJgAC4Fz4UA9Tap5tg1LAPQQ,92,main
student_book,level_5,5,5.11,Track 5.11,,audio,CQACAgQAAxkBAAIIDWqitZFyRK2O_9FxLyCCMK0VYmTMAAKjJgAC4Fz4UNIXSi31PpLgPQQ,43,main
student_book,level_5,5,5.12,Track 5.12,,audio,CQACAgQAAxkBAAIIOWqitZlT-mssNYvV-9BPXDwSfBGuAALUJgAC4Fz4UG2J0DcAAeVFKz0E,43,main
student_book,level_5,5,5.13,Track 5.13,,audio,CQACAgQAAxkBAAIIcWqitZm7N_IUkmkAAfk7sxiquktjzAACEicAAuBc-FDULNf34Dp7OT0E,152,main
student_book,level_5,5,5.14,Track 5.14,,audio,CQACAgQAAxkBAAIH6mqitZHA5cIMyZQi-Gs0AiOHsVjUAAKAJgAC4Fz4UBD7ZTlq6L0-PQQ,112,main
student_book,level_5,5,5.15,Track 5.15,,audio,CQACAgQAAxkBAAIIImqitZFzr_YZnUZY7U0DRW7P5Eu9AAK5JgAC4Fz4UIRNJGMF2MBjPQQ,70,main
student_book,level_5,5,5.16,Track 5.16,,audio,CQACAgQAAxkBAAIITmqitZlc7cE3qyNKdGCNP4R088EHAALrJgAC4Fz4UOU97zBHiWsOPQQ,88,main
student_book,level_5,5,5.17,Track 5.17,,audio,CQACAgQAAxkBAAIIHWqitZFhbAWGF14QSkTC8d8VpxwsAAK0JgAC4Fz4UNbgl7gZ7i_MPQQ,24,main
student_book,level_5,5,5.18,Track 5.18,,audio,CQACAgQAAxkBAAIIV2qitZkDudQlhSkwEWdNt-pynu26AAL2JgAC4Fz4UKPKYKwbgdcZPQQ,20,main
student_book,level_5,5,5.19,Track 5.19,,audio,CQACAgQAAxkBAAIH0GqitZFTYYc4O9olo3L8m5LJbaZhAAJkJgAC4Fz4UNQfiD6BbbFmPQQ,105,main
student_book,level_5,5,5.20,Track 5.20,,audio,CQACAgQAAxkBAAIICGqitZF71JL9KN2hxt-9Wnivb486AAKeJgAC4Fz4UHEqcieCo8DxPQQ,73,main
student_book,level_5,5,5.21,Track 5.21,,audio,CQACAgQAAxkBAAIINGqitZnZqUOd-wAB8JlmZIXeecYIUgACzSYAAuBc-FAlt-FUloNicD0E,212,main
student_book,level_5,5,5.22,Track 5.22,,audio,CQACAgQAAxkBAAIIbGqitZlJmef6Au4_SeYqtEYS-TXuAAINJwAC4Fz4UJfVuYc_hOVDPQQ,268,main
student_book,level_5,5,5.23,Track 5.23,,audio,CQACAgQAAxkBAAIH82qitZFlQuhQM-xXXhTFyywVSitVAAKJJgAC4Fz4UPOTcSLxyNU6PQQ,258,main
student_book,level_5,5,5.24,Track 5.24,,audio,CQACAgQAAxkBAAIIHmqitZFOUpMAAdwPBxtsGDwZUp7n7wACtSYAAuBc-FAxoAurZ08_Aj0E,102,main
student_book,level_5,5,5.25,Track 5.25,,audio,CQACAgQAAxkBAAIIWGqitZlfm9gTSmi0TUiUUoDxLKylAAL3JgAC4Fz4UIn57jAXzxxGPQQ,265,main
student_book,level_5,5,5.26,Track 5.26,,audio,CQACAgQAAxkBAAIH0WqitZFrA1KPnurLd6OUxPBYE187AAJlJgAC4Fz4UKd3-DKXAS6iPQQ,47,main
student_book,level_5,6,6.1,Track 6.1,,audio,CQACAgQAAxkBAAIICWqitZFT0cnz37KcLwQbhVbYxVhNAAKfJgAC4Fz4UIg5purgv6xPPQQ,227,main
student_book,level_5,6,6.2,Track 6.2,,audio,CQACAgQAAxkBAAIIQmqitZnXk2N6VjKNNsizpP6Vl7leAALdJgAC4Fz4UBoYuAVxaA0RPQQ,52,main
student_book,level_5,6,6.3,Track 6.3,,audio,CQACAgQAAxkBAAIIbWqitZlKUM8_itM9hqUH52hNdrVDAAIOJwAC4Fz4UL-uCm6DvJPlPQQ,57,main
student_book,level_5,6,6.4,Track 6.4,,audio,CQACAgQAAxkBAAIH9GqitZHaLwsOF0SeOt55Qo7ga-YQAAKKJgAC4Fz4UFtChMV-9nzZPQQ,84,main
student_book,level_5,6,6.5,Track 6.5,,audio,CQACAgQAAxkBAAIIH2qitZHUu6yEk79LTI31Dgdh32o7AAK2JgAC4Fz4UAMtmENy0NhRPQQ,85,main
student_book,level_5,6,6.6,Track 6.6,,audio,CQACAgQAAxkBAAIIWWqitZkGHIsihPR8EWEu2nNtUzB5AAL4JgAC4Fz4UOjN0hAfmNCoPQQ,68,main
student_book,level_5,6,6.7,Track 6.7,,audio,CQACAgQAAxkBAAIH3mqitZH4Zp2wwTa9wrPPd0W93ArcAAJ0JgAC4Fz4UH6iDy324A4KPQQ,40,main
student_book,level_5,6,6.8,Track 6.8,,audio,CQACAgQAAxkBAAIICmqitZEIcrAyhqhtjRYjBBzcaEF-AAKgJgAC4Fz4UMGKJI3UQSAcPQQ,78,main
student_book,level_5,6,6.9,Track 6.9,,audio,CQACAgQAAxkBAAIIQ2qitZnnm8TNJHF7nTyfZI3aHixAAALeJgAC4Fz4UE0bNRDHxlhZPQQ,93,main
student_book,level_5,6,6.10,Track 6.10,,audio,CQACAgQAAxkBAAIIbmqitZnB48aydMkJjPgY-oo0CfjTAAIPJwAC4Fz4UBGSlFMnsH62PQQ,187,main
student_book,level_5,6,6.11,Track 6.11,,audio,CQACAgQAAxkBAAIH9WqitZEvDT9Mn6Rj060FB9QwDD0UAAKLJgAC4Fz4UPYq-LScaj_wPQQ,369,main
student_book,level_5,7,7.1,Track 7.1,,audio,CQACAgQAAxkBAAIHxGqitZHNcMdImfAIqW6d2fX42ulkAAJYJgAC4Fz4UIllh4bP8x3yPQQ,165,main
student_book,level_5,7,7.2,Track 7.2,,audio,CQACAgQAAxkBAAIH8GqitZHzx6KaGJtZv3IyctZhLMrDAAKGJgAC4Fz4UO-G8jq_XBVePQQ,110,main
student_book,level_5,7,7.3,Track 7.3,,audio,CQACAgQAAxkBAAIIKGqitZmPD2BtSvNhIH9NvV8ekvKtAAK_JgAC4Fz4UDpKndXv38g7PQQ,30,main
student_book,level_5,7,7.4,Track 7.4,,audio,CQACAgQAAxkBAAIIVGqitZl0xGFPA7tC9n9UxVfM5T98AALzJgAC4Fz4UJwHkeg5UF0iPQQ,70,main
student_book,level_5,7,7.5,Track 7.5,,audio,CQACAgQAAxkBAAIH2mqitZFYNEPjDtzv5JAdZ3Eago7aAAJwJgAC4Fz4UIb-Lt25u7HBPQQ,150,main
student_book,level_5,7,7.6,Track 7.6,,audio,CQACAgQAAxkBAAIIBWqitZHB3MG1h0pHY7_KklGUvQpxAAKbJgAC4Fz4UGtzJ7gYDvQiPQQ,285,main
student_book,level_5,7,7.7,Track 7.7,,audio,CQACAgQAAxkBAAIH1WqitZHsbV6WMfuFNqw4eJXKOT0iAAJqJgAC4Fz4UFj966hecdgTPQQ,147,main
student_book,level_5,7,7.8,Track 7.8,,audio,CQACAgQAAxkBAAIIDmqitZH0Wsd-djxzDz0eSNokIeOjAAKkJgAC4Fz4UNVMdjEhzHk4PQQ,33,main
student_book,level_5,7,7.9,Track 7.9,,audio,CQACAgQAAxkBAAIIOmqitZlIWCkuIZBtQanIsVYnsvyrAALVJgAC4Fz4UBguC7ENwgv5PQQ,84,main
student_book,level_5,7,7.10,Track 7.10,,audio,CQACAgQAAxkBAAIIcmqitZl37-shOgOymNfGOB-zFUGHAAITJwAC4Fz4UKH-RvRrNSsQPQQ,299,main
student_book,level_5,7,7.11,Track 7.11,,audio,CQACAgQAAxkBAAIH62qitZH_YzdSpsmFoCkJVXehFCYqAAKBJgAC4Fz4UC9uGpWiao7HPQQ,296,main
student_book,level_5,7,7.12,Track 7.12,,audio,CQACAgQAAxkBAAIII2qitZE3cVC2yNvyYVXDVGwgnEkdAAK6JgAC4Fz4UNN7JAABIyrvyD0E,54,main
student_book,level_5,7,7.13,Track 7.13,,audio,CQACAgQAAxkBAAIIXWqitZl0NXCbgfQRmYBygtuIi33sAAL9JgAC4Fz4UAP-B8LTyEP6PQQ,148,main
student_book,level_5,7,7.14,Track 7.14,,audio,CQACAgQAAxkBAAIH1mqitZHKmbAXR_ZjEOyLCfDyF6YBAAJsJgAC4Fz4UEQo95POgksIPQQ,219,main
student_book,level_5,7,7.15,Track 7.15,,audio,CQACAgQAAxkBAAIID2qitZHCHqT0BzZljfZHr4oJ_PDbAAKlJgAC4Fz4UGsBsA-EdDvXPQQ,242,main
student_book,level_5,7,7.16,Track 7.16,,audio,CQACAgQAAxkBAAIIO2qitZlYa-U-q3d_Ni8sqKZiGNYPAALWJgAC4Fz4UDgw4qILRciuPQQ,80,main
student_book,level_5,7,7.17,Track 7.17,,audio,CQACAgQAAxkBAAIIc2qitZkNzDhextVIdV7bTbdoZxkaAAIUJwAC4Fz4UPxZL8IPgcRyPQQ,283,main
student_book,level_5,7,7.18,Track 7.18,,audio,CQACAgQAAxkBAAIH-WqitZHIGoYtdUCLPocFWpqxJ1xNAAKPJgAC4Fz4UAABcW-EaExykz0E,50,main
student_book,level_5,8,8.1,Track 8.1,,audio,CQACAgQAAxkBAAIIJGqitZGBqk0z22IOxl_AlPhELWrdAAK8JgAC4Fz4UHEN5HPtXyQnPQQ,203,main
student_book,level_5,8,8.2,Track 8.2,,audio,CQACAgQAAxkBAAIIXmqitZn9cTngjXn3-EnrcoHaYW8qAAL_JgAC4Fz4UDn-1pNSrWiiPQQ,78,main
student_book,level_5,8,8.3,Track 8.3,,audio,CQACAgQAAxkBAAIH12qitZF-uUHiiwX568zogXN1qG6YAAJtJgAC4Fz4UMR7qPeD5D4YPQQ,309,main
student_book,level_5,8,8.4,Track 8.4,,audio,CQACAgQAAxkBAAIIEGqitZEYkyIhKMrWEwJenAABlHmZ_gACpiYAAuBc-FBxnbnhM-8DGz0E,71,main
student_book,level_5,8,8.5,Track 8.5,,audio,CQACAgQAAxkBAAIISGqitZnIwXF-VnEqyqyXJXWVTC0vAALlJgAC4Fz4UJ0FGu3WKa66PQQ,89,main
student_book,level_5,8,8.6,Track 8.6,,audio,CQACAgQAAxkBAAIIdGqitZm9plaMYChi4dypZU2HVTiXAAIVJwAC4Fz4UPMIa65W3RtqPQQ,11,main
student_book,level_5,8,8.7,Track 8.7,,audio,CQACAgQAAxkBAAIH-mqitZHQ0u6s1VVAICdKAf-1MHXPAAKQJgAC4Fz4UD2cAh8KTLmBPQQ,77,main
student_book,level_5,8,8.8,Track 8.8,,audio,CQACAgQAAxkBAAIIJWqitZE5BbqJk82eKBiUEe2yoJYhAAK9JgAC4Fz4UG8m7KEEF1R4PQQ,95,main
student_book,level_5,8,8.9,Track 8.9,,audio,CQACAgQAAxkBAAIIX2qitZnekH2xeqqVwJmRbNZXN-lOAAMnAALgXPhQB3ALDsmfAAGNPQQ,55,main
student_book,level_5,8,8.10,Track 8.10,,audio,CQACAgQAAxkBAAIILmqitZknO8Vmp5kj1N5LGJVLBgmZAALGJgAC4Fz4UAmB_mdcM0SpPQQ,52,main
student_book,level_5,8,8.11,Track 8.11,,audio,CQACAgQAAxkBAAIIWmqitZlzV_xkvdmywOuSCBHzy6gpAAL5JgAC4Fz4UFIsHhCOobSAPQQ,53,main
student_book,level_5,8,8.12,Track 8.12,,audio,CQACAgQAAxkBAAIH32qitZFo-81Vyz11TcnxoNyju06UAAJ1JgAC4Fz4UHQhSghhlSGePQQ,43,main
student_book,level_5,8,8.13,Track 8.13,,audio,CQACAgQAAxkBAAIIC2qitZEQj0XLQEyJpYb_8AjBVXwmAAKhJgAC4Fz4UDoveC49lXgkPQQ,36,main
student_book,level_5,8,8.14,Track 8.14,,audio,CQACAgQAAxkBAAIIRGqitZlNlBGr13G2gPDQYZgjj1SWAALfJgAC4Fz4UDklJ7KPAn0cPQQ,52,main
student_book,level_5,8,8.15,Track 8.15,,audio,CQACAgQAAxkBAAIIb2qitZkkBdq0YKokoPgQTDwkh3DpAAIQJwAC4Fz4UBFOte7DNkcuPQQ,351,main
student_book,level_5,9,9.1,Track 9.1,,audio,CQACAgQAAxkBAAIIP2qitZlIfoxUaTfJBIQE5QRjs9CjAALaJgAC4Fz4UIh1zjYoCi35PQQ,63,main
student_book,level_5,9,9.2,Track 9.2,,audio,CQACAgQAAxkBAAIHxWqitZEwVKwYAAGTQMy40FezICGHTwACWSYAAuBc-FBCODteqnh-xz0E,42,main
student_book,level_5,9,9.3,Track 9.3,,audio,CQACAgQAAxkBAAIH8WqitZFn9D2PwB0VsjP12IC5bFBfAAKHJgAC4Fz4UBg8cRNfpFL7PQQ,47,main
student_book,level_5,9,9.4,Track 9.4,,audio,CQACAgQAAxkBAAIIKWqitZmVAW5eNmi3NYzYMCTS4n5XAALAJgAC4Fz4UJI5nht6HbXVPQQ,51,main
student_book,level_5,9,9.5,Track 9.5,,audio,CQACAgQAAxkBAAIIVWqitZn0f2u3OTqwOflrs4gCFUqmAAL0JgAC4Fz4UBspnz4LZlEcPQQ,81,main
student_book,level_5,9,9.6,Track 9.6,,audio,CQACAgQAAxkBAAIH22qitZH41Q7oB9u3BS-Uxbnreco0AAJxJgAC4Fz4UDW16Wf2anc8PQQ,39,main
student_book,level_5,9,9.7,Track 9.7,,audio,CQACAgQAAxkBAAIIFGqitZGWgGxNsU_PNBAlMdKWvKizAAKrJgAC4Fz4UItgPXRdEPZZPQQ,45,main
student_book,level_5,9,9.8,Track 9.8,,audio,CQACAgQAAxkBAAIIQGqitZm6DCM6PouqqgABqaqIsdYfewAC2yYAAuBc-FBeaJMrdDbxtj0E,228,main
student_book,level_5,9,9.9,Track 9.9,,audio,CQACAgQAAxkBAAIHxmqitZG7N4-i-7ZywoH7Sw3qm8YzAAJaJgAC4Fz4UFK92kEYXloJPQQ,262,main
student_book,level_5,9,9.10,Track 9.10,,audio,CQACAgQAAxkBAAIH8mqitZFvl6HM8h5Z4iqrnTzGT3x_AAKIJgAC4Fz4UH_2keAZLpYtPQQ,50,main
student_book,level_5,9,9.11,Track 9.11,,audio,CQACAgQAAxkBAAIIKmqitZmDVJv9LdW37YVAbooa-cJLAALBJgAC4Fz4UPOIzVF0tsZmPQQ,111,main
student_book,level_5,9,9.12,Track 9.12,,audio,CQACAgQAAxkBAAIIY2qitZmrtENmLXZSbxxnEMnLz64HAAIEJwAC4Fz4UP1fd64yINkYPQQ,54,main
student_book,level_5,9,9.13,Track 9.13,,audio,CQACAgQAAxkBAAIH3GqitZEnNXKThxBopAL38CZE-XY_AAJyJgAC4Fz4UCnoYxCSze6TPQQ,65,main
student_book,level_5,9,9.14,Track 9.14,,audio,CQACAgQAAxkBAAIIFWqitZHCZcCFlzG5M5aM0KyzTBnSAAKsJgAC4Fz4UA76KGuMVUhZPQQ,41,main
student_book,level_5,9,9.15,Track 9.15,,audio,CQACAgQAAxkBAAIIQWqitZkIKywcPBqC2ygJfhbNKdhqAALcJgAC4Fz4UImGCSdOR825PQQ,221,main
student_book,level_5,9,9.16,Track 9.16,,audio,CQACAgQAAxkBAAIHx2qitZHMBa2fnx0V6-1w87BCeZRBAAJbJgAC4Fz4UBQ8LcVck3bfPQQ,50,main
student_book,level_5,9,9.17,Track 9.17,,audio,CQACAgQAAxkBAAIH_2qitZEB3U7QSw7L_4lufWK0Zdi0AAKVJgAC4Fz4UINt23Tw0G37PQQ,220,main
student_book,level_5,9,9.18,Track 9.18,,audio,CQACAgQAAxkBAAIIK2qitZnUbuBCbz4fNvp9yQwu50zmAALCJgAC4Fz4UBqUE96X7X06PQQ,200,main
student_book,level_5,9,9.19,Track 9.19,,audio,CQACAgQAAxkBAAIIZGqitZmis0KOzBNQ-Vjts6EZr_vfAAIFJwAC4Fz4UEWJzRJMNbUcPQQ,234,main
student_book,level_5,9,9.20,Track 9.20,,audio,CQACAgQAAxkBAAIH3WqitZEdpuseVOL9MZEzEdVBpmkJAAJzJgAC4Fz4UCkYqNaw1AABzj0E,90,main
student_book,level_5,9,9.21,Track 9.21,,audio,CQACAgQAAxkBAAIIFmqitZGi6mNTfKklWTPSydO308LTAAKtJgAC4Fz4UNcccGVtnyY0PQQ,261,main
student_book,level_5,9,9.22,Track 9.22,,audio,CQACAgQAAxkBAAIH5WqitZGa6yHmc1pV68NJYv2pxVOCAAJ7JgAC4Fz4UNqOi6QAAUFwTj0E,44,main
student_book,level_5,10,10.1,Track 10.1,,audio,CQACAgQAAxkBAAIIEWqitZFaAb8y18TteLkCalWnNXSFAAKoJgAC4Fz4ULFusCgtoGWmPQQ,437,main
student_book,level_5,10,10.2,Track 10.2,,audio,CQACAgQAAxkBAAIISWqitZmPxKvliSPZwAgWBldJHhTFAALmJgAC4Fz4UEjWVUvyJVAMPQQ,227,main
student_book,level_5,10,10.3,Track 10.3,,audio,CQACAgQAAxkBAAIIdWqitZlql1Hs6F6TcL9sM4fRriIBAAIXJwAC4Fz4UCTQtp4ekUXgPQQ,215,main
student_book,level_5,10,10.4,Track 10.4,,audio,CQACAgQAAxkBAAIH-2qitZGhoOuPVU_sYKtYGVu3OPWgAAKRJgAC4Fz4UA1OGOjBoVoQPQQ,78,main
student_book,level_5,10,10.5,Track 10.5,,audio,CQACAgQAAxkBAAIHy2qitZGzSFxQtmWmt4NbTqoUn68CAAJfJgAC4Fz4UGG_GDJyLE1zPQQ,32,main
student_book,level_5,10,10.6,Track 10.6,,audio,CQACAgQAAxkBAAIH9mqitZEeFDuAWnbp62Vp7F4SNvmFAAKMJgAC4Fz4UL_zfh9SWFVyPQQ,45,main
student_book,level_5,10,10.7,Track 10.7,,audio,CQACAgQAAxkBAAIIL2qitZmhGroneFKF-reb-YvhhnDIAALHJgAC4Fz4UNwLCKeIHARtPQQ,45,main
student_book,level_5,10,10.8,Track 10.8,,audio,CQACAgQAAxkBAAIIW2qitZnyNDkLNw0Zy1M9Fxr6XPiBAAL7JgAC4Fz4UAABRgzpXKdSrD0E,132,main
student_book,level_5,10,10.9,Track 10.9,,audio,CQACAgQAAxkBAAIH4GqitZEuCzewmUlETEPCiASCMU0iAAJ2JgAC4Fz4UJdFN36g7zDDPQQ,367,main
student_book,level_5,10,10.10,Track 10.10,,audio,CQACAgQAAxkBAAIIDGqitZEvw4gos7pX1R8zh0lJMLkbAAKiJgAC4Fz4UFrUhMniris-PQQ,401,main
workbook,level_5,1,1.1,Track 1.1,,audio,CQACAgQAAxkBAAIIhGqitbFWHrShqGi9fW3oKLxVA9QoAAInJwAC4Fz4UPSU58W1ntgvPQQ,65,main
workbook,level_5,1,1.2,Track 1.2,,audio,CQACAgQAAxkBAAIIoWqitbGf9-khiSrSgMpktWxoEl0nAAJEJwAC4Fz4UG1kW6t-gHJYPQQ,144,main
workbook,level_5,1,1.3,Track 1.3,,audio,CQACAgQAAxkBAAIIl2qitbFouXw4cPztXJVHqq6Pf8yZAAI6JwAC4Fz4UM7MbBCC4OuIPQQ,65,main
workbook,level_5,1,1.4,Track 1.4,,audio,CQACAgQAAxkBAAIIhmqitbHwlrZUM59qgWzFlh3cNEziAAIpJwAC4Fz4ULT9gRcga8FXPQQ,60,main
workbook,level_5,1,1.5,Track 1.5,,audio,CQACAgQAAxkBAAIIo2qitbGgL-JxWamKBS1cdTNbvawUAAJGJwAC4Fz4UBXeXT3nRMvtPQQ,170,main
workbook,level_5,2,2.1,Track 2.1,,audio,CQACAgQAAxkBAAIImmqitbFfyoQ9D4b0kHy9WVCd282ZAAI9JwAC4Fz4UFZ6dB3tAAHY2D0E,118,main
workbook,level_5,2,2.2,Track 2.2,,audio,CQACAgQAAxkBAAIIiWqitbH3qC-4p5_tm2urgvReC2SbAAIsJwAC4Fz4UDEWTEj1lJ72PQQ,432,main
workbook,level_5,2,2.3,Track 2.3,,audio,CQACAgQAAxkBAAIIpWqitbEjuw6KMdvc8CTa7HDZSzbaAAJIJwAC4Fz4UOmtfFj8rv9qPQQ,64,main
workbook,level_5,2,2.4,Track 2.4,,audio,CQACAgQAAxkBAAIInWqitbGc-OouPmj2jeObpagFW5oYAAJAJwAC4Fz4UL4KHkQ8e48FPQQ,113,main
workbook,level_5,3,3.1,Track 3.1,,audio,CQACAgQAAxkBAAIIjGqitbFeSZM60DtXiE80xIUV2ooqAAIvJwAC4Fz4UA3m3F2nH4iJPQQ,54,main
workbook,level_5,3,3.2,Track 3.2,,audio,CQACAgQAAxkBAAIIe2qitbG4v6132_v7vlPNy0x87DLeAAIeJwAC4Fz4UG99zzB5Xf5qPQQ,156,main
workbook,level_5,3,3.3,Track 3.3,,audio,CQACAgQAAxkBAAIIkGqitbHUGh1caNT7OIa_KBT05j5oAAIzJwAC4Fz4UA2EQXCyVVrYPQQ,64,main
workbook,level_5,3,3.4,Track 3.4,,audio,CQACAgQAAxkBAAIIf2qitbFfbZEHrukYRm379RKV7_jeAAIiJwAC4Fz4UJD4EhakuR3JPQQ,60,main
workbook,level_5,3,3.5,Track 3.5,,audio,CQACAgQAAxkBAAIIm2qitbFvZcJWTSga8W9PlL9nRpYkAAI-JwAC4Fz4UGPd9X4qujpoPQQ,187,main
workbook,level_5,4,4.1,Track 4.1,,audio,CQACAgQAAxkBAAIIgmqitbGB0mPbYB3YHyyrXrHiuUBUAAIlJwAC4Fz4UCeYaRt84a3OPQQ,65,main
workbook,level_5,4,4.2,Track 4.2,,audio,CQACAgQAAxkBAAIIn2qitbGATw9mXkUiNx35Qr5zQ6ILAAJCJwAC4Fz4UHkVHot3QU2TPQQ,125,main
workbook,level_5,4,4.3,Track 4.3,,audio,CQACAgQAAxkBAAIIjmqitbFhOKAJ2hVTzZPGC0Y5wL9oAAIxJwAC4Fz4UJmvT4Cj5B3NPQQ,45,main
workbook,level_5,4,4.4,Track 4.4,,audio,CQACAgQAAxkBAAIIomqitbGis23yP21WJrdh2OlMWr-oAAJFJwAC4Fz4UI0Llxaecj-pPQQ,40,main
workbook,level_5,4,4.5,Track 4.5,,audio,CQACAgQAAxkBAAIIkWqitbEpe49j-8pAp9V-2eO9ErFpAAI0JwAC4Fz4UAUaCeewzdVyPQQ,241,main
workbook,level_5,5,5.1,Track 5.1,,audio,CQACAgQAAxkBAAIIh2qitbGMOgAB_49qkl1tIe0YUXaPWQACKicAAuBc-FB5n3XFUSnDiT0E,47,main
workbook,level_5,5,5.2,Track 5.2,,audio,CQACAgQAAxkBAAIIpGqitbH3olr77MojYwePv5nPz8tOAAJHJwAC4Fz4UNjH0m2cLXxlPQQ,45,main
workbook,level_5,5,5.3,Track 5.3,,audio,CQACAgQAAxkBAAIIk2qitbHJb1SI8hJ-AAH4FtXKmKRPUQACNicAAuBc-FAC2qjy23a_6D0E,172,main
workbook,level_5,5,5.4,Track 5.4,,audio,CQACAgQAAxkBAAIIimqitbENfPWRXhQofGdAYZiAIBHMAAItJwAC4Fz4UKQEAblugcUqPQQ,72,main
workbook,level_5,5,5.5,Track 5.5,,audio,CQACAgQAAxkBAAIIeWqitbGxjq1Tt71bOeo76NpY5scmAAIcJwAC4Fz4UEm65JPOtdHsPQQ,221,main
workbook,level_5,6,6.1,Track 6.1,,audio,CQACAgQAAxkBAAIIlWqitbEpTPJvFWpjwVJ26_K07OaiAAI4JwAC4Fz4UL-NGF1eNjJtPQQ,56,main
workbook,level_5,6,6.2,Track 6.2,,audio,CQACAgQAAxkBAAIIjWqitbGlV0qrCS_XkbOjXkVCkLI4AAIwJwAC4Fz4UBAKpjkgGgujPQQ,163,main
workbook,level_5,6,6.3,Track 6.3,,audio,CQACAgQAAxkBAAIIfGqitbGXfjwtm_Pk2kwohGqFe0w_AAIfJwAC4Fz4UFufMWMYgk3-PQQ,53,main
workbook,level_5,6,6.4,Track 6.4,,audio,CQACAgQAAxkBAAIImGqitbHs8w972XqRt7rVeYRq5s-OAAI7JwAC4Fz4UHqNC5wq5B29PQQ,196,main
workbook,level_5,7,7.1,Track 7.1,,audio,CQACAgQAAxkBAAIIgGqitbGlSJlbld5nXQ73IhhpRJjxAAIjJwAC4Fz4UG8zbISohiEtPQQ,48,main
workbook,level_5,7,7.2,Track 7.2,,audio,CQACAgQAAxkBAAIInGqitbE5c0viJ2Ktz34jA_nlOBGuAAI_JwAC4Fz4UGVbIimeBDN8PQQ,45,main
workbook,level_5,7,7.3,Track 7.3,,audio,CQACAgQAAxkBAAIIi2qitbGJi4aOTUxk9JKrwLWJ9cFSAAIuJwAC4Fz4UKwLdUGXgBgePQQ,263,main
workbook,level_5,7,7.4,Track 7.4,,audio,CQACAgQAAxkBAAIIoGqitbHIpj3hW78euu6qhFgwlIGzAAJDJwAC4Fz4UKuoJfAUXL1APQQ,62,main
workbook,level_5,7,7.5,Track 7.5,,audio,CQACAgQAAxkBAAIIj2qitbFi_GOYlim_opgno959v0uXAAIyJwAC4Fz4UFm2QKi__AkiPQQ,194,main
workbook,level_5,8,8.1,Track 8.1,,audio,CQACAgQAAxkBAAIIfmqitbEhoDaugBXO5RM4OQ_MvwMvAAIhJwAC4Fz4UKT1_hPRalRDPQQ,39,main
workbook,level_5,8,8.2,Track 8.2,,audio,CQACAgQAAxkBAAIIkmqitbH3dKMjgen9ujbCqn1MKRwQAAI1JwAC4Fz4UJvcaSc22ygLPQQ,209,main
workbook,level_5,8,8.3,Track 8.3,,audio,CQACAgQAAxkBAAIIgWqitbGMT8eMgbKqlNhyg541k8iUAAIkJwAC4Fz4UG951aCGe4n3PQQ,79,main
workbook,level_5,8,8.4,Track 8.4,,audio,CQACAgQAAxkBAAIInmqitbHKdXQJ9oLz-rCwzgmtrF8XAAJBJwAC4Fz4UNgDOROyag22PQQ,297,main
workbook,level_5,9,9.1,Track 9.1,,audio,CQACAgQAAxkBAAIIlGqitbEtJGcrtEaWIeQYNVISECv8AAI3JwAC4Fz4UCmz09TbVjF5PQQ,40,main
workbook,level_5,9,9.2,Track 9.2,,audio,CQACAgQAAxkBAAIIg2qitbFY1FGeuC55SW-SCPgki6aFAAImJwAC4Fz4UFbjSyK-eUDXPQQ,166,main
workbook,level_5,9,9.3,Track 9.3,,audio,CQACAgQAAxkBAAIIemqitbGBhp6KrHadhOs21i_gjZuYAAIdJwAC4Fz4UL8hcdzvOfe4PQQ,39,main
workbook,level_5,9,9.4,Track 9.4,,audio,CQACAgQAAxkBAAIIlmqitbEmwgpf2r4QMyKk76x9gMpsAAI5JwAC4Fz4UL6lsMqjf6SuPQQ,157,main
workbook,level_5,10,10.1,Track 10.1,,audio,CQACAgQAAxkBAAIIhWqitbEAAYWtKebmkGTc18BQdlpfHwACKCcAAuBc-FCGD-eNP0z2fD0E,47,main
workbook,level_5,10,10.2,Track 10.2,,audio,CQACAgQAAxkBAAIIfWqitbEj5bdHPHxzbINmxVB8jU2OAAIgJwAC4Fz4UMcupoOj40CEPQQ,243,main
workbook,level_5,10,10.3,Track 10.3,,audio,CQACAgQAAxkBAAIImWqitbHQ1tV11BT9q9VsXURunniTAAI8JwAC4Fz4UOtg_eByldSvPQQ,113,main
workbook,level_5,10,10.4,Track 10.4,,audio,CQACAgQAAxkBAAIIiGqitbH6xZ84Ux9n8kMz65q3aTHdAAIrJwAC4Fz4UAJQAWUFqu4KPQQ,202,main
